sample,GT_change_pixels,GT_change_ratio_percent,available_method_count,best_method_by_F1,primary_method,primary_F1_percent,primary_IoU_percent,primary_Kappa_percent,primary_Error_pixels,primary_rank_by_F1,primary_margin_to_best_F1,primary_margin_to_second_F1,primary_mean_F1_advantage,primary_wins_all_available,recommendation_score,selection_reason,AEGIS-CD_F1_percent,AEGIS-CD_IoU_percent,AEGIS-CD_OA_percent,AEGIS-CD_Kappa_percent,AEGIS-CD_Precision_percent,AEGIS-CD_Recall_percent,AEGIS-CD_Error_pixels,AEGIS-CD_FP,AEGIS-CD_FN,AEGIS-CD_Pred_change_ratio_percent,RS-Mamba_F1_percent,RS-Mamba_IoU_percent,RS-Mamba_OA_percent,RS-Mamba_Kappa_percent,RS-Mamba_Precision_percent,RS-Mamba_Recall_percent,RS-Mamba_Error_pixels,RS-Mamba_FP,RS-Mamba_FN,RS-Mamba_Pred_change_ratio_percent,CDMamba_F1_percent,CDMamba_IoU_percent,CDMamba_OA_percent,CDMamba_Kappa_percent,CDMamba_Precision_percent,CDMamba_Recall_percent,CDMamba_Error_pixels,CDMamba_FP,CDMamba_FN,CDMamba_Pred_change_ratio_percent,ChangeMamba-tiny_F1_percent,ChangeMamba-tiny_IoU_percent,ChangeMamba-tiny_OA_percent,ChangeMamba-tiny_Kappa_percent,ChangeMamba-tiny_Precision_percent,ChangeMamba-tiny_Recall_percent,ChangeMamba-tiny_Error_pixels,ChangeMamba-tiny_FP,ChangeMamba-tiny_FN,ChangeMamba-tiny_Pred_change_ratio_percent,DSIFN_F1_percent,DSIFN_IoU_percent,DSIFN_OA_percent,DSIFN_Kappa_percent,DSIFN_Precision_percent,DSIFN_Recall_percent,DSIFN_Error_pixels,DSIFN_FP,DSIFN_FN,DSIFN_Pred_change_ratio_percent,SNUNet_F1_percent,SNUNet_IoU_percent,SNUNet_OA_percent,SNUNet_Kappa_percent,SNUNet_Precision_percent,SNUNet_Recall_percent,SNUNet_Error_pixels,SNUNet_FP,SNUNet_FN,SNUNet_Pred_change_ratio_percent,Change3D_F1_percent,Change3D_IoU_percent,Change3D_OA_percent,Change3D_Kappa_percent,Change3D_Precision_percent,Change3D_Recall_percent,Change3D_Error_pixels,Change3D_FP,Change3D_FN,Change3D_Pred_change_ratio_percent,BIT_F1_percent,BIT_IoU_percent,BIT_OA_percent,BIT_Kappa_percent,BIT_Precision_percent,BIT_Recall_percent,BIT_Error_pixels,BIT_FP,BIT_FN,BIT_Pred_change_ratio_percent,ELGC-Net_F1_percent,ELGC-Net_IoU_percent,ELGC-Net_OA_percent,ELGC-Net_Kappa_percent,ELGC-Net_Precision_percent,ELGC-Net_Recall_percent,ELGC-Net_Error_pixels,ELGC-Net_FP,ELGC-Net_FN,ELGC-Net_Pred_change_ratio_percent,BiFA_F1_percent,BiFA_IoU_percent,BiFA_OA_percent,BiFA_Kappa_percent,BiFA_Precision_percent,BiFA_Recall_percent,BiFA_Error_pixels,BiFA_FP,BiFA_FN,BiFA_Pred_change_ratio_percent,MaskCD_F1_percent,MaskCD_IoU_percent,MaskCD_OA_percent,MaskCD_Kappa_percent,MaskCD_Precision_percent,MaskCD_Recall_percent,MaskCD_Error_pixels,MaskCD_FP,MaskCD_FN,MaskCD_Pred_change_ratio_percent,ChangeRD_F1_percent,ChangeRD_IoU_percent,ChangeRD_OA_percent,ChangeRD_Kappa_percent,ChangeRD_Precision_percent,ChangeRD_Recall_percent,ChangeRD_Error_pixels,ChangeRD_FP,ChangeRD_FN,ChangeRD_Pred_change_ratio_percent,CAIFNet_F1_percent,CAIFNet_IoU_percent,CAIFNet_OA_percent,CAIFNet_Kappa_percent,CAIFNet_Precision_percent,CAIFNet_Recall_percent,CAIFNet_Error_pixels,CAIFNet_FP,CAIFNet_FN,CAIFNet_Pred_change_ratio_percent,WDMF-Net_F1_percent,WDMF-Net_IoU_percent,WDMF-Net_OA_percent,WDMF-Net_Kappa_percent,WDMF-Net_Precision_percent,WDMF-Net_Recall_percent,WDMF-Net_Error_pixels,WDMF-Net_FP,WDMF-Net_FN,WDMF-Net_Pred_change_ratio_percent,MambaFedCD_F1_percent,MambaFedCD_IoU_percent,MambaFedCD_OA_percent,MambaFedCD_Kappa_percent,MambaFedCD_Precision_percent,MambaFedCD_Recall_percent,MambaFedCD_Error_pixels,MambaFedCD_FP,MambaFedCD_FN,MambaFedCD_Pred_change_ratio_percent
whucd_00272.png,651,0.993347,15,AEGIS-CD,AEGIS-CD,95.27439,90.975255,95.226613,62,1,0.0,3.783368,67.998619,True,103.640793,primary_best_F1;clear_margin_ge_2pct;has_change_gt,95.27439,90.975255,99.905396,95.226613,94.553707,96.006144,62,36,26,1.008606,73.175355,57.698057,99.568176,72.969714,95.544554,59.293395,283,18,265,0.616455,38.366337,23.7366,99.240112,38.127491,98.726115,23.809524,498,2,496,0.239563,0.0,0.0,99.006653,0.0,0.0,0.0,651,0,651,0.0,0.0,0.0,99.006653,0.0,0.0,0.0,651,0,651,0.0,0.0,0.0,98.768616,-0.385526,0.0,0.0,807,156,651,0.238037,89.122807,80.379747,99.763489,89.004152,82.041344,97.542243,155,139,16,1.18103,55.32382,38.239757,99.378967,55.06906,96.923077,38.709677,407,8,399,0.396729,0.0,0.0,99.006653,0.0,0.0,0.0,651,0,651,0.0,12.391931,6.605223,99.072266,12.283957,100.0,6.605223,608,0,608,0.065613,91.491023,84.316547,99.833679,91.407064,93.015873,90.015361,109,44,65,0.961304,0.0,0.0,99.006653,0.0,0.0,0.0,651,0,651,0.0,0.0,0.0,99.006653,0.0,0.0,0.0,651,0,651,0.0,0.0,0.0,99.006653,0.0,0.0,0.0,651,0,651,0.0,21.989529,12.352941,99.090576,21.759625,74.336283,12.903226,596,29,567,0.172424
whucd_01216.png,65536,100.0,15,AEGIS-CD,AEGIS-CD,100.0,100.0,100.0,0,1,0.0,0.0,1.093058,True,100.0,primary_best_F1;has_change_gt;low_false_alarm_tendency,100.0,100.0,100.0,100.0,100.0,100.0,0,0,0,100.0,96.507671,93.251038,93.251038,0.0,100.0,93.251038,4423,0,4423,93.251038,99.719215,99.440002,99.440002,0.0,100.0,99.440002,367,0,367,99.440002,89.735932,81.382751,81.382751,0.0,100.0,81.382751,12201,0,12201,81.382751,99.686213,99.37439,99.37439,0.0,100.0,99.37439,410,0,410,99.37439,100.0,100.0,100.0,100.0,100.0,100.0,0,0,0,100.0,99.496224,98.997498,98.997498,0.0,100.0,98.997498,657,0,657,98.997498,99.996185,99.992371,99.992371,0.0,100.0,99.992371,5,0,5,99.992371,100.0,100.0,100.0,100.0,100.0,100.0,0,0,0,100.0,100.0,100.0,100.0,100.0,100.0,100.0,0,0,0,100.0,100.0,100.0,100.0,100.0,100.0,100.0,0,0,0,100.0,100.0,100.0,100.0,100.0,100.0,100.0,0,0,0,100.0,99.581693,99.16687,99.16687,0.0,100.0,99.16687,546,0,546,99.16687,99.993133,99.986267,99.986267,0.0,100.0,99.986267,9,0,9,99.986267,99.980923,99.961853,99.961853,0.0,100.0,99.961853,25,0,25,99.961853
whucd_01472.png,20072,30.627441,15,AEGIS-CD,AEGIS-CD,99.26942,98.549438,98.945741,294,1,0.0,0.224494,1.613845,True,99.718409,primary_best_F1;has_change_gt,99.26942,98.549438,99.551392,98.945741,99.02826,99.511758,294,196,98,30.776978,98.851542,97.729164,99.291992,98.339826,98.224299,99.486847,464,361,103,31.021118,96.131324,92.550832,97.540283,94.331806,92.739396,99.780789,1612,1568,44,32.952881,98.644344,97.324952,99.162292,98.038283,97.791922,99.511758,549,451,98,31.166077,98.253297,96.566566,98.94104,97.493616,99.282808,97.244918,694,141,553,29.998779,98.000796,96.079961,98.773193,97.115883,97.825655,98.176564,804,438,366,30.737305,98.601486,97.241549,99.147034,97.987898,99.030102,98.176564,559,193,366,30.363464,97.572577,95.26021,98.48938,96.476478,96.065083,99.128139,990,815,175,31.604004,91.161798,83.759008,94.944763,87.646673,98.122093,85.123555,3313,327,2986,26.570129,98.184677,96.434086,98.872375,97.367092,96.840626,99.56656,739,652,87,31.489563,98.720056,97.472463,99.215698,98.154686,98.685652,98.754484,514,264,250,30.648804,98.344006,96.741966,98.989868,97.617319,98.759043,97.932443,662,247,415,30.371094,97.693471,95.490944,98.556519,96.643724,95.664215,99.810682,946,908,38,31.954956,99.044926,98.107922,99.412537,98.620745,98.636296,99.456955,385,276,109,30.882263,97.973754,96.027991,98.770142,97.091,98.883589,97.08051,806,220,586,30.06897
whucd_00711.png,6720,10.253906,15,AEGIS-CD,AEGIS-CD,98.815415,97.658566,98.681223,158,1,0.0,0.074785,1.436134,True,99.702289,primary_best_F1;has_change_gt;low_false_alarm_tendency,98.815415,97.658566,99.758911,98.681223,99.576911,98.065476,158,28,130,10.098267,97.879405,95.846881,99.571228,97.640962,99.295667,96.502976,281,46,235,9.965515,98.466121,96.978586,99.685669,98.291013,98.539493,98.392857,206,98,108,10.238647,98.74063,97.512585,99.743652,98.597942,99.486405,98.005952,168,34,134,10.101318,97.561717,95.239508,99.510193,97.2896,99.643134,95.565476,321,23,298,9.83429,98.546599,97.13484,99.703979,98.381815,99.230537,97.872024,194,51,143,10.113525,98.647041,97.330204,99.72229,98.492306,98.559121,98.735119,182,97,85,10.272217,88.897796,80.01443,97.463989,87.483154,80.654545,99.017857,1662,1596,66,12.588501,94.860735,90.223891,98.927307,94.262096,93.231786,96.547619,703,471,232,10.618591,98.435855,96.919887,99.682617,98.259268,99.498328,97.395833,208,33,175,10.037231,98.548763,97.139045,99.705505,98.384909,99.604803,97.514881,193,26,167,10.038757,97.914942,95.915057,99.577332,97.679807,99.07083,96.785714,277,61,216,10.017395,98.516678,97.076718,99.699402,98.349459,99.71041,97.35119,197,19,178,10.011292,98.427744,96.904162,99.681091,98.250317,99.528374,97.35119,209,31,178,10.029602,97.8659,95.820984,99.569702,97.626707,99.568833,96.220238,282,28,254,9.909058
whucd_06823.png,20411,31.144714,15,AEGIS-CD,AEGIS-CD,99.507486,99.019799,99.284798,201,1,0.0,0.051337,2.6801,True,99.610159,primary_best_F1;has_change_gt;low_false_alarm_tendency,99.507486,99.019799,99.693298,99.284798,99.534314,99.480672,201,95,106,31.12793,99.33995,98.688556,99.588013,99.040504,99.136375,99.544363,270,177,93,31.272888,98.647417,97.330935,99.162292,98.040702,99.216969,98.084366,549,158,391,30.789185,99.398033,98.803269,99.624634,99.125324,99.291127,99.505169,246,145,101,31.211853,98.670447,97.375784,99.169922,98.067053,98.444282,98.897653,544,319,225,31.288147,73.139975,57.654076,77.249146,55.687029,57.836406,99.456176,14910,14799,111,53.556824,99.456149,98.918181,99.661255,99.210171,99.461022,99.451276,222,110,112,31.141663,93.176904,87.225429,95.474243,89.8099,87.826879,99.221008,2966,2807,159,35.185242,99.440875,98.887968,99.6521,99.188367,99.548289,99.333693,228,92,136,31.077576,98.82434,97.676002,99.27063,98.295673,99.224576,98.427319,478,157,321,30.89447,99.320229,98.649637,99.577332,99.013553,99.498476,99.142619,277,102,175,31.033325,99.301111,98.611923,99.565125,98.985472,99.405931,99.196512,285,121,164,31.079102,99.407216,98.821418,99.629211,99.137459,98.994267,99.823625,243,207,36,31.40564,98.035624,96.146936,98.756409,97.126197,96.484486,99.63745,815,741,74,32.162476,99.425133,98.856837,99.641418,99.164581,99.286691,99.563961,235,146,89,31.231689
whucd_02060.png,941,1.435852,15,AEGIS-CD,AEGIS-CD,97.297297,94.736842,97.257819,51,1,0.0,0.533205,13.002985,True,99.185501,primary_best_F1;has_change_gt,97.297297,94.736842,99.92218,97.257819,97.040169,97.555792,51,28,23,1.443481,95.124481,90.702275,99.856567,95.051736,92.907801,97.449522,94,70,24,1.506042,83.455882,71.608833,99.450684,83.18177,73.522267,96.493092,360,327,33,1.88446,96.555379,93.340164,99.900818,96.505064,96.300211,96.811902,65,35,30,1.443481,95.321959,91.06204,99.8703,95.256283,98.858447,92.029756,85,10,75,1.33667,90.818859,83.181818,99.717712,90.676145,85.195531,97.236982,185,159,26,1.638794,95.316521,91.052114,99.861145,95.246119,92.41517,98.405951,91,76,15,1.528931,85.973764,75.39823,99.575806,85.758967,81.84438,90.541977,278,189,89,1.58844,0.0,0.0,98.564148,0.0,0.0,0.0,941,0,941,0.0,93.408278,87.631831,99.803162,93.308516,89.96063,97.130712,129,102,27,1.550293,94.387755,89.371981,99.832153,94.302695,90.77527,98.299681,110,94,16,1.554871,61.326958,44.224138,99.012756,60.834856,70.081967,54.516472,647,219,428,1.116943,95.854922,92.039801,99.87793,95.793014,93.528817,98.299681,80,64,16,1.509094,96.764092,93.731041,99.905396,96.716103,95.076923,98.512221,62,48,14,1.487732,95.811518,91.959799,99.87793,95.749594,94.427245,97.236982,80,54,26,1.478577
whucd_03849.png,15899,24.259949,15,AEGIS-CD,AEGIS-CD,98.513975,97.071469,98.041365,470,1,0.0,0.144686,1.431142,True,98.840349,primary_best_F1;has_change_gt;low_false_alarm_tendency,98.513975,97.071469,99.282837,98.041365,99.046348,97.987295,470,150,320,24.000549,98.311623,96.679311,99.185181,97.774657,98.842902,97.786024,534,182,352,24.000549,90.292336,82.30267,94.91272,86.871175,84.060721,97.521857,3334,2940,394,28.144836,98.369289,96.79091,99.215698,97.853029,99.244607,97.509277,514,118,396,23.835754,97.610724,95.332957,98.86322,96.865295,99.581207,95.716712,745,64,681,23.318481,97.266486,94.678438,98.675537,96.392528,97.401451,97.131895,868,412,456,24.19281,97.963673,96.008623,99.01123,97.310777,97.889845,98.037612,648,336,312,24.29657,97.068814,94.304571,98.577881,96.130017,97.07492,97.062708,932,465,467,24.256897,97.884815,95.857258,98.976135,97.209424,98.116785,97.65394,671,298,373,24.145508,98.079726,96.231812,99.075317,97.470813,98.831343,97.339455,606,183,423,23.893738,97.999307,96.077099,99.031067,97.360046,98.181818,97.817473,635,288,347,24.169922,97.686473,95.477573,98.883057,96.950316,98.176736,97.201082,732,287,445,24.01886,97.9032,95.892526,98.985291,97.233903,98.160091,97.647651,665,291,374,24.133301,98.168243,96.402386,99.116516,97.586145,98.758752,97.584754,579,195,384,23.971558,94.554952,89.672254,97.264099,92.730903,91.41515,97.918108,1793,1462,331,25.985718
whucd_04492.png,7947,12.12616,15,AEGIS-CD,AEGIS-CD,97.870464,95.829735,97.577062,338,1,0.0,0.107331,0.967769,True,98.728817,primary_best_F1;has_change_gt;low_false_alarm_tendency,97.870464,95.829735,99.484253,97.577062,98.006309,97.734994,338,158,180,12.09259,97.276654,94.697708,99.336243,96.898729,96.797907,97.760161,435,257,178,12.246704,97.667987,95.44226,99.433899,97.345835,97.575986,97.760161,371,193,178,12.149048,97.681764,95.468576,99.440002,97.363306,98.072045,97.294577,367,152,215,12.030029,97.763133,95.624148,99.461365,97.456969,98.468215,97.068076,353,120,233,11.953735,96.598379,93.420565,99.186707,96.136627,98.005698,95.230905,533,154,379,11.782837,97.67237,95.450633,99.435425,97.351123,97.660083,97.684661,370,186,184,12.129211,90.789627,83.132787,97.583008,89.407812,84.390877,98.238329,1584,1444,140,14.115906,96.223033,92.720991,99.067688,95.691428,94.568651,97.936328,611,447,164,12.557983,97.026115,94.224002,99.273682,96.612463,96.351905,97.709828,476,294,182,12.297058,97.667712,95.441735,99.432373,97.344581,97.326003,98.011828,372,214,158,12.211609,97.728553,95.558003,99.446106,97.413161,97.199403,98.263496,363,225,138,12.258911,97.559149,95.234613,99.403381,97.219329,96.803766,98.326412,391,258,133,12.316895,97.69342,95.490847,99.440002,97.374736,97.589151,97.797911,367,192,175,12.1521,97.289837,94.722697,99.34082,96.914619,97.009884,97.571411,432,239,193,12.19635
whucd_03122.png,2132,3.253174,15,AEGIS-CD,AEGIS-CD,96.384987,93.022222,96.261143,157,1,0.0,0.63493,28.967373,True,98.567506,primary_best_F1;has_change_gt,96.384987,93.022222,99.760437,96.261143,94.663048,98.170732,157,118,39,3.373718,94.350282,89.304813,99.633789,94.161047,94.706994,93.996248,240,112,128,3.22876,0.0,0.0,96.746826,0.0,0.0,0.0,2132,0,2132,0.0,95.266138,90.960208,99.681091,95.101325,92.115637,98.639775,209,180,29,3.483582,95.021794,90.515734,99.668884,94.850625,92.995061,97.138837,217,156,61,3.398132,1.026598,0.515947,96.763611,0.993533,100.0,0.515947,2121,0,2121,0.016785,94.894486,90.284974,99.656677,94.717046,91.912088,98.076923,225,184,41,3.471375,77.539703,63.318238,98.640442,76.842758,83.814714,72.138837,891,297,594,2.799988,89.446721,80.908248,99.371338,89.125579,98.532731,81.894934,412,26,386,2.703857,92.282884,85.671514,99.488831,92.018631,90.674513,93.949343,335,206,129,3.370667,90.726066,83.026264,99.339294,90.386182,83.48443,99.34334,433,419,14,3.871155,24.686315,14.081225,96.061707,22.787957,32.664093,19.840525,2581,872,1709,1.976013,92.855563,86.663914,99.507141,92.601184,87.86103,98.452158,323,290,33,3.645325,95.750057,91.846628,99.717712,95.604128,93.831607,97.748593,185,137,48,3.388977,0.0,0.0,96.746826,0.0,0.0,0.0,2132,0,2132,0.0
whucd_04744.png,26700,40.740967,15,AEGIS-CD,AEGIS-CD,98.442309,96.932402,97.375315,830,1,0.0,0.037554,0.590299,True,98.517416,primary_best_F1;has_change_gt;low_false_alarm_tendency,98.442309,96.932402,98.733521,97.375315,98.657087,98.228464,830,357,473,40.563965,97.468827,95.062627,97.930908,95.71918,97.156892,97.782772,1356,764,592,41.003418,98.078508,96.229466,98.434448,96.757636,98.085856,98.071161,1026,511,515,40.734863,98.214824,96.492267,98.553467,96.999004,98.765339,97.670412,948,326,622,40.289307,98.404756,96.859608,98.706055,97.316414,98.854789,97.958801,848,303,545,40.371704,97.676418,95.458365,98.103333,96.074148,97.503266,97.850187,1243,669,574,40.885925,97.924771,95.933922,98.298645,96.483232,97.328795,98.52809,1115,722,393,41.242981,96.52097,93.275874,97.119141,94.063838,95.001451,98.089888,1888,1378,510,42.06543,97.257183,94.660811,97.755432,95.357732,96.840073,97.677903,1471,851,620,41.093445,97.818798,95.730718,98.233032,96.333925,98.393331,97.250936,1158,424,734,40.267944,98.234597,96.530446,98.5672,97.028975,98.625845,97.846442,939,364,575,40.419006,97.580991,95.27625,98.020935,95.906517,97.187651,97.977528,1297,757,540,41.072083,98.311992,96.680025,98.622131,97.147993,98.137712,98.486891,903,499,404,40.885925,98.312593,96.681187,98.628235,97.157002,98.540091,98.086142,899,388,511,40.553284,98.122912,96.314994,98.474121,96.837544,98.355535,97.891386,1000,437,563,40.548706
whucd_05359.png,26477,40.400696,15,AEGIS-CD,AEGIS-CD,97.959107,95.999852,96.572926,1082,1,0.0,0.227663,1.540915,True,98.414432,primary_best_F1;has_change_gt,97.959107,95.999852,98.348999,96.572926,97.844681,98.0738,1082,572,510,40.4953,97.380412,94.894566,97.868347,95.583616,96.700432,98.070023,1397,886,511,40.9729,96.945988,94.072987,97.53418,94.878383,97.019329,96.872757,1616,788,828,40.339661,97.560607,95.237393,98.03009,95.908635,97.617787,97.503494,1291,630,661,40.353394,97.128995,94.418242,97.706604,95.220142,98.260802,96.022963,1503,450,1053,39.480591,94.209547,89.052976,95.204163,90.120887,91.964607,96.566832,3143,2234,909,42.422485,97.587416,95.288501,98.057556,95.961798,97.938223,97.239113,1273,542,731,40.112305,92.27425,85.656632,93.383789,86.521106,87.341046,97.798089,4336,3753,583,45.237732,93.13383,87.149964,94.482422,88.522289,93.649521,92.623787,3616,1663,1953,39.958191,97.449472,95.025811,97.941589,95.723992,97.565685,97.333535,1349,643,706,40.304565,97.731444,95.563531,98.170471,96.198578,97.918562,97.545039,1199,549,650,40.246582,97.123725,94.408284,97.692871,95.197882,97.842168,96.415757,1512,563,949,39.811707,97.438797,95.005513,97.926331,95.696747,97.242702,97.635684,1359,733,626,40.563965,97.456972,95.040076,97.941589,95.728048,97.286413,97.62813,1349,721,628,40.542603,96.433224,93.112124,97.117615,94.014871,96.42048,96.445972,1889,948,941,40.411377
whucd_04613.png,21170,32.302856,15,AEGIS-CD,AEGIS-CD,98.154493,96.37587,97.274523,781,1,0.0,0.08184,0.491475,True,98.318173,primary_best_F1;has_change_gt;low_false_alarm_tendency,98.154493,96.37587,98.808289,97.274523,98.203225,98.10581,781,380,401,32.270813,97.87324,95.835059,98.61908,96.850899,97.385774,98.365612,905,559,346,32.627869,97.991093,96.06131,98.706055,97.036795,98.289136,97.694851,848,360,488,32.107544,98.072653,96.218195,98.754883,97.153051,98.077286,98.068021,816,407,409,32.299805,97.748905,95.596928,98.556519,96.686645,98.489498,97.019367,946,315,631,31.820679,98.068822,96.21082,98.754883,97.150095,98.268829,97.869627,816,365,451,32.171631,98.051214,96.176932,98.736572,97.116525,97.710855,98.393954,828,488,340,32.528687,96.391466,93.034291,97.625732,94.623181,94.678815,98.167218,1556,1168,388,33.493042,96.428826,93.103922,97.703552,94.736519,96.881705,95.980161,1505,654,851,32.002258,97.704918,95.512821,98.526001,96.619362,98.288719,97.128011,966,358,608,31.921387,98.022746,96.122166,98.721313,97.077883,97.925702,98.119981,838,440,398,32.366943,97.445247,95.017777,98.353577,96.230674,97.688108,97.20359,1079,487,592,32.142639,97.86614,95.821445,98.614502,96.840421,97.380975,98.356164,908,560,348,32.626343,98.068008,96.209253,98.747253,97.141149,97.711606,98.427019,821,488,333,32.539368,97.548973,95.215223,98.419189,96.382364,97.715423,97.383089,1036,482,554,32.192993
whucd_04864.png,22007,33.580017,15,AEGIS-CD,AEGIS-CD,98.137977,96.344028,97.20101,817,1,0.0,0.079128,0.66235,True,98.296232,primary_best_F1;has_change_gt;low_false_alarm_tendency,98.137977,96.344028,98.753357,97.20101,98.445359,97.832508,817,340,477,33.370972,97.414539,94.9594,98.266602,96.110805,97.58333,97.246331,1136,530,606,33.46405,97.602154,95.316608,98.396301,96.397476,98.011364,97.196347,1051,434,617,33.300781,98.058849,96.191624,98.698425,97.079845,98.217542,97.900668,853,391,462,33.47168,96.987366,94.150943,98.013306,95.506112,98.807223,95.233335,1302,253,1049,32.365417,97.721037,95.543632,98.466492,96.565512,97.533044,97.909756,1005,545,460,33.709717,97.341194,94.820112,98.231506,96.016522,98.295033,96.405689,1159,368,791,32.93457,96.979211,94.135574,97.944641,95.422039,95.740347,98.250557,1347,962,385,34.460449,97.216546,94.583849,98.129272,95.807773,97.145969,97.287227,1226,629,597,33.628845,97.385531,94.904288,98.257446,96.07889,98.135929,96.646522,1142,404,738,33.070374,97.936432,95.956309,98.616028,96.89533,98.072542,97.8007,907,423,484,33.486938,97.130556,94.421193,98.088074,95.697136,97.908587,96.364793,1253,453,800,33.050537,97.214555,94.580078,98.136902,95.814954,97.613157,96.819194,1221,521,700,33.306885,97.87738,95.842997,98.577881,96.808141,98.114241,97.641659,932,413,519,33.418274,97.793417,95.682111,98.516846,96.676459,97.71356,97.873404,972,504,468,33.634949
whucd_04349.png,14893,22.724915,15,AEGIS-CD,AEGIS-CD,97.449099,95.025103,96.694873,763,1,0.0,0.340787,1.835573,True,98.244427,primary_best_F1;has_change_gt,97.449099,95.025103,98.835754,96.694873,97.043548,97.858054,763,444,319,22.915649,96.532079,93.296626,98.402405,95.494465,95.254282,97.844625,1047,726,321,23.342896,96.202023,92.681982,98.269653,95.081633,95.970598,96.434567,1134,603,531,22.834778,96.976453,94.130378,98.634338,96.094473,97.586348,96.374135,895,355,540,22.442627,96.697124,93.605451,98.510742,95.735835,97.475609,95.930974,976,370,606,22.364807,89.417778,80.860898,94.755554,85.963518,82.571364,97.502182,3437,3065,372,26.834106,96.245666,92.763032,98.265076,95.117943,94.685551,97.858054,1137,818,319,23.486328,92.407425,85.886433,96.336365,90.003848,87.33413,98.106493,2401,2119,282,25.527954,94.459825,89.501296,97.465515,92.816841,93.849417,95.078225,1661,928,733,23.022461,95.989659,92.288573,98.153687,94.790707,94.777145,97.2336,1210,798,412,23.313904,97.108312,94.379162,98.686218,96.258337,97.144201,97.07245,861,425,436,22.70813,96.067956,92.433433,98.191833,94.89414,94.961952,97.200027,1185,768,417,23.260498,97.001822,94.178192,98.61908,96.104982,95.736333,98.301215,905,652,253,23.33374,96.952426,94.085112,98.612976,96.054606,96.819338,97.085879,909,475,434,22.787476,96.530809,93.294254,98.41156,95.500852,95.825063,97.247029,1041,631,410,23.062134
whucd_04097.png,8028,12.249756,15,AEGIS-CD,AEGIS-CD,97.320379,94.780617,96.943589,433,1,0.0,0.122502,0.584212,True,98.202895,primary_best_F1;has_change_gt,97.320379,94.780617,99.339294,96.943589,96.703972,97.944694,433,268,165,12.406921,96.845484,93.883902,99.220276,96.400685,95.998042,97.708022,511,327,184,12.467957,96.47539,93.190778,99.130249,95.979335,95.78831,97.172397,570,343,227,12.426758,97.095591,94.355131,99.287415,96.68948,96.9569,97.234679,467,245,222,12.284851,96.508527,93.252637,99.14093,96.018746,96.09732,96.923269,563,316,247,12.355042,96.437202,93.119541,99.12262,95.936925,95.94378,96.935725,575,329,246,12.376404,97.197877,94.548511,99.307251,96.802684,96.329826,98.081714,454,300,154,12.472534,96.086798,92.468325,99.020386,95.527202,94.079733,98.181365,642,496,146,12.783813,96.772206,93.74627,99.200439,96.315974,95.722642,97.845042,524,351,173,12.521362,96.691954,93.595763,99.188232,96.229306,96.535883,96.84853,532,279,253,12.289429,96.8918,93.970994,99.232483,96.454017,96.137339,97.658196,503,315,188,12.443542,96.66728,93.549537,99.171448,96.194312,95.281307,98.09417,543,390,153,12.611389,96.844181,93.881453,99.21875,96.398429,95.851635,97.857499,512,340,172,12.506104,97.165742,94.487717,99.298096,96.765245,96.135089,98.218734,460,317,143,12.515259,96.626298,93.472803,99.16687,96.151086,95.868073,97.396612,546,337,209,12.445068
whucd_06395.png,14960,22.827148,15,AEGIS-CD,AEGIS-CD,97.960544,96.002613,97.354994,612,1,0.0,0.050314,1.491506,True,98.169815,primary_best_F1;has_change_gt,97.960544,96.002613,99.066162,97.354994,97.67411,98.248663,612,350,262,22.961426,96.931203,94.045148,98.599243,96.023712,96.950649,96.911765,918,456,462,22.817993,96.780935,93.762654,98.542786,95.839255,97.613381,95.962567,955,351,604,22.441101,97.91023,95.906014,99.040222,97.287319,97.331396,98.495989,629,404,225,23.100281,97.440733,95.009194,98.840332,96.691104,98.181325,96.71123,760,268,492,22.485352,97.053124,94.274958,98.654175,96.181083,97.020708,97.085561,882,446,436,22.842407,96.938844,94.059535,98.605347,96.035812,97.140556,96.737968,914,426,488,22.732544,94.670907,89.881062,97.494507,93.034959,92.007318,97.493316,1642,1267,375,24.188232,96.405849,93.061093,98.353577,95.338087,96.082597,96.731283,1079,590,489,22.981262,97.004701,94.18362,98.638916,96.124104,97.462888,96.550802,892,376,516,22.613525,97.789285,95.674201,98.983765,97.129566,97.125148,98.462567,666,436,230,23.141479,90.510434,82.665808,95.892334,87.899314,95.748807,85.815508,2692,570,2122,20.458984,96.731328,93.669576,98.506165,95.763182,96.631312,96.831551,979,505,474,22.874451,97.615643,95.342341,98.905945,96.905772,97.12792,98.108289,717,434,283,23.057556,96.783311,93.767114,98.54126,95.840119,97.439024,96.136364,956,378,578,22.521973
whucd_05640.png,10279,15.684509,15,AEGIS-CD,AEGIS-CD,97.536225,95.190934,97.079526,505,1,0.0,0.047807,0.554242,True,98.097614,primary_best_F1;has_change_gt;low_false_alarm_tendency,97.536225,95.190934,99.229431,97.079526,97.827363,97.246814,505,222,283,15.591431,96.48971,93.217504,98.886108,95.827837,95.397927,97.606771,730,484,246,16.047668,97.274143,94.692949,99.145508,96.767485,97.340477,97.2079,560,273,287,15.663147,97.334178,94.806798,99.165344,96.839395,97.519531,97.149528,547,254,293,15.625,97.131329,94.422654,99.110413,96.604997,98.267622,96.021014,583,174,409,15.325928,96.834951,93.864107,99.005127,96.24476,96.637923,97.032785,652,347,305,15.748596,97.314191,94.76888,99.160767,96.816885,97.695853,96.9355,550,235,315,15.562439,96.488286,93.214848,98.881531,95.823306,95.053804,97.966728,733,524,209,16.165161,96.55073,93.331476,98.904419,95.899637,95.368701,97.762428,718,488,230,16.078186,96.80463,93.807145,98.997498,96.210119,96.790508,96.818757,657,330,327,15.689087,97.488417,95.099905,99.214172,97.02264,97.741052,97.237085,515,231,284,15.603638,96.540011,93.311445,98.912048,95.894562,96.310999,96.770114,713,381,332,15.759277,97.432905,94.994312,99.194336,96.955095,97.385557,97.4803,528,269,259,15.699768,97.226277,94.602273,99.130249,96.710543,97.264142,97.188442,570,281,289,15.672302,96.838002,93.86984,99.009705,96.250924,96.993949,96.682557,649,308,341,15.634155
whucd_06249.png,20361,31.06842,15,AEGIS-CD,AEGIS-CD,97.824076,95.740829,96.830702,894,1,0.0,0.067799,0.990318,True,97.959673,primary_best_F1;has_change_gt,97.824076,95.740829,98.635864,96.830702,96.965018,98.698492,894,629,265,31.62384,97.593083,95.299307,98.487854,96.490927,96.535653,98.673935,991,721,270,31.756592,95.945552,92.207064,97.454834,94.091096,94.980509,96.930406,1668,1043,625,31.706238,97.657387,95.422018,98.526001,96.582338,96.45509,98.890035,966,740,226,31.852722,97.049773,94.268634,98.156738,95.709485,96.521739,97.583616,1208,716,492,31.410217,94.149224,88.945238,96.208191,91.351499,90.421491,98.197535,2485,2118,367,33.740234,97.697152,95.49798,98.554993,96.644479,96.753685,98.659201,947,674,273,31.680298,96.297891,92.860108,97.637939,94.565329,93.847014,98.880212,1548,1320,228,32.73468,96.239625,92.751809,97.615051,94.494444,94.326542,98.231914,1563,1203,360,32.354736,96.746277,93.697617,97.946167,95.246321,95.258723,98.281027,1346,996,350,32.054138,97.756278,95.611032,98.591614,96.730133,96.779938,98.752517,923,669,254,31.70166,96.618964,93.459078,97.862244,95.056639,94.980072,98.315407,1401,1058,343,32.159424,97.71096,95.524369,98.55957,96.660352,96.498874,98.953882,944,731,213,31.858826,97.708885,95.520403,98.561096,96.660266,96.682373,98.757428,943,690,253,31.735229,96.501564,93.239635,97.798157,94.895486,95.28871,97.74569,1443,984,459,31.869507
whucd_07164.png,28278,43.148804,15,AEGIS-CD,AEGIS-CD,97.57075,95.256725,95.736184,1370,1,0.0,0.060865,2.299396,True,97.692479,primary_best_F1;has_change_gt;low_false_alarm_tendency,97.57075,95.256725,97.909546,95.736184,97.848353,97.294717,1370,605,765,42.904663,95.717464,91.786667,96.240234,92.368456,94.11443,97.376052,2464,1722,742,44.644165,93.589834,87.951966,94.42749,88.661823,92.91141,94.278237,3652,2034,1618,43.783569,97.128699,94.417683,97.506714,94.925623,96.53161,97.73322,1634,993,641,43.685913,96.536037,93.30402,97.04895,93.966348,97.804312,95.300233,1934,605,1329,42.044067,89.963015,81.75707,91.593933,82.743428,92.784396,87.308155,5509,1920,3589,40.602112,97.464171,95.053771,97.810364,95.537559,97.407368,97.521041,1435,734,701,43.199158,94.190198,89.018405,94.810486,89.511012,91.104061,97.492751,3401,2692,709,46.174622,91.441646,84.232712,92.523193,84.80545,90.340282,92.570196,4900,2799,2101,44.213867,96.947992,94.076762,97.360229,94.622369,96.729564,97.167409,1730,929,801,43.344116,97.40145,94.934528,97.756958,95.428348,97.37735,97.425561,1470,742,728,43.170166,94.350322,89.304883,95.013428,89.891507,92.295204,96.499045,3268,2278,990,45.114136,97.269048,94.683293,97.631836,95.178673,96.802326,97.740293,1552,913,639,43.566895,97.509885,95.14077,97.83783,95.599459,96.915499,98.111606,1417,883,534,43.681335,94.28919,89.19541,94.914246,89.713079,91.457537,97.301789,3333,2570,763,45.906067
whucd_04470.png,14163,21.611023,15,AEGIS-CD,AEGIS-CD,97.217069,94.584838,96.460219,780,1,0.0,0.095329,0.634318,True,97.577175,primary_best_F1;has_change_gt;low_false_alarm_tendency,97.217069,94.584838,98.809814,96.460219,98.26181,96.194309,780,241,539,21.156311,96.856505,93.904618,98.646545,95.994142,97.232105,96.483796,887,389,498,21.444702,96.679124,93.571724,98.576355,95.773175,97.48062,95.890701,933,351,582,21.258545,97.12174,94.404532,98.764038,96.33484,97.760927,96.490856,810,313,497,21.330261,96.819,93.834135,98.651123,95.963495,98.723123,94.986938,884,174,710,20.793152,96.685771,93.584178,98.579407,95.781802,97.501436,95.88364,931,348,583,21.252441,95.502591,91.392305,98.013306,94.228405,93.487523,97.606439,1302,963,339,22.563171,95.769015,91.881521,98.15979,94.593268,95.174674,96.370825,1206,692,514,21.882629,96.138291,92.563749,98.353577,95.092302,97.481492,94.831603,1079,347,732,21.02356,96.702826,93.616139,98.590088,95.806289,97.756295,95.671821,924,311,613,21.150208,96.804204,93.806345,98.626709,95.929691,97.371241,96.243734,900,368,532,21.360779,96.32188,92.904732,98.423767,95.318935,97.155581,95.502365,1033,396,637,21.243286,97.067781,94.302622,98.736572,96.26261,97.371226,96.766222,828,370,458,21.476746,96.975499,94.128579,98.698425,96.146309,97.400285,96.554402,853,365,488,21.42334,96.714286,93.637621,98.596191,95.82186,97.853581,95.601214,920,297,623,21.113586
whucd_05361.png,22414,34.20105,15,AEGIS-CD,AEGIS-CD,97.143372,94.445418,95.680805,1268,1,0.0,0.022554,2.487996,True,97.18848,primary_best_F1;has_change_gt;low_false_alarm_tendency,97.143372,94.445418,98.065186,95.680805,98.115955,96.189881,1268,414,854,33.529663,92.98818,86.895243,95.048523,89.167026,90.161324,95.998037,3245,2348,897,36.4151,92.893269,86.729628,94.98291,89.021971,90.093074,95.873115,3288,2363,925,36.395264,97.007233,94.188394,97.979736,95.482856,98.313938,95.734809,1324,368,956,33.303833,94.950497,90.386432,96.583557,92.369423,96.004925,93.918979,2239,876,1363,33.457947,93.131406,87.14572,95.204163,89.449667,91.274363,95.065584,3143,2037,1106,35.621643,96.707641,93.625165,97.789001,95.044154,98.536834,94.945124,1449,316,1133,32.954407,92.090311,85.340168,94.371033,87.731384,88.648091,95.810654,3689,2750,939,36.964417,92.315003,85.726893,94.570923,88.1245,89.474125,95.342197,3558,2514,1044,36.444092,95.002237,90.480249,96.591187,92.415783,95.275061,94.730972,2234,1053,1181,34.005737,97.120818,94.40279,98.040771,95.636074,97.628708,96.618185,1284,526,758,33.847046,95.588169,91.549174,97.027588,93.347763,97.069917,94.150977,1948,637,1311,33.172607,95.841728,92.015474,97.19696,93.728374,97.275192,94.449897,1837,593,1244,33.207703,96.857646,93.906763,97.875977,95.253826,98.030525,95.712501,1392,431,961,33.392334,92.681126,86.36051,94.856262,88.720216,90.268556,95.226198,3371,2301,1070,36.079407
whucd_06250.png,10196,15.557861,15,AEGIS-CD,AEGIS-CD,95.659583,91.680277,94.880692,866,1,0.0,0.033957,0.462426,True,96.199605,primary_best_F1;has_change_gt;low_false_alarm_tendency,95.659583,91.680277,98.678589,94.880692,97.816728,93.595528,866,213,653,14.886475,95.383075,91.173655,98.59314,94.553644,97.442194,93.40918,922,250,672,14.91394,94.677191,89.89239,98.394775,93.733189,97.784281,91.761475,1052,212,840,14.599609,95.355914,91.124035,98.579407,94.517657,97.025683,93.742644,931,293,638,15.031433,95.545657,91.471215,98.657227,94.756079,98.723849,92.565712,880,122,758,14.587402,93.879169,88.464412,98.11554,92.765653,94.890292,92.889368,1235,510,725,15.229797,95.592576,91.557259,98.655701,94.799856,97.559481,93.703413,881,239,642,14.942932,94.444719,89.474177,98.283386,93.429626,95.106912,93.791683,1125,492,633,15.342712,95.181147,90.805369,98.536682,94.319131,97.588872,92.889368,959,234,725,14.808655,95.258209,90.945751,98.561096,94.410718,97.740171,92.899176,943,219,724,14.787292,95.449066,91.294321,98.617554,94.634622,97.82743,93.183601,906,211,695,14.819336,95.516999,91.418698,98.635864,94.713019,97.722142,93.40918,894,222,672,14.871216,95.595023,91.561749,98.660278,94.805525,97.853328,93.438603,878,209,669,14.855957,95.625626,91.617915,98.666382,94.839285,97.639002,93.693605,874,231,643,14.929199,95.255823,90.941402,98.561096,94.408435,97.789485,92.850137,943,214,729,14.772034
whucd_04810.png,1659,2.531433,15,AEGIS-CD,AEGIS-CD,94.558992,89.679522,94.410446,190,1,0.0,0.117731,37.994734,True,95.671026,primary_best_F1;has_change_gt,94.558992,89.679522,99.710083,94.410446,90.070922,99.517782,190,182,8,2.796936,85.22293,74.250832,99.291992,84.861431,90.344362,80.650995,464,143,321,2.259827,1.66021,0.837054,97.288513,1.250729,10.135135,0.904159,1777,133,1644,0.22583,77.24842,62.930693,98.571777,76.539628,64.725051,95.780591,936,866,70,3.746033,81.714431,69.082333,98.899841,81.16197,70.534151,97.106691,721,673,48,3.485107,14.152893,7.615342,97.463989,13.526489,49.458484,8.257987,1662,140,1522,0.422668,77.894235,63.792431,98.583984,77.195957,64.395431,98.553345,928,904,24,3.874207,89.360498,80.767263,99.42627,89.066816,84.213333,95.177818,376,296,80,2.861023,0.840336,0.421941,97.479248,0.819238,100.0,0.421941,1652,0,1652,0.010681,78.91944,65.179283,98.666382,78.259174,65.782067,98.613623,874,851,23,3.794861,76.59677,62.070312,98.518372,75.863391,63.815261,95.780591,971,901,70,3.799438,0.49505,0.248139,96.932983,-0.413491,1.385042,0.301386,2010,356,1654,0.550842,23.546119,13.344064,83.570862,19.971693,13.345138,99.939723,10767,10766,1,18.95752,94.441261,89.46797,99.703979,94.289581,90.005461,99.33695,194,183,11,2.793884,89.807013,81.499753,99.427795,89.515563,81.782178,99.578059,375,368,7,3.082275
whucd_04718.png,94,0.143433,15,AEGIS-CD,AEGIS-CD,93.181818,87.234043,93.172693,12,1,0.0,0.0,47.047389,True,93.93899,primary_best_F1;has_change_gt;low_false_alarm_tendency,93.181818,87.234043,99.981689,93.172693,100.0,87.234043,12,0,12,0.125122,19.230769,10.638298,99.871826,19.208484,100.0,10.638298,84,0,84,0.015259,88.095238,78.723404,99.969482,88.080177,100.0,78.723404,20,0,20,0.112915,88.888889,80.0,99.964905,88.871462,81.415929,97.87234,23,21,2,0.172424,0.0,0.0,99.856567,0.0,0.0,0.0,94,0,94,0.0,25.284091,14.471545,99.197388,25.097913,14.590164,94.680851,526,521,5,0.930786,93.181818,87.234043,99.981689,93.172693,100.0,87.234043,12,0,12,0.125122,55.629139,38.53211,99.897766,55.581039,73.684211,44.680851,67,15,52,0.086975,36.521739,22.340426,99.888611,36.488469,100.0,22.340426,73,0,73,0.032043,84.974093,73.873874,99.95575,84.95195,82.828283,87.234043,29,17,12,0.151062,88.235294,78.947368,99.963379,88.217068,81.818182,95.744681,24,20,4,0.167847,0.0,0.0,99.856567,0.0,0.0,0.0,94,0,94,0.0,0.0,0.0,99.856567,0.0,0.0,0.0,94,0,94,0.0,19.230769,10.638298,99.871826,19.208484,100.0,10.638298,84,0,84,0.015259,46.610169,30.38674,99.807739,46.517856,38.732394,58.510638,126,87,39,0.216675
whucd_04945.png,1341,2.046204,15,AEGIS-CD,AEGIS-CD,80.530973,67.407407,80.060824,616,1,0.0,2.94836,74.368336,True,87.280003,primary_best_F1;clear_margin_ge_2pct;has_change_gt,80.530973,67.407407,99.060059,80.060824,69.884805,95.003729,616,549,67,2.781677,0.0,0.0,97.953796,0.0,0.0,0.0,1341,0,1341,0.0,0.0,0.0,95.977783,-2.051746,0.0,0.0,2636,1295,1341,1.976013,2.153432,1.088435,97.781372,1.761138,11.034483,1.193139,1454,129,1325,0.221252,0.0,0.0,97.953796,0.0,0.0,0.0,1341,0,1341,0.0,0.0,0.0,97.952271,-0.00305,0.0,0.0,1342,1,1341,0.001526,0.0,0.0,97.953796,0.0,0.0,0.0,1341,0,1341,0.0,6.540881,3.381014,97.732544,5.93805,20.883534,3.877703,1486,197,1289,0.379944,0.0,0.0,97.953796,0.0,0.0,0.0,1341,0,1341,0.0,0.0,0.0,97.953796,0.0,0.0,0.0,1341,0,1341,0.0,0.0,0.0,97.953796,0.0,0.0,0.0,1341,0,1341,0.0,0.0,0.0,97.953796,0.0,0.0,0.0,1341,0,1341,0.0,0.0,0.0,97.953796,0.0,0.0,0.0,1341,0,1341,0.0,77.582614,63.375486,98.851013,77.017565,64.56888,97.166294,753,715,38,3.079224,0.0,0.0,96.536255,-1.70335,0.0,0.0,2270,929,1341,1.417542
whucd_02609.png,2475,3.77655,15,AEGIS-CD,AEGIS-CD,72.685754,57.091611,71.467582,1555,1,0.0,4.41607,59.637021,True,82.456723,primary_best_F1;clear_margin_ge_2pct;has_change_gt,72.685754,57.091611,97.627258,71.467582,64.294593,83.59596,1555,1149,406,4.910278,0.0,0.0,96.22345,0.0,0.0,0.0,2475,0,2475,0.0,68.269684,51.82534,96.91925,66.734414,55.864198,87.757576,2019,1716,303,5.932617,0.0,0.0,96.22345,0.0,0.0,0.0,2475,0,2475,0.0,0.0,0.0,96.22345,0.0,0.0,0.0,2475,0,2475,0.0,13.784461,7.402423,94.750977,11.238875,18.151815,11.111111,3440,1240,2200,2.311707,0.0,0.0,96.22345,0.0,0.0,0.0,2475,0,2475,0.0,43.154286,27.513844,96.205139,41.226392,49.684211,38.141414,2487,956,1531,2.89917,0.080775,0.040404,96.224976,0.077727,100.0,0.040404,2474,0,2474,0.001526,0.0,0.0,95.954895,-0.503978,0.0,0.0,2651,176,2475,0.268555,0.0,0.0,96.22345,0.0,0.0,0.0,2475,0,2475,0.0,22.680412,12.790698,96.681213,21.972269,94.378698,12.888889,2175,19,2156,0.515747,0.0,0.0,96.22345,0.0,0.0,0.0,2475,0,2475,0.0,0.0,0.0,96.22345,0.0,0.0,0.0,2475,0,2475,0.0,34.712644,21.001391,95.666504,32.51559,40.266667,30.505051,2840,1120,1720,2.861023
whucd_01425.png,3179,4.850769,15,AEGIS-CD,AEGIS-CD,24.821918,14.169534,23.868834,2744,1,0.0,5.395618,22.610945,True,36.605693,primary_best_F1;clear_margin_ge_2pct;has_change_gt;low_false_alarm_tendency,24.821918,14.169534,95.812988,23.868834,96.178344,14.249764,2744,18,2726,0.718689,0.0,0.0,95.149231,0.0,0.0,0.0,3179,0,3179,0.0,0.31407,0.157282,95.15686,0.298881,100.0,0.157282,3174,0,3174,0.007629,0.0,0.0,95.149231,0.0,0.0,0.0,3179,0,3179,0.0,0.0,0.0,95.149231,0.0,0.0,0.0,3179,0,3179,0.0,0.0,0.0,95.149231,0.0,0.0,0.0,3179,0,3179,0.0,6.217617,3.208556,95.304871,5.933911,100.0,3.208556,3077,0,3077,0.15564,3.449703,1.755125,89.323425,-2.111082,3.072763,3.932054,6997,3943,3054,6.207275,1.545928,0.778986,91.642761,-2.724914,1.803691,1.352627,5477,2341,3136,3.637695,19.426299,10.7581,95.671082,18.65981,100.0,10.7581,2837,0,2837,0.521851,0.0,0.0,95.149231,0.0,0.0,0.0,3179,0,3179,0.0,0.0,0.0,95.149231,0.0,0.0,0.0,3179,0,3179,0.0,0.0,0.0,95.149231,0.0,0.0,0.0,3179,0,3179,0.0,0.0,0.0,95.149231,0.0,0.0,0.0,3179,0,3179,0.0,0.0,0.0,95.149231,0.0,0.0,0.0,3179,0,3179,0.0
whucd_00658.png,2735,4.173279,15,AEGIS-CD,AEGIS-CD,0.0,0.0,0.0,2735,1,0.0,0.0,0.0,True,0.958664,primary_best_F1;has_change_gt;low_false_alarm_tendency,0.0,0.0,95.826721,0.0,0.0,0.0,2735,0,2735,0.0,0.0,0.0,95.826721,0.0,0.0,0.0,2735,0,2735,0.0,0.0,0.0,95.826721,0.0,0.0,0.0,2735,0,2735,0.0,0.0,0.0,95.826721,0.0,0.0,0.0,2735,0,2735,0.0,0.0,0.0,95.826721,0.0,0.0,0.0,2735,0,2735,0.0,0.0,0.0,95.823669,-0.006099,0.0,0.0,2737,2,2735,0.003052,0.0,0.0,95.826721,0.0,0.0,0.0,2735,0,2735,0.0,0.0,0.0,95.826721,0.0,0.0,0.0,2735,0,2735,0.0,0.0,0.0,95.826721,0.0,0.0,0.0,2735,0,2735,0.0,0.0,0.0,95.826721,0.0,0.0,0.0,2735,0,2735,0.0,0.0,0.0,95.826721,0.0,0.0,0.0,2735,0,2735,0.0,0.0,0.0,95.826721,0.0,0.0,0.0,2735,0,2735,0.0,0.0,0.0,95.826721,0.0,0.0,0.0,2735,0,2735,0.0,0.0,0.0,95.826721,0.0,0.0,0.0,2735,0,2735,0.0,0.0,0.0,95.826721,0.0,0.0,0.0,2735,0,2735,0.0
whucd_02219.png,1886,2.877808,15,AEGIS-CD,AEGIS-CD,0.0,0.0,0.0,1886,1,0.0,0.0,0.0,True,0.89389,primary_best_F1;has_change_gt;low_false_alarm_tendency,0.0,0.0,97.122192,0.0,0.0,0.0,1886,0,1886,0.0,0.0,0.0,97.122192,0.0,0.0,0.0,1886,0,1886,0.0,0.0,0.0,97.122192,0.0,0.0,0.0,1886,0,1886,0.0,0.0,0.0,97.122192,0.0,0.0,0.0,1886,0,1886,0.0,0.0,0.0,97.122192,0.0,0.0,0.0,1886,0,1886,0.0,0.0,0.0,97.122192,0.0,0.0,0.0,1886,0,1886,0.0,0.0,0.0,97.122192,0.0,0.0,0.0,1886,0,1886,0.0,0.0,0.0,97.122192,0.0,0.0,0.0,1886,0,1886,0.0,0.0,0.0,97.122192,0.0,0.0,0.0,1886,0,1886,0.0,0.0,0.0,97.111511,-0.021288,0.0,0.0,1893,7,1886,0.010681,0.0,0.0,97.122192,0.0,0.0,0.0,1886,0,1886,0.0,0.0,0.0,97.122192,0.0,0.0,0.0,1886,0,1886,0.0,0.0,0.0,97.122192,0.0,0.0,0.0,1886,0,1886,0.0,0.0,0.0,97.122192,0.0,0.0,0.0,1886,0,1886,0.0,0.0,0.0,97.122192,0.0,0.0,0.0,1886,0,1886,0.0
whucd_02421.png,930,1.419067,15,AEGIS-CD,AEGIS-CD,0.0,0.0,0.0,930,1,0.0,0.0,0.0,True,0.820953,primary_best_F1;has_change_gt;low_false_alarm_tendency,0.0,0.0,98.580933,0.0,0.0,0.0,930,0,930,0.0,0.0,0.0,98.580933,0.0,0.0,0.0,930,0,930,0.0,0.0,0.0,98.580933,0.0,0.0,0.0,930,0,930,0.0,0.0,0.0,98.580933,0.0,0.0,0.0,930,0,930,0.0,0.0,0.0,98.580933,0.0,0.0,0.0,930,0,930,0.0,0.0,0.0,98.580933,0.0,0.0,0.0,930,0,930,0.0,0.0,0.0,98.580933,0.0,0.0,0.0,930,0,930,0.0,0.0,0.0,98.54126,-0.077247,0.0,0.0,956,26,930,0.039673,0.0,0.0,98.580933,0.0,0.0,0.0,930,0,930,0.0,0.0,0.0,98.580933,0.0,0.0,0.0,930,0,930,0.0,0.0,0.0,98.580933,0.0,0.0,0.0,930,0,930,0.0,0.0,0.0,98.580933,0.0,0.0,0.0,930,0,930,0.0,0.0,0.0,98.580933,0.0,0.0,0.0,930,0,930,0.0,0.0,0.0,98.580933,0.0,0.0,0.0,930,0,930,0.0,0.0,0.0,98.580933,0.0,0.0,0.0,930,0,930,0.0
whucd_00225.png,49,0.074768,15,AEGIS-CD,AEGIS-CD,0.0,0.0,0.0,49,1,0.0,0.0,0.0,True,0.753738,primary_best_F1;has_change_gt;low_false_alarm_tendency,0.0,0.0,99.925232,0.0,0.0,0.0,49,0,49,0.0,0.0,0.0,99.925232,0.0,0.0,0.0,49,0,49,0.0,0.0,0.0,98.324585,-0.143067,0.0,0.0,1098,1049,49,1.600647,0.0,0.0,99.528503,-0.125982,0.0,0.0,309,260,49,0.396729,0.0,0.0,99.925232,0.0,0.0,0.0,49,0,49,0.0,0.0,0.0,99.923706,-0.002991,0.0,0.0,50,1,49,0.001526,0.0,0.0,99.925232,0.0,0.0,0.0,49,0,49,0.0,0.0,0.0,98.925781,-0.139322,0.0,0.0,704,655,49,0.999451,0.0,0.0,99.925232,0.0,0.0,0.0,49,0,49,0.0,0.0,0.0,99.607849,-0.121172,0.0,0.0,257,208,49,0.317383,0.0,0.0,99.925232,0.0,0.0,0.0,49,0,49,0.0,0.0,0.0,99.925232,0.0,0.0,0.0,49,0,49,0.0,0.0,0.0,99.925232,0.0,0.0,0.0,49,0,49,0.0,0.0,0.0,99.925232,0.0,0.0,0.0,49,0,49,0.0,0.0,0.0,99.925232,0.0,0.0,0.0,49,0,49,0.0
whucd_01342.png,65491,99.931335,15,WDMF-Net,AEGIS-CD,99.994656,99.989312,91.948685,7,2,-0.000763,0.0,10.302256,False,99.994656,has_change_gt,99.994656,99.989312,99.989319,91.948685,99.992366,99.996946,7,5,2,99.935913,7.999765,4.166539,4.222107,-0.016321,99.744152,4.166985,62769,7,62762,4.174805,99.546859,99.097806,99.098206,8.820292,99.975359,99.122017,591,16,575,99.078369,99.978628,99.957264,99.957275,54.821698,99.957264,100.0,28,28,0,99.97406,81.600333,68.919394,68.940735,0.303595,100.0,68.919394,20355,0,20355,68.87207,97.863584,95.816545,95.817566,1.020263,99.953828,95.858973,2741,29,2712,95.837402,99.977101,99.954212,99.954224,53.105881,99.957263,99.996946,30,28,2,99.971008,99.748955,99.499168,99.499512,21.434823,100.0,99.499168,328,0,328,99.430847,99.980154,99.960316,99.960327,59.358431,99.960316,100.0,26,26,0,99.971008,99.989311,99.978623,99.978638,86.263968,99.998473,99.98015,14,1,13,99.913025,99.993892,99.987785,99.987793,91.660583,99.998473,99.989312,8,1,7,99.92218,70.167897,54.045105,54.045105,-0.137312,99.873111,54.08224,30117,45,30072,54.11377,99.965656,99.931335,99.931335,0.0,99.931335,100.0,45,45,0,100.0,99.995419,99.990839,99.990845,93.612449,99.998473,99.992365,6,1,5,99.925232,98.886043,97.796631,97.796631,-0.133227,99.929838,97.863829,1444,45,1399,97.865295
whucd_03655.png,65021,99.214172,15,CDMamba,AEGIS-CD,99.941591,99.883251,91.975508,76,8,-0.045337,-0.03073,0.002078,False,99.941591,has_change_gt,99.941591,99.883251,99.884033,91.975508,99.883251,100.0,76,76,0,99.330139,99.89476,99.789742,99.790955,84.555708,99.789742,100.0,137,137,0,99.423218,99.986928,99.97386,99.97406,98.318628,99.978472,99.995386,17,14,3,99.230957,99.961566,99.923161,99.923706,94.859626,99.923161,100.0,50,50,0,99.290466,99.972322,99.944659,99.945068,96.393809,99.953878,99.990772,36,30,6,99.250793,99.888622,99.777491,99.778748,83.507451,99.777491,100.0,145,145,0,99.435425,99.950809,99.901667,99.902344,93.325768,99.901667,100.0,64,64,0,99.311829,99.954648,99.909337,99.909973,93.928214,99.915478,99.993848,59,55,4,99.291992,99.930072,99.860241,99.861145,90.239572,99.860241,100.0,91,91,0,99.353027,99.964639,99.929304,99.92981,95.28992,99.929304,100.0,46,46,0,99.284363,99.945432,99.890924,99.891663,92.542188,99.890924,100.0,71,71,0,99.32251,99.936983,99.874046,99.874878,91.287669,99.874046,100.0,82,82,0,99.339294,99.927,99.854107,99.855042,89.767331,99.854107,100.0,95,95,0,99.359131,99.913948,99.828044,99.829102,87.714802,99.828044,100.0,112,112,0,99.385071,99.925464,99.85104,99.85199,89.529705,99.85104,100.0,97,97,0,99.362183
whucd_01564.png,1923,2.934265,15,DSIFN,AEGIS-CD,98.690629,97.415104,98.650534,51,8,-0.501448,-0.497215,2.920842,False,99.587342,has_change_gt,98.690629,97.415104,99.92218,98.650534,97.464503,99.947998,51,50,1,3.009033,98.836307,97.699387,99.931335,98.800932,98.302469,99.375975,45,33,12,2.966309,97.648262,95.404595,99.859619,97.575933,96.028155,99.323973,92,79,13,3.034973,98.835102,97.697032,99.931335,98.799728,98.402062,99.271971,45,31,14,2.960205,99.192077,98.397104,99.952698,99.167713,99.425287,98.959958,31,11,20,2.920532,98.68455,97.403259,99.92218,98.644457,97.90174,99.479979,51,41,10,2.981567,98.763524,97.557252,99.926758,98.725788,97.856049,99.687988,48,42,6,2.989197,98.035106,96.14594,99.885559,97.976173,98.785639,97.295892,75,23,52,2.890015,98.748697,97.528321,99.926758,98.710972,99.006796,98.49194,48,19,29,2.919006,98.639979,97.316456,99.919128,98.598312,97.365755,99.947998,53,52,1,3.012085,98.868313,97.761953,99.932861,98.833721,97.811705,99.947998,44,43,1,2.998352,58.238113,41.081643,98.271179,57.512053,100.0,41.081643,1133,0,1133,1.205444,98.459168,96.965099,99.908447,98.411997,97.260274,99.687988,60,54,6,3.007507,98.639979,97.316456,99.919128,98.598312,97.365755,99.947998,53,52,1,3.012085,99.187844,98.388773,99.952698,99.163485,99.947202,98.439938,31,1,30,2.890015
whucd_04719.png,2553,3.895569,15,BiFA,AEGIS-CD,98.536585,97.115385,98.477037,75,2,-0.041614,0.0,0.914271,False,99.481364,has_change_gt,98.536585,97.115385,99.885559,98.477037,98.172628,98.903251,75,47,28,3.924561,98.340168,96.734537,99.8703,98.272682,98.05296,98.629064,85,50,35,3.918457,98.246981,96.554364,99.862671,98.175519,97.714064,98.785742,90,59,31,3.938293,97.531816,95.182537,99.804688,97.430162,96.050133,99.059929,128,104,24,4.017639,97.269076,94.683346,99.79248,97.16129,99.793984,94.868782,136,5,131,3.703308,97.453839,95.034117,99.80011,97.349816,96.720679,98.198198,131,85,46,3.955078,98.034682,96.145125,99.84436,97.953676,96.473265,99.647474,102,93,9,4.023743,97.330996,94.800759,99.790955,97.222216,96.821705,97.845672,137,82,55,3.936768,97.463909,95.053272,99.801636,97.360692,97.085115,97.845672,130,75,55,3.926086,98.578199,97.196262,99.890137,98.521064,99.402628,97.767333,72,15,57,3.831482,98.536585,97.115385,99.885559,98.477037,98.172628,98.903251,75,47,28,3.924561,94.555167,89.672642,99.595642,94.345717,99.438202,90.12926,265,13,252,3.530884,97.849254,95.789074,99.830627,97.761107,96.817485,98.903251,111,83,28,3.979492,97.186105,94.526236,99.778748,97.070962,96.307692,98.080689,145,96,49,3.967285,98.335618,96.725732,99.8703,98.268139,98.316366,98.354877,85,43,42,3.897095
whucd_04497.png,3112,4.748535,15,SNUNet,AEGIS-CD,98.382924,96.817314,98.302855,100,2,-0.119251,0.0,1.273197,False,99.37035,has_change_gt;low_false_alarm_tendency,98.382924,96.817314,99.847412,98.302855,99.023438,97.750643,100,30,70,4.6875,97.851876,95.794099,99.795532,97.744534,97.632758,98.071979,134,74,60,4.769897,96.828417,93.851829,99.694824,96.668146,95.585473,98.104113,200,141,59,4.873657,96.470588,93.181818,99.665833,96.295203,96.766893,96.176093,219,100,119,4.719543,94.991597,90.460948,99.545288,94.753958,99.577167,90.809769,298,12,286,4.330444,98.502174,97.048556,99.858093,98.427693,98.740717,98.264781,93,39,54,4.725647,97.827137,95.746692,99.794006,97.719015,98.000645,97.654242,135,62,73,4.73175,93.876923,88.460423,99.3927,93.558035,90.053129,98.039846,398,337,61,5.169678,96.992962,94.161491,99.713135,96.842349,96.56051,97.429306,188,108,80,4.79126,97.439201,95.006281,99.757385,97.311862,97.67517,97.20437,159,72,87,4.725647,97.893552,95.874016,99.80011,97.788629,97.972321,97.81491,131,63,68,4.740906,96.763959,93.730793,99.688721,96.600484,95.551378,98.007712,204,142,62,4.870605,98.142217,96.352201,99.822998,98.04929,97.828863,98.457584,116,68,48,4.779053,97.952,95.986203,99.804688,97.849456,97.546208,98.361183,128,77,51,4.788208,98.003571,96.085296,99.812317,97.905112,99.016071,97.011568,123,30,93,4.652405
whucd_02606.png,6866,10.476685,15,ChangeMamba-tiny,AEGIS-CD,98.522895,97.088792,98.352767,200,5,-0.92906,-0.746751,10.771185,False,99.249061,has_change_gt;low_false_alarm_tendency,98.522895,97.088792,99.694824,98.352767,99.940066,97.145354,200,4,196,10.183716,85.518966,74.701427,97.349548,84.093846,100.0,74.701427,1737,0,1737,7.826233,99.269647,98.549884,99.847412,99.184454,99.560504,98.980484,100,30,70,10.415649,99.451955,98.909884,99.885559,99.388064,99.794691,99.111564,75,14,61,10.404968,96.016962,92.339062,99.197388,95.57148,100.0,92.339062,526,0,526,9.674072,83.923639,72.30037,96.003723,81.705969,72.530504,99.563064,2619,2589,30,14.381409,98.604651,97.247706,99.711609,98.443871,99.985028,97.26187,189,1,188,10.191345,93.853714,88.419216,98.683167,93.116703,91.832753,95.965628,863,586,277,10.948181,10.817757,5.718167,88.35144,6.959737,27.331759,6.743373,7634,1231,6403,2.584839,97.715604,95.533246,99.531555,97.454761,99.893504,95.630644,307,7,300,10.029602,98.350226,96.754003,99.659729,98.160581,99.939859,96.81037,223,4,219,10.148621,76.564433,62.027854,94.508362,73.493593,69.238017,85.624818,3599,2612,987,12.956238,99.207514,98.42749,99.835205,99.115561,99.970423,98.456161,108,2,106,10.317993,97.722197,95.545852,99.533081,97.46222,99.939099,95.601515,306,4,302,10.021973,91.506676,84.34314,98.35968,90.606095,100.0,84.34314,1075,0,1075,8.836365
whucd_00690.png,24990,38.131714,15,RS-Mamba,AEGIS-CD,99.222632,98.457256,98.744565,388,6,-0.308147,-0.172376,0.411973,False,99.222632,has_change_gt;low_false_alarm_tendency,99.222632,98.457256,99.407959,98.744565,99.357997,99.087635,388,160,228,38.027954,99.530779,99.065941,99.641418,99.240618,99.326505,99.735894,235,169,66,38.288879,99.012954,98.045202,99.247742,98.40525,99.078415,98.947579,493,230,263,38.08136,98.411247,96.872186,98.780823,97.422214,97.806411,99.023609,799,555,244,38.606262,98.641821,97.32004,98.974609,97.818367,99.652891,97.65106,672,85,587,37.365723,98.588469,97.216231,98.936462,97.735477,99.80319,97.402961,697,48,649,37.214661,98.817625,97.662884,99.101257,98.092777,99.146022,98.491397,589,212,377,37.879944,96.173721,92.62946,96.983337,93.68828,93.129428,99.42377,1977,1833,144,40.708923,99.242653,98.49669,99.424744,98.77891,99.645004,98.843537,377,88,289,37.825012,99.229751,98.471277,99.414062,98.756954,99.481178,98.979592,384,129,255,37.939453,98.737722,97.506914,99.03717,97.959507,98.719949,98.755502,631,320,311,38.145447,99.249354,98.509894,99.427795,98.787048,99.295069,99.203681,375,176,199,38.096619,99.395008,98.797292,99.539185,99.022877,99.518614,99.271709,302,120,182,38.037109,99.162573,98.339056,99.365234,98.651523,99.773151,98.559424,416,56,360,37.667847,99.155551,98.325245,99.357605,98.637192,99.404786,98.907563,421,148,273,37.940979
whucd_02261.png,12196,18.609619,15,CAIFNet,AEGIS-CD,98.866738,97.758875,98.610434,274,3,-0.091595,-0.026098,0.36739,False,99.186257,has_change_gt;low_false_alarm_tendency,98.866738,97.758875,99.581909,98.610434,99.749624,97.999344,274,30,244,18.283081,98.671193,97.377237,99.510193,98.370989,99.640498,97.720564,321,43,278,18.251038,97.062318,94.29231,98.905945,96.39012,97.002702,97.122007,717,366,351,18.632507,98.713373,97.459433,99.526978,98.423648,99.949571,97.507379,310,6,304,18.154907,98.545787,97.133262,99.465942,98.218769,99.890499,97.236799,350,13,337,18.115234,97.963382,96.008065,99.24469,97.499763,98.315303,97.613972,495,204,291,18.476868,98.45706,96.961009,99.433899,98.110507,99.898726,97.056412,371,12,359,18.080139,98.375234,96.802421,99.403381,98.00992,99.73039,97.056412,391,32,359,18.110657,98.534768,97.111854,99.459839,98.203692,99.490137,97.597573,354,61,293,18.255615,98.85771,97.741223,99.578857,98.599578,99.807789,97.925549,276,23,253,18.258667,98.706146,97.445345,99.523926,98.41449,99.857359,97.581174,312,17,295,18.185425,98.58209,97.203826,99.478149,98.26237,99.706474,97.482781,342,35,307,18.19458,98.958333,97.938144,99.615479,98.722575,99.783261,98.146933,252,26,226,18.304443,98.892836,97.809921,99.591064,98.642073,99.658618,98.138734,268,41,227,18.325806,98.670642,97.376165,99.510193,98.37047,99.682035,97.679567,321,38,283,18.235779
whucd_00230.png,11579,17.668152,15,ChangeMamba-tiny,AEGIS-CD,98.753309,97.53732,98.482101,292,12,-0.690872,-0.602251,0.637601,False,99.119901,has_change_gt,98.753309,97.53732,99.554443,98.482101,97.652622,99.879091,292,278,14,18.070984,99.166847,98.347461,99.705505,98.987989,99.136889,99.196822,193,100,93,17.678833,99.259068,98.529034,99.737549,99.0996,99.020198,99.499093,172,114,58,17.753601,99.444181,98.894507,99.803162,99.324586,99.226139,99.663183,129,90,39,17.745972,98.995259,98.010507,99.647522,98.781544,99.719593,98.281371,231,32,199,17.41333,99.284729,98.579618,99.746704,99.130833,99.071287,99.499093,166,108,58,17.744446,99.133359,98.281611,99.693298,98.94704,98.983985,99.283185,201,118,83,17.721558,96.724599,93.656958,98.803711,95.993764,93.679696,99.974091,784,781,3,18.855286,98.94483,97.911695,99.62616,98.717671,98.685567,99.205458,245,153,92,17.76123,98.718387,97.469209,99.542236,98.439781,97.675205,99.784092,300,275,25,18.049622,99.066781,98.150819,99.667358,98.864408,98.217469,99.930909,218,210,8,17.976379,99.232254,98.476207,99.726868,99.066149,98.568507,99.905,179,168,11,17.907715,99.355559,98.719372,99.771118,99.216412,98.854407,99.861819,150,134,16,17.848206,99.266315,98.543317,99.739075,99.107644,98.635744,99.905,171,160,11,17.895508,87.027747,77.034622,94.949341,83.925156,79.665638,95.88911,3310,2834,476,21.266174
whucd_06064.png,2789,4.255676,15,RS-Mamba,AEGIS-CD,98.061332,96.196404,97.973638,110,8,-0.7041,-0.626145,0.124146,False,99.024116,has_change_gt,98.061332,96.196404,99.832153,97.973638,96.429809,99.749014,110,103,7,4.402161,98.765432,97.560976,99.894714,98.710445,98.571429,98.960201,69,40,29,4.272461,97.916667,95.918367,99.819946,97.822596,96.452174,99.426318,118,102,16,4.386902,97.243545,94.634975,99.758911,97.117583,94.699286,99.92829,158,156,2,4.490662,97.40376,94.938918,99.778748,97.28821,97.281831,97.525995,145,76,69,4.266357,97.711587,95.525568,99.807739,97.61126,99.006257,96.450341,126,27,99,4.145813,98.687478,97.408964,99.887085,98.62849,97.648298,99.749014,74,67,7,4.347229,98.60515,97.248677,99.880981,98.542989,98.358901,98.852635,78,46,32,4.277039,97.682905,95.470756,99.806213,97.581816,99.442793,95.984224,127,15,112,4.107666,96.61752,93.456376,99.702454,96.462073,93.581989,99.856579,195,191,4,4.541016,98.094566,96.260388,99.835205,98.008467,96.561306,99.677304,108,99,9,4.393005,97.560976,95.238095,99.795532,97.454295,99.075786,96.091789,134,25,109,4.127502,98.075225,96.223146,99.833679,97.98833,96.624913,99.569738,109,97,12,4.385376,98.200423,96.464471,99.84436,98.119108,96.665509,99.784869,102,96,6,4.393005,98.555377,97.151899,99.876404,98.490819,98.048261,99.067766,81,55,26,4.299927
whucd_07073.png,31812,48.54126,15,WDMF-Net,AEGIS-CD,98.996603,98.013141,98.059897,635,4,-0.234347,-0.179721,1.142969,False,98.996603,has_change_gt;low_false_alarm_tendency,98.996603,98.013141,99.031067,98.059897,99.529756,98.469131,635,148,487,48.023987,98.841346,97.709235,98.876953,97.751788,99.000315,98.682887,736,317,419,48.38562,96.415207,93.078535,96.62323,93.229298,99.461916,93.549604,2213,161,2052,45.655823,98.894482,97.81314,98.924255,97.84696,98.667042,99.122972,705,426,279,48.765564,97.40038,94.932496,97.537231,95.063501,99.87448,95.045895,1614,38,1576,46.194458,93.285782,87.41645,93.048096,86.136628,87.809344,99.490758,4556,4394,162,54.998779,98.91378,97.850905,98.948669,97.895186,99.215661,98.613731,689,248,441,48.246765,98.89824,97.820493,98.927307,97.853137,98.615409,99.182698,703,443,260,48.820496,96.344584,92.946986,96.534729,93.054288,98.723404,94.077707,2271,387,1884,46.257019,98.794685,97.61808,98.83728,97.671741,99.430082,98.167358,762,179,583,47.924805,99.176323,98.366104,99.197388,98.393746,98.811158,99.544197,526,381,145,48.901367,96.135101,92.557835,96.357727,92.697125,99.125179,93.320131,2387,262,2125,45.698547,99.134349,98.283556,99.160767,98.319972,99.271845,98.997234,550,231,319,48.406982,99.23095,98.473638,99.250793,98.500606,98.888646,99.575632,491,356,135,48.878479,98.485666,97.016512,98.544312,97.084517,99.474123,97.51666,954,164,790,47.58606
whucd_01258.png,15910,24.276733,15,DSIFN,AEGIS-CD,98.928256,97.879242,98.586029,340,2,-0.246969,0.0,2.192884,False,98.96442,has_change_gt;low_false_alarm_tendency,98.928256,97.879242,99.481201,98.586029,99.228532,98.629793,340,122,218,24.130249,97.754261,95.607173,98.886108,97.014079,95.733912,99.861722,730,708,22,25.323486,97.468116,95.061275,98.770142,96.655927,97.42527,97.510999,806,410,396,24.298096,93.024903,86.9594,96.392822,90.60455,87.665443,99.082338,2364,2218,146,27.438354,99.175225,98.363944,99.601746,98.912732,99.726724,98.629793,261,43,218,24.009705,92.347546,85.783039,96.078491,89.721094,87.739052,97.467002,2570,2167,403,26.968384,98.778074,97.58565,99.406433,98.386084,98.731554,98.824639,389,202,187,24.299622,90.661367,82.917962,95.053101,87.32853,83.68074,98.912634,3242,3069,173,28.695679,98.598526,97.235792,99.317932,98.14782,98.367219,98.830924,447,261,186,24.391174,97.616995,95.344921,98.81897,96.832372,95.672903,99.641735,774,717,57,25.283813,97.81762,95.728461,98.922729,97.102735,96.240876,99.446889,706,618,88,25.085449,94.840247,90.186829,97.587585,93.269072,98.635531,91.32621,1581,201,1380,22.477722,98.754721,97.540074,99.391174,98.351842,98.078234,99.440603,399,310,89,24.613953,98.895338,97.814815,99.459839,98.53788,98.202776,99.597737,354,290,64,24.621582,98.56227,97.165296,99.295044,98.09537,97.608481,99.534884,462,388,74,24.755859
whucd_07168.png,3044,4.644775,15,ChangeMamba-tiny,AEGIS-CD,97.95447,95.990947,97.85528,124,9,-0.593384,-0.45349,0.344082,False,98.936709,has_change_gt;low_false_alarm_tendency,97.95447,95.990947,99.810791,97.85528,98.376408,97.536137,124,49,75,4.605103,98.100743,96.272285,99.824524,98.008759,98.638326,97.568988,115,41,74,4.594421,95.311496,91.042945,99.554443,95.077729,93.21608,97.503285,292,216,76,4.858398,98.547855,97.13728,99.865723,98.477463,99.005305,98.094612,88,30,58,4.602051,97.952389,95.986949,99.812317,97.854059,99.291259,96.649146,123,21,102,4.521179,98.3062,96.668823,99.842834,98.223794,98.419493,98.193167,103,48,55,4.634094,97.609692,95.330988,99.777222,97.49286,97.291123,97.930355,146,83,63,4.675293,96.710098,93.62977,99.691772,96.548422,95.897933,97.536137,202,127,75,4.724121,94.905983,90.305791,99.545288,94.668418,98.930862,91.195795,298,30,268,4.281616,98.40796,96.865818,99.853516,98.331193,99.363697,97.470434,96,19,77,4.556274,98.34929,96.752192,99.847412,98.269301,98.838752,97.864652,100,35,65,4.598999,98.278971,96.616178,99.839783,98.194952,98.070003,98.48883,105,59,46,4.664612,97.814029,95.721584,99.795532,97.706785,97.148412,98.48883,134,88,46,4.708862,98.119433,96.30829,99.82605,98.028242,98.542081,97.700394,114,44,70,4.605103,98.131305,96.331169,99.827576,98.040927,98.801199,97.470434,113,36,77,4.582214
whucd_04089.png,1008,1.538086,15,ChangeMamba-tiny,AEGIS-CD,98.105683,96.2818,98.076241,38,8,-0.806285,-0.657306,3.037875,False,98.932587,has_change_gt;low_false_alarm_tendency,98.105683,96.2818,99.942017,98.076241,98.597194,97.619048,38,14,24,1.522827,98.208955,96.480938,99.945068,98.181062,98.502994,97.916667,36,15,21,1.528931,98.555057,97.151277,99.95575,98.532588,98.998999,98.115079,29,10,19,1.524353,98.911968,97.847358,99.966431,98.894921,98.619329,99.206349,22,14,8,1.547241,97.934509,95.952616,99.937439,97.902755,99.488229,96.428571,41,5,36,1.490784,98.546366,97.134387,99.95575,98.523901,99.594732,97.519841,29,4,25,1.506042,98.458478,96.963761,99.952698,98.434459,98.703888,98.214286,31,13,18,1.530457,97.745098,95.589645,99.92981,97.709453,96.608527,98.90873,46,35,11,1.574707,97.329975,94.798822,99.919128,97.288927,98.874104,95.833333,53,11,42,1.490784,97.855362,95.800781,99.934387,97.822047,98.395186,97.321429,43,16,27,1.521301,98.047071,96.168959,99.940491,98.016858,98.988878,97.123016,39,10,29,1.509094,55.793991,38.690476,99.057007,55.41135,100.0,38.690476,618,0,618,0.595093,98.762989,97.556207,99.961853,98.743617,98.51925,99.007937,25,15,10,1.545715,98.550725,97.142857,99.95575,98.528258,99.295065,97.81746,29,7,22,1.515198,96.248766,92.768792,99.884033,96.189874,95.776031,96.72619,76,43,33,1.553345
whucd_05596.png,20187,30.802917,15,RS-Mamba,AEGIS-CD,98.867218,97.759813,98.358753,460,2,-0.100479,0.0,2.74663,False,98.867218,has_change_gt,98.867218,97.759813,99.298096,98.358753,98.300769,99.440234,460,347,113,31.159973,98.967697,97.95649,99.362183,98.506232,98.680128,99.256948,418,268,150,30.982971,97.275637,94.69578,98.350525,96.093353,99.00985,95.601129,1081,193,888,29.742432,98.602443,97.24341,99.128723,97.969639,97.450411,99.782038,571,527,44,31.539917,94.632869,89.812514,96.559143,92.106464,91.075683,98.479219,2255,1948,307,33.306885,94.112698,88.88006,96.156311,91.27289,89.088496,99.737455,2519,2466,53,34.484863,98.725956,97.483966,99.221802,98.165834,99.581716,97.884777,510,83,427,30.278015,96.915637,94.015848,98.121643,95.56554,98.053133,95.80423,1231,384,847,30.096436,96.618571,93.458343,97.897339,95.093075,95.73061,97.523158,1378,878,500,31.3797,97.556073,95.228752,98.478699,96.451865,96.559589,98.573339,997,709,288,31.445312,98.138451,96.344943,98.866272,97.323548,99.285207,97.017883,743,141,602,30.099487,83.493956,71.664914,89.311218,75.61822,79.619809,87.764403,7005,4535,2470,33.953857,98.645813,97.327811,99.172974,98.050588,99.516056,97.790657,542,96,446,30.26886,96.677821,93.569283,97.909546,95.153763,94.693839,98.746718,1370,1117,253,32.121277,95.32462,91.066896,96.992493,93.113736,91.456532,99.534354,1971,1877,94,33.52356
whucd_05003.png,12107,18.473816,15,ChangeMamba-tiny,AEGIS-CD,98.51237,97.068351,98.173231,362,2,-0.053011,0.0,0.383019,False,98.838679,has_change_gt,98.51237,97.068351,99.447632,98.173231,98.028952,99.000578,362,241,121,18.656921,98.325349,96.705863,99.375916,97.941883,97.491069,99.174032,409,309,100,18.792725,98.161128,96.388664,99.319458,97.743597,97.999506,98.323284,446,243,203,18.534851,98.56538,97.171341,99.467468,98.238441,98.109656,99.025357,349,231,118,18.64624,98.375794,96.803505,99.398804,98.00693,98.197679,98.554555,394,219,175,18.540955,98.13272,96.333897,99.305725,97.706332,97.520392,98.752788,455,304,151,18.707275,98.473942,96.993761,99.433899,98.126443,98.082596,98.868423,371,234,137,18.621826,96.59996,93.423522,98.716736,95.80951,94.607222,98.67845,841,681,160,19.268799,97.346715,94.830589,99.003601,96.733541,95.801344,98.94276,653,525,128,19.07959,98.226512,96.514832,99.343872,97.823989,98.097043,98.356323,430,231,199,18.522644,98.328748,96.712439,99.378967,97.947388,97.770701,98.893202,407,273,134,18.685913,98.163073,96.392415,99.31488,97.742033,97.251946,99.091435,449,339,110,18.823242,98.217935,96.498273,99.334717,97.809006,97.216603,99.240109,436,344,92,18.858337,98.40177,96.853824,99.404907,98.036183,97.649451,99.165772,390,289,101,18.760681,98.491884,97.028581,99.440002,98.148059,98.00458,98.984059,367,244,123,18.658447
whucd_01167.png,41260,62.957764,15,BiFA,AEGIS-CD,98.582144,97.203931,96.25507,1155,8,-0.388864,-0.136371,0.369094,False,98.582144,has_change_gt;low_false_alarm_tendency,98.582144,97.203931,98.23761,96.25507,99.8806,97.317014,1155,48,1107,61.341858,98.591618,97.222356,98.240662,96.248757,99.384343,97.81144,1153,250,903,61.961365,98.586707,97.212805,98.243713,96.268667,99.910405,97.297625,1151,36,1115,61.31134,97.968638,96.018162,97.444153,94.523205,98.043547,97.893844,1675,806,869,62.861633,98.614659,97.267177,98.278809,96.343751,99.960163,97.304896,1128,16,1112,61.2854,96.120144,92.530109,95.040894,89.25419,94.711335,97.571498,3250,2248,1002,64.859009,98.662646,97.36059,98.335266,96.45907,99.813983,97.537567,1091,75,1016,61.521912,97.014676,94.202428,96.182251,91.724259,95.544066,98.531265,2502,1896,606,64.926147,97.52914,95.177438,96.868896,93.256748,96.912989,98.153175,2052,1290,762,63.763428,98.971008,97.962976,98.712158,97.250484,99.575585,98.373728,844,173,671,62.197876,98.718514,97.469457,98.403931,96.603836,99.814191,97.646631,1046,75,971,61.590576,98.578849,97.197526,98.22998,96.2337,99.672976,97.508483,1160,132,1028,61.590576,98.526326,97.095456,98.167419,96.104743,99.778811,97.304896,1201,89,1112,61.39679,98.703112,97.439431,98.384094,96.560673,99.757408,97.670868,1059,98,961,61.64093,98.396662,96.843926,97.994995,95.721812,99.080946,97.721764,1314,374,940,62.094116
whucd_06247.png,9588,14.630127,15,WDMF-Net,AEGIS-CD,98.044811,96.164611,97.714958,370,3,-0.19524,-0.026523,0.972303,False,98.563304,has_change_gt;low_false_alarm_tendency,98.044811,96.164611,99.435425,97.714958,99.368038,96.756362,370,59,311,14.245605,97.522067,95.163968,99.28894,97.107169,99.47928,95.640384,466,48,418,14.065552,97.484475,95.092402,99.27063,97.057998,98.385383,96.599917,478,152,326,14.364624,97.802894,95.700258,99.365234,97.431994,99.06912,96.568627,416,87,329,14.260864,96.60414,93.431342,99.038696,96.044977,99.966533,93.460576,630,3,627,13.677979,95.750339,91.847147,98.805237,95.056591,99.818943,92.000417,783,16,767,13.484192,97.833015,95.757954,99.377441,97.469666,99.675325,96.057572,408,30,378,14.099121,97.161572,94.47983,99.16687,96.673363,96.859453,97.465582,546,303,243,14.72168,94.186556,89.011899,98.379517,93.247801,99.112903,89.726742,1062,77,985,13.244629,97.520047,95.16012,99.287415,97.104141,99.340041,95.76554,467,61,406,14.103699,98.071334,96.215656,99.443054,97.745935,99.389526,96.787651,365,57,308,14.247131,97.908655,95.902993,99.394226,97.554515,98.914316,96.923237,397,102,295,14.335632,96.135996,92.559493,98.907471,95.500689,99.608589,92.897372,716,35,681,13.644409,98.240051,96.540978,99.491882,97.943193,99.582128,96.933667,333,39,294,14.241028,96.793975,93.787136,99.090576,96.264726,99.944457,93.836045,596,5,591,13.735962
whucd_06142.png,13308,20.306396,15,Change3D,AEGIS-CD,98.28511,96.628045,97.851083,454,3,-0.338141,-0.010514,1.742283,False,98.51979,has_change_gt;low_false_alarm_tendency,98.28511,96.628045,99.307251,97.851083,98.81513,97.760745,454,156,298,20.089722,97.861738,95.813005,99.12262,97.309887,96.871089,98.872858,575,425,150,20.726013,97.886448,95.86039,99.143982,97.34976,98.156403,97.617974,561,244,317,20.195007,98.187277,96.439104,99.263,97.724754,98.080528,98.294259,483,256,227,20.350647,97.831142,95.754365,99.131775,97.288537,99.27284,96.430718,569,94,475,19.725037,93.732399,88.204118,97.351074,92.056308,90.208478,97.542831,1736,1409,327,21.957397,98.623251,97.283896,99.440002,98.27177,98.471796,98.775173,367,204,163,20.368958,93.914002,88.526294,97.473145,92.320538,91.907639,96.009919,1656,1125,531,21.212769,96.556331,93.341943,98.583984,95.665256,95.381232,97.760745,928,630,298,20.812988,97.773746,95.644458,99.101257,97.210755,98.364895,97.18966,589,215,374,20.063782,97.878949,95.846005,99.145508,97.343978,98.678784,97.091975,560,173,387,19.979858,87.450576,77.699711,94.236755,83.77474,78.384657,98.887887,3777,3629,148,25.617981,98.295624,96.648372,99.301147,97.856135,97.368033,99.241058,458,357,101,20.697021,98.028106,96.132476,99.19281,97.520687,97.263111,98.80523,529,370,159,20.628357,97.579987,95.274335,99.005127,96.953962,96.413378,98.775173,652,489,163,20.803833
whucd_04624.png,19400,29.602051,15,MaskCD,AEGIS-CD,98.514108,97.071727,97.893195,574,5,-0.117861,-0.065284,0.39357,False,98.514108,has_change_gt;low_false_alarm_tendency,98.514108,97.071727,99.124146,97.893195,98.949558,98.082474,574,202,372,29.342651,98.537637,97.117427,99.130249,97.918722,98.089693,98.989691,570,374,196,29.873657,98.299917,96.656674,98.995972,97.587556,98.544343,98.056701,658,281,377,29.455566,98.436252,96.920657,99.073792,97.778293,98.393161,98.479381,607,312,295,29.627991,97.920349,95.925435,98.779297,97.056547,98.772813,97.082474,800,234,566,29.095459,97.09269,94.349653,98.297119,95.888823,98.151269,96.056701,1116,351,765,28.970337,97.798864,95.692542,98.704529,96.881082,98.382974,97.221649,849,310,539,29.252625,97.24664,94.640838,98.336792,96.055851,95.348722,99.221649,1090,939,151,30.804443,97.565476,95.246673,98.550415,96.533476,97.013556,98.123711,950,586,364,29.940796,98.286512,96.630755,98.988342,97.568824,98.559063,98.015464,663,278,385,29.438782,98.631969,97.300863,99.188232,98.054866,98.409278,98.85567,532,310,222,29.736328,98.280529,96.61919,98.982239,97.557737,98.303337,98.257732,667,329,338,29.588318,98.477626,97.000909,99.093628,97.832381,97.930472,99.030928,594,406,188,29.934692,98.533679,97.109739,99.128723,97.913921,98.178189,98.891753,571,356,215,29.8172,98.579392,97.198582,99.156189,97.97926,98.258821,98.902062,553,340,213,29.795837
whucd_05825.png,30958,47.238159,15,RS-Mamba,AEGIS-CD,98.464336,96.975123,97.102663,946,4,-0.432367,-0.350379,0.566875,False,98.464336,has_change_gt;low_false_alarm_tendency,98.464336,96.975123,98.556519,97.102663,98.968803,97.964985,946,316,630,46.759033,98.896703,97.817486,98.956299,97.906492,98.769251,99.024485,684,382,302,47.360229,95.827782,91.989769,96.081543,92.134234,96.40102,95.261322,2568,1101,1467,46.679688,98.231151,96.523791,98.336792,96.661744,98.702061,97.764713,1090,398,692,46.789551,98.121637,96.312538,98.242188,96.470118,99.068221,97.192971,1152,283,869,46.343994,98.263391,96.586069,98.373413,96.733932,99.122461,97.419084,1066,267,799,46.426392,98.239756,96.54041,98.342896,96.674411,98.59132,97.890691,1086,433,653,46.902466,97.83075,95.753615,97.947693,95.883429,97.69367,97.968215,1345,716,629,47.370911,98.565041,97.170682,98.643494,97.278855,98.506211,98.623942,889,463,426,47.294617,98.213281,96.489288,98.304749,96.600644,97.796496,98.633633,1111,688,423,47.642517,97.625819,95.361758,97.732544,95.456387,96.585736,98.688546,1486,1080,406,48.266602,95.157679,90.762659,95.248413,90.50614,91.745127,98.833904,3114,2753,361,50.888062,98.814714,97.657198,98.880005,97.753192,98.79876,98.830674,734,372,362,47.253418,98.325968,96.707062,98.416138,96.823064,98.183458,98.468893,1038,564,474,47.375488,98.450773,96.948816,98.547363,97.083537,99.20307,97.7098,952,243,709,46.5271
whucd_04090.png,18124,27.655029,15,MaskCD,AEGIS-CD,98.426087,96.90095,97.823722,571,2,-0.14649,0.0,1.775334,False,98.426087,has_change_gt,98.426087,96.90095,99.128723,97.823722,98.342055,98.510263,571,301,270,27.702332,98.301638,96.660001,99.057007,97.648954,97.92488,98.681307,618,379,239,27.868652,98.276774,96.611932,99.055481,97.626303,99.179637,97.390201,619,146,473,27.156067,98.201617,96.466775,99.002075,97.511069,97.884004,98.521298,654,386,268,27.835083,98.192621,96.449414,99.006653,97.507778,98.8209,97.57228,651,211,440,27.305603,97.737731,95.575555,98.747253,96.871525,97.622062,97.853675,821,432,389,27.720642,98.055725,96.185612,98.928833,97.316529,98.442887,97.671596,702,280,422,27.438354,91.857335,84.940884,95.199585,88.472306,86.510335,97.90885,3146,2767,379,31.298828,89.798084,81.485049,93.840027,85.430543,82.841423,98.030236,4037,3680,357,32.725525,98.216317,96.495149,99.01886,97.539667,98.761506,97.677113,643,222,421,27.351379,98.572577,97.185331,99.214172,98.030448,99.03648,98.112999,515,173,342,27.397156,92.908866,86.756823,95.890808,90.024557,88.863144,97.340543,2693,2211,482,30.293274,98.040729,96.156757,98.9151,97.290595,97.930085,98.151622,711,376,335,27.71759,98.199068,96.461855,99.003601,97.510344,98.169286,98.228868,653,332,321,27.671814,96.751459,93.707338,98.199463,95.506058,96.549451,96.954315,1180,628,552,27.770996
whucd_06147.png,16309,24.885559,15,ChangeMamba-tiny,AEGIS-CD,98.390833,96.832634,97.862983,521,7,-0.204196,-0.172934,0.106113,False,98.396555,has_change_gt;low_false_alarm_tendency,98.390833,96.832634,99.205017,97.862983,99.128703,97.663867,521,140,381,24.517822,98.442022,96.931846,99.227905,97.928819,98.868205,98.019498,506,183,323,24.671936,98.264146,96.587528,99.142456,97.694763,99.00417,97.535103,562,160,402,24.516296,98.595029,97.228989,99.305725,98.134007,99.30953,97.890735,455,111,344,24.530029,98.190059,96.444472,99.110413,97.600467,99.44661,96.964866,583,88,495,24.264526,98.252223,96.564492,99.136353,97.678738,98.967341,97.547366,566,166,400,24.528503,98.341758,96.737614,99.179077,97.796295,98.872017,97.817156,538,182,356,24.620056,97.962056,96.005518,98.983765,97.285175,97.776556,98.148262,666,364,302,24.980164,98.21374,96.490174,99.108887,97.620115,97.985963,98.442578,584,330,254,25.001526,97.654743,95.416971,98.849487,96.892741,99.097279,96.253602,754,143,611,24.171448,98.491379,97.027601,99.252319,97.994394,98.911632,98.074683,490,176,314,24.674988,98.122384,96.313977,99.069214,97.503635,98.516596,97.731314,610,240,370,24.687195,98.396904,96.844396,99.203491,97.867011,98.566419,98.227972,522,233,289,24.80011,98.49587,97.036317,99.255371,98.0011,99.02696,97.970446,488,157,331,24.620056,98.563767,97.168206,99.28894,98.091293,99.08905,98.044025,466,147,319,24.623108
whucd_00582.png,12785,19.508362,15,ChangeMamba-tiny,AEGIS-CD,98.106617,96.2836,97.656228,477,4,-0.424483,-0.165163,2.073716,False,98.381199,has_change_gt;low_false_alarm_tendency,98.106617,96.2836,99.272156,97.656228,99.597034,96.660149,477,50,427,18.933105,98.09835,96.267676,99.263,97.641306,98.763279,97.442315,483,156,327,19.247437,96.337223,92.933284,98.553467,95.43616,95.189738,97.51271,948,630,318,19.984436,98.5311,97.104729,99.433899,98.180555,99.767479,97.32499,371,29,342,19.030762,96.994777,94.164911,98.858643,96.290975,99.719124,94.41533,748,34,714,18.470764,96.611962,93.445977,98.680115,95.792378,96.759768,96.464607,865,413,452,19.448853,98.091451,96.254389,99.267578,97.638444,99.75738,96.48025,480,30,450,18.867493,94.234309,89.097237,97.657776,92.767576,90.648938,98.114978,1535,1294,241,21.115112,97.712367,95.527059,99.105835,97.156688,97.537215,97.88815,586,316,270,19.578552,95.959635,92.233082,98.399353,94.961908,94.52876,97.434494,1049,721,328,20.108032,98.27178,96.602281,99.331665,97.857551,99.155984,97.403207,438,106,332,19.163513,81.514843,68.797514,91.419983,76.111772,70.307361,96.973015,5623,5236,387,26.907349,98.1311,96.330773,99.278259,97.683932,99.153625,97.129449,473,106,367,19.110107,97.973561,96.02762,99.21875,97.489744,99.166733,96.80876,512,104,408,19.044495,95.99816,92.30429,98.406982,95.004212,94.129144,97.942902,1044,781,263,20.298767
whucd_05824.png,6821,10.40802,15,ChangeMamba-tiny,AEGIS-CD,97.649264,95.40651,97.3712,326,2,-0.496576,0.0,10.168741,False,98.378863,has_change_gt,97.649264,95.40651,99.502563,97.3712,96.08344,99.26697,326,276,50,10.752869,96.713684,93.636494,99.320984,96.335084,97.440476,95.997654,445,172,273,10.253906,80.723892,67.678174,96.456909,78.810702,93.052632,71.279871,2322,363,1959,7.972717,98.145841,96.359188,99.613953,97.930388,98.124267,98.167424,253,128,125,10.412598,94.08969,88.839027,98.823547,93.437968,98.602185,89.972145,771,87,684,9.49707,79.641332,66.170001,96.362305,77.703589,95.377378,68.36241,2384,226,2158,7.460022,80.596243,67.498918,96.563721,78.774646,97.742947,68.567659,2252,108,2144,7.301331,84.685275,73.438387,97.145081,83.134673,95.867309,75.83932,1871,223,1648,8.233643,80.371581,67.184354,96.517944,78.523948,97.23205,68.494356,2282,133,2149,7.331848,93.497792,87.789534,98.696899,92.774886,97.259623,90.016127,854,173,681,9.632874,97.269649,94.684432,99.421692,96.946353,95.623229,98.973758,379,309,70,10.772705,80.064996,66.756988,96.443176,78.171792,96.079639,68.626301,2331,191,2140,7.434082,94.554352,89.671175,98.81134,93.888819,90.366114,99.149685,779,721,58,11.419678,97.503608,95.128819,99.472046,97.208498,95.993749,99.061721,346,282,64,10.740662,66.869391,50.228412,93.183899,63.071155,67.667367,66.090016,4467,2154,2313,10.165405
whucd_02473.png,4501,6.867981,15,Change3D,AEGIS-CD,97.442226,95.012032,97.255602,228,2,-0.421117,0.0,1.591313,False,98.348827,has_change_gt;low_false_alarm_tendency,97.442226,95.012032,99.6521,97.255602,98.413777,96.489669,228,70,158,6.733704,95.549598,91.478439,99.36676,95.209167,92.350746,98.978005,415,369,46,7.36084,94.94526,90.37694,99.337769,94.591823,99.779682,90.557654,434,9,425,6.233215,97.416413,94.962963,99.636841,97.221216,95.245171,99.688958,238,224,14,7.188416,96.879271,93.947427,99.581909,96.655371,99.392381,94.490113,274,26,248,6.529236,95.814978,91.966173,99.420166,95.503507,94.998908,96.64519,380,229,151,6.987,97.863343,95.816082,99.707031,97.706077,98.037904,97.689402,192,88,104,6.843567,88.603307,79.538544,98.254395,87.669012,80.31425,98.800267,1144,1090,54,8.448792,96.212288,92.70104,99.475098,95.930321,95.372189,97.067318,344,212,132,6.990051,97.392253,94.917057,99.635315,97.196269,95.690395,99.155743,239,201,38,7.116699,95.21582,90.868506,99.313354,94.84669,91.294597,99.489002,450,427,23,7.484436,95.430165,91.259746,99.349976,95.080712,92.263016,98.822484,426,373,53,7.356262,96.497297,93.231669,99.505615,96.231541,93.97768,99.155743,324,286,38,7.246399,97.261484,94.66896,99.621582,97.05824,96.684962,97.844923,248,151,97,6.950378,96.831294,93.857234,99.557495,96.593502,95.269834,98.44479,290,220,70,7.096863
whucd_00943.png,37822,57.711792,15,MaskCD,AEGIS-CD,98.265758,96.590643,95.902619,1311,2,-0.04072,0.0,0.567923,False,98.265758,has_change_gt;low_false_alarm_tendency,98.265758,96.590643,97.999573,95.902619,98.329495,98.202105,1311,631,680,57.637024,97.96053,96.002586,97.640991,95.163281,97.754199,98.167733,1546,853,693,57.955933,98.08863,96.248957,97.805786,95.513503,98.626109,97.556977,1438,514,924,57.086182,98.159996,96.38648,97.875977,95.648267,98.149617,98.170377,1392,700,692,57.723999,98.248129,96.556582,97.98584,95.879397,98.635613,97.863677,1320,512,808,57.260132,97.311729,94.764211,96.865845,93.555262,96.350819,98.291999,2054,1408,646,58.874512,98.143453,96.354585,97.854614,95.602804,98.029544,98.257628,1406,747,659,57.846069,94.503566,89.579868,93.403625,86.286945,91.023537,98.260272,4323,3665,658,62.30011,97.940736,95.964572,97.587585,95.030498,96.518882,99.405108,1581,1356,225,59.437561,98.062688,96.199013,97.767639,95.429279,98.227882,97.898049,1463,668,795,57.518005,98.306478,96.669362,98.051453,96.012534,98.619056,97.995875,1277,519,758,57.347107,97.908402,95.902507,97.57843,95.033309,97.611226,98.207393,1587,909,678,58.06427,97.900322,95.887003,97.57843,95.0403,97.979397,97.821374,1587,763,824,57.618713,98.08099,96.234245,97.784424,95.46043,98.055071,98.106922,1452,736,716,57.74231,97.154049,94.465604,96.740723,93.34154,97.923829,96.396277,2136,773,1363,56.811523
whucd_04870.png,16130,24.612427,15,MaskCD,AEGIS-CD,98.19951,96.462709,97.611472,581,7,-0.360837,-0.227539,0.210426,False,98.218889,has_change_gt,98.19951,96.462709,99.113464,97.611472,98.17213,98.226906,581,295,286,24.62616,98.346264,96.746336,99.183655,97.804339,98.070403,98.623683,535,313,222,24.751282,98.300759,96.658302,99.16687,97.748921,98.693913,97.910725,546,209,337,24.417114,98.404702,96.859504,99.217224,97.886082,98.720908,98.090515,513,205,308,24.455261,97.869021,95.826969,98.957825,97.179307,98.5114,97.234966,683,237,446,24.293518,98.186864,96.438306,99.102783,97.590791,97.674847,98.704278,588,379,209,24.871826,98.077101,96.226758,99.049377,97.445738,97.658123,98.49969,623,381,242,24.824524,96.780554,93.761939,98.405457,95.720909,96.190826,97.377557,1045,622,423,24.916077,97.120791,94.402739,98.577881,96.176549,96.791872,97.451953,932,521,411,24.780273,97.719298,95.540309,98.88916,96.985182,98.771374,96.689399,728,194,534,24.093628,98.560348,97.161559,99.291992,98.090912,98.652174,98.468692,464,217,247,24.56665,97.697287,95.498236,98.87085,96.949343,98.075722,97.321761,740,308,432,24.423218,98.134007,96.336376,99.075317,97.519413,97.485623,98.791073,606,411,195,24.942017,98.42705,96.902817,99.224854,97.912756,98.317456,98.536888,508,272,236,24.667358,98.22313,96.508303,99.124146,97.641972,98.089526,98.357099,574,309,265,24.679565
whucd_04979.png,22764,34.735107,15,ChangeMamba-tiny,AEGIS-CD,98.20541,96.474096,97.252164,816,2,-0.044216,0.0,0.637312,False,98.20541,has_change_gt;low_false_alarm_tendency,98.20541,96.474096,98.754883,97.252164,98.330838,98.080302,816,379,437,34.646606,97.785387,95.666738,98.460388,96.605422,97.714612,97.856264,1009,521,488,34.785461,97.933557,95.950788,98.568726,96.8388,98.227859,97.641012,938,401,537,34.527588,98.249626,96.559474,98.7854,97.319678,98.362099,98.13741,796,372,424,34.655762,97.777876,95.652363,98.471069,96.612655,98.732533,96.841504,1002,283,719,34.069824,97.283614,94.7109,98.117065,95.842776,97.498235,97.069935,1234,567,667,34.58252,97.897278,95.881164,98.538208,96.776969,97.828566,97.966087,958,495,463,34.783936,96.079317,92.45447,97.218323,93.925284,94.117895,98.124231,1823,1396,427,36.213684,96.430371,93.106804,97.514343,94.523719,96.204801,96.657002,1629,868,761,34.898376,97.696282,95.496316,98.414612,96.4879,98.630076,96.780004,1039,306,733,34.083557,98.093519,96.258371,98.678589,97.082412,98.318623,97.869443,866,381,485,34.576416,97.093913,94.351962,97.970581,95.534884,96.591601,97.601476,1330,784,546,35.098267,97.849297,95.789157,98.503113,96.701385,97.667294,98.03198,981,533,448,34.864807,98.107989,96.286244,98.684692,97.099945,98.03913,98.176946,862,447,415,34.783936,97.675343,95.456311,98.39325,96.447761,98.176009,97.179758,1053,411,642,34.382629
whucd_04478.png,16994,25.930786,15,ChangeMamba-tiny,AEGIS-CD,98.03887,96.153181,97.351673,667,2,-0.015238,0.0,0.959889,False,98.03887,has_change_gt,98.03887,96.153181,98.982239,97.351673,97.972616,98.105214,667,345,322,25.965881,96.642234,93.502635,98.231506,95.442265,95.183473,98.146405,1159,844,315,26.737976,97.045971,94.26146,98.452759,95.998003,96.0997,98.011063,1014,676,338,26.446533,98.054108,96.182501,98.991394,97.373388,98.108984,97.999294,661,321,340,25.901794,98.017014,96.111143,98.979187,97.329748,98.751717,97.293162,669,209,460,25.547791,93.428203,87.666912,96.420288,90.976164,89.157399,98.128751,2346,2028,318,28.540039,97.969274,96.019384,98.947144,97.258623,97.998116,97.94045,690,340,350,25.915527,96.295867,92.856345,98.048401,94.97151,94.810379,97.828645,1279,910,369,26.756287,96.911186,94.007469,98.384094,95.817142,96.078885,97.758032,1059,678,381,26.383972,97.560976,95.238095,98.736572,96.708459,97.676065,97.446157,828,394,434,25.869751,98.021461,96.119696,98.973083,97.328055,97.943717,98.099329,673,350,323,25.971985,97.945749,95.974198,98.933411,97.225466,97.833617,98.058138,699,369,330,25.990295,97.895598,95.877941,98.901367,97.152286,97.253194,98.546546,720,473,247,26.275635,97.952941,95.98801,98.937988,97.235948,97.918382,97.987525,696,354,342,25.949097,95.365148,91.140903,97.529602,93.682836,92.858338,98.011063,1619,1281,338,27.36969
whucd_05685.png,9755,14.884949,15,ChangeMamba-tiny,AEGIS-CD,97.493036,95.108696,97.057909,486,4,-0.702773,-0.494023,1.292334,False,97.998789,has_change_gt;low_false_alarm_tendency,97.493036,95.108696,99.258423,97.057909,98.120652,96.873398,486,181,305,14.69574,95.616772,91.601661,98.735046,94.878503,98.733348,92.690928,829,116,713,13.973999,96.575871,93.378473,98.985291,95.98028,97.020484,96.135315,665,288,377,14.749146,98.195809,96.455567,99.47052,97.885617,99.630724,96.80164,347,35,312,14.46228,96.560067,93.348927,99.002075,95.97692,99.157394,94.095336,654,78,576,14.125061,94.789621,90.095313,98.461914,93.887489,95.600042,93.992824,1008,422,586,14.634705,97.74405,95.587641,99.333191,97.352851,98.450499,97.047668,437,149,288,14.672852,92.506516,86.057789,97.894287,91.286575,98.34892,87.319323,1380,143,1237,13.215637,96.932132,94.046897,99.101257,96.405804,98.528166,95.386981,589,139,450,14.4104,97.305374,94.752157,99.201965,96.837015,97.814377,96.80164,523,211,312,14.730835,97.357556,94.851167,99.21875,96.899194,98.035547,96.688877,512,189,323,14.680481,91.361214,84.096314,97.550964,89.938631,96.18087,87.001538,1605,337,1268,13.464355,97.98706,96.053559,99.401855,97.6358,98.168536,97.806253,392,178,214,14.830017,96.909688,94.004651,99.095154,96.379844,98.558406,95.315223,593,136,457,14.395142,96.968099,94.114637,99.12262,96.455691,99.837134,94.259354,575,15,560,14.053345
whucd_05493.png,32034,48.880005,15,MaskCD,AEGIS-CD,97.965948,96.012994,96.027379,1301,4,-0.065425,-0.049305,0.461756,False,97.965948,has_change_gt;low_false_alarm_tendency,97.965948,96.012994,98.014832,96.027379,98.130109,97.802335,1301,597,704,48.716736,97.969275,96.019385,98.007202,96.013069,97.598984,98.342386,1306,775,531,49.252319,97.91979,95.924362,97.967529,95.932918,97.974873,97.864769,1332,648,684,48.825073,97.816852,95.72699,97.859192,95.716811,97.517918,98.117625,1403,800,603,49.180603,97.192272,94.537906,97.290039,94.574337,98.459321,95.95742,1776,481,1295,47.637939,97.349472,94.835823,97.393799,94.786307,96.790718,97.914716,1708,1040,668,49.447632,98.015253,96.107757,98.062134,96.12211,98.137948,97.892864,1270,595,675,48.757935,95.802129,91.942501,95.817566,91.63795,94.035056,97.636886,2741,1984,757,50.752258,96.856987,93.905525,96.913147,93.824449,96.412112,97.305987,2023,1160,863,49.333191,97.716681,95.535305,97.772217,95.541813,97.909615,97.524505,1460,667,793,48.687744,98.031373,96.138759,98.077393,96.152686,98.129496,97.933446,1260,598,662,48.782349,97.524035,95.167716,97.575378,95.148684,97.358678,97.689954,1589,849,740,49.046326,97.442711,95.012955,97.503662,95.004497,97.586099,97.299744,1636,771,865,48.736572,97.737205,95.574548,97.779846,95.558171,97.384325,98.092652,1455,844,611,49.235535,97.684651,95.474092,97.735596,95.468998,97.645041,97.724293,1484,755,729,48.919678
whucd_04990.png,13793,21.046448,15,ChangeMamba-tiny,AEGIS-CD,97.661753,95.430355,97.039713,644,2,-0.024324,0.0,0.519844,False,97.859431,has_change_gt;low_false_alarm_tendency,97.661753,95.430355,99.017334,97.039713,97.818023,97.505981,644,300,344,20.979309,97.469541,95.063985,98.928833,96.790191,96.924511,98.020735,702,429,273,21.284485,97.622255,95.354958,99.003601,96.992017,98.061448,97.186979,653,265,388,20.858765,97.686077,95.476816,99.028015,97.070876,97.888759,97.484231,637,290,347,20.959473,97.204775,94.561566,98.838806,96.472129,98.511018,95.932719,761,200,561,20.495605,96.756503,93.716802,98.628235,95.88671,96.30135,97.215979,899,515,384,21.246338,97.467389,95.059891,98.936462,96.794295,97.698135,97.237729,697,316,381,20.947266,95.521548,91.427032,98.057556,94.282755,92.782941,98.426738,1273,1056,217,22.32666,95.902894,92.1283,98.284912,94.818392,96.437211,95.374465,1124,486,638,20.814514,97.084899,94.33494,98.780823,96.314173,97.715922,96.461973,799,311,488,20.776367,97.557074,95.23066,98.974609,96.908207,97.834488,97.28123,672,297,375,20.927429,97.300822,94.743526,98.86322,96.580814,97.247972,97.35373,745,380,365,21.069336,97.626874,95.363771,98.997498,96.991408,97.27901,97.977235,657,378,279,21.19751,97.511108,95.143099,98.948669,96.844703,97.170626,97.853984,689,393,296,21.194458,97.274967,94.694511,98.852539,96.548229,97.23973,97.31023,752,381,371,21.061707
whucd_05997.png,24778,37.808228,15,WDMF-Net,AEGIS-CD,97.831831,95.755685,96.512667,1075,5,-0.092128,-0.08492,0.372533,False,97.831831,has_change_gt,97.831831,95.755685,98.35968,96.512667,97.782526,97.881185,1075,550,525,37.846375,97.891469,95.87002,98.403931,96.607469,97.788965,97.994188,1046,549,497,37.887573,97.390256,94.913263,98.017883,95.792461,96.963636,97.820647,1299,759,540,38.142395,97.905475,95.89689,98.41156,96.626167,97.620672,98.191944,1041,593,448,38.02948,97.652046,95.411821,98.242188,96.247531,98.641192,96.682541,1152,330,822,37.057495,97.473244,95.071031,98.083496,95.929587,97.176093,97.772217,1256,704,552,38.040161,97.786688,95.66923,98.31543,96.427041,97.155605,98.426023,1104,714,390,38.302612,96.499312,93.23543,97.322083,94.331477,95.401302,97.622891,1755,1166,589,38.68866,96.534644,93.301417,97.3526,94.393161,95.559334,97.530067,1735,1123,612,38.587952,97.3857,94.904609,98.019409,95.791545,97.201673,97.570425,1298,696,602,37.95166,97.447245,95.021577,98.06366,95.887554,97.144347,97.752038,1269,712,557,38.044739,97.314174,94.768847,97.952271,95.659729,96.522153,98.119299,1342,876,466,38.433838,97.30921,94.759433,97.950745,95.65461,96.621971,98.006296,1343,849,494,38.349915,97.923959,95.932364,98.425293,96.655573,97.621531,98.228267,1032,593,439,38.043213,97.916751,95.918529,98.428345,96.654971,98.143042,97.691501,1030,458,572,37.634277
whucd_04871.png,12089,18.44635,15,CAIFNet,AEGIS-CD,97.495785,95.113928,96.925333,609,2,-0.244444,0.0,2.793323,False,97.823468,has_change_gt,97.495785,95.113928,99.07074,96.925333,96.933769,98.064356,609,375,234,18.661499,93.895786,88.493927,97.644043,92.439644,89.928058,98.229796,1544,1330,214,20.149231,93.969789,88.625486,97.679138,92.53589,90.23146,98.031268,1521,1283,238,20.040894,95.691996,91.73984,98.377991,94.693407,93.802638,97.659029,1063,780,283,19.204712,94.924676,90.339646,98.077393,93.739745,92.51001,97.468773,1260,954,306,19.43512,95.227826,90.89038,98.176575,94.102452,92.055281,98.626851,1195,1029,166,19.763184,93.987769,88.657477,97.689819,92.560796,90.384175,97.890644,1514,1259,255,19.978333,91.248307,83.905182,96.549988,89.110819,85.748581,97.501861,2261,1959,302,20.974731,94.599083,89.751669,97.915649,93.310826,90.608195,98.95773,1366,1240,126,20.146179,95.399144,91.203025,98.260498,94.327423,93.143668,97.766565,1140,870,270,19.361877,94.018846,88.712798,97.685242,92.587657,89.822209,98.626851,1517,1351,166,20.254517,96.740515,93.686808,98.789978,95.997645,96.143791,97.344694,793,472,321,18.676758,97.740229,95.580332,99.159241,97.223819,96.925329,98.568947,551,378,173,18.759155,94.65546,89.853218,97.943115,93.38466,90.89317,98.742659,1348,1196,152,20.039368,93.735044,88.208801,97.563171,92.22744,89.143411,98.825378,1597,1455,142,20.449829
whucd_02167.png,11313,17.262268,15,MaskCD,AEGIS-CD,97.427147,94.983365,96.900659,573,6,-0.224054,-0.168792,0.771387,False,97.814034,has_change_gt;low_false_alarm_tendency,97.427147,94.983365,99.125671,96.900659,99.005293,95.898524,573,109,464,16.720581,97.094002,94.352131,98.999023,96.489386,97.318178,96.870857,656,302,354,17.182922,97.141577,94.442025,99.026489,96.555054,98.491869,95.827809,638,166,472,16.795349,97.59594,95.304756,99.176025,97.09878,98.31375,96.888535,540,188,352,17.012024,97.157251,94.471659,99.035645,96.576802,98.910157,95.465394,632,119,513,16.661072,97.325395,94.790134,99.081421,96.770902,97.838321,96.81782,602,242,360,17.082214,97.454221,95.034843,99.130249,96.929825,98.492372,96.437727,570,167,403,16.902161,95.613997,91.596569,98.460388,94.680624,94.064317,97.215593,1009,694,315,17.840576,96.285602,92.837256,98.704529,95.50115,95.322245,97.268629,849,540,309,17.614746,97.244994,94.637719,99.061584,96.679597,98.583106,95.942721,615,156,459,16.799927,97.651201,95.410207,99.195862,97.166132,98.480762,96.835499,527,169,358,16.973877,90.704109,82.989496,96.565247,88.608671,85.118586,97.074162,2251,1920,331,19.68689,97.499,95.120049,99.14093,96.980414,97.999643,97.003447,563,224,339,17.086792,97.437726,95.003476,99.12262,96.908454,98.247664,96.641032,575,195,380,16.97998,96.975636,94.128837,98.963928,96.350572,97.737475,96.225581,679,252,427,16.995239
whucd_00662.png,8522,13.00354,15,MambaFedCD,AEGIS-CD,97.095484,94.354931,96.662397,494,4,-0.814963,-0.447049,1.051046,False,97.695307,has_change_gt;low_false_alarm_tendency,97.095484,94.354931,99.246216,96.662397,97.301438,96.890401,494,229,265,12.948608,96.921992,94.027809,99.200439,96.462538,97.035992,96.808261,524,252,272,12.973022,95.455377,91.30587,98.86322,94.806909,99.402871,91.809434,745,47,698,12.010193,97.254531,94.655787,99.290466,96.847138,97.872846,96.64398,465,179,286,12.840271,94.380359,89.35872,98.609924,93.589615,99.492782,89.76766,911,39,872,11.732483,94.438639,89.463264,98.538208,93.59726,93.451287,95.447078,958,570,388,13.28125,96.55253,93.33484,99.099731,96.034805,96.159218,96.949073,590,330,260,13.110352,96.835917,93.865922,99.162292,96.353331,95.152339,98.580146,549,428,121,13.471985,97.053068,94.274853,99.241638,96.61795,98.094211,96.033795,497,159,338,12.730408,96.91053,94.006236,99.208069,96.456466,98.344811,95.517484,519,137,382,12.6297,96.817381,93.831095,99.172974,96.342118,96.897038,96.737855,542,264,278,12.982178,89.731317,81.375159,97.544861,88.349254,98.362949,82.492373,1609,117,1492,10.905457,96.817518,93.831353,99.168396,96.339238,96.361734,97.277634,545,313,232,13.127136,97.542533,95.202952,99.365234,97.178101,98.21556,96.878667,416,150,266,12.826538,97.910448,95.906433,99.455261,97.597256,97.676048,98.145975,357,199,158,13.066101
whucd_06145.png,14819,22.612,15,MaskCD,AEGIS-CD,97.5355,95.189553,96.826223,722,4,-0.764764,-0.507271,2.324719,False,97.6549,has_change_gt;low_false_alarm_tendency,97.5355,95.189553,98.898315,96.826223,98.687573,96.410014,722,190,532,22.090149,91.29142,83.978119,96.290588,88.946214,97.296885,85.984209,2431,354,2077,19.98291,97.705252,95.51346,98.970032,97.041304,98.451631,96.970106,675,226,449,22.271729,96.319145,92.899643,98.361206,95.265445,97.861968,94.824212,1074,307,767,21.910095,91.315407,84.018723,96.353149,89.024665,98.929218,84.789797,2390,136,2254,19.380188,94.917959,90.327479,97.764587,93.486579,97.66562,92.320669,1465,327,1138,21.374512,97.116833,94.395261,98.71521,96.290508,98.581856,95.694716,842,204,638,21.949768,95.960857,92.23534,98.173523,94.780814,95.970572,95.951144,1197,597,600,22.607422,96.381158,93.015088,98.361206,95.321926,96.25143,96.511236,1074,557,517,22.673035,94.608708,89.768999,97.621155,93.083812,97.027947,92.307173,1559,419,1140,21.511841,98.300264,96.657345,99.234009,97.805876,98.647638,97.955328,502,199,303,22.453308,96.730099,93.667272,98.510742,95.765963,96.054295,97.41548,976,593,383,22.932434,98.04277,96.160685,99.110413,97.467185,97.554784,98.535664,583,366,217,22.839355,90.067143,81.929231,95.846558,87.463477,98.061184,83.278224,2722,244,2478,19.203186,94.19391,89.025036,97.471619,92.580907,97.966472,90.701127,1657,279,1378,20.935059
whucd_03709.png,1263,1.927185,15,MaskCD,AEGIS-CD,96.807253,93.81207,96.744236,81,2,-0.141104,0.0,8.521644,False,97.653612,has_change_gt,96.807253,93.81207,99.876404,96.744236,96.389325,97.22882,81,46,35,1.94397,93.349456,87.528345,99.74823,93.221185,95.073892,91.686461,165,60,105,1.858521,92.532717,86.103152,99.703979,92.381832,90.037453,95.17023,194,133,61,2.037048,95.361635,91.134485,99.819946,95.269831,94.691647,96.041172,118,68,50,1.954651,95.791583,91.923077,99.839783,95.709933,96.996753,94.615994,105,37,68,1.879883,94.897549,90.29052,99.806213,94.798803,96.329527,93.507522,127,45,82,1.870728,95.60396,91.578149,99.830627,95.517611,95.641838,95.566112,111,55,56,1.925659,92.42599,85.918513,99.699402,92.272778,89.835575,95.17023,197,136,61,2.041626,95.638255,91.641104,99.833679,95.553489,96.682848,94.615994,109,41,68,1.885986,96.699029,93.609023,99.8703,96.632904,94.893293,98.574822,85,67,18,2.001953,96.948357,94.077449,99.880981,96.887673,95.823666,98.099762,78,54,24,1.972961,0.0,0.0,98.072815,0.0,0.0,0.0,1263,0,1263,0.0,96.389325,93.030303,99.859619,96.317748,95.564202,97.22882,92,57,35,1.960754,94.684129,89.904901,99.789429,94.576796,92.19805,97.307997,138,104,34,2.033997,95.676541,91.711435,99.835205,95.592554,96.761134,94.615994,108,40,68,1.88446
whucd_06497.png,27808,42.431641,15,MaskCD,AEGIS-CD,97.647441,95.403029,95.928202,1302,3,-0.07673,-0.063864,1.669845,False,97.647441,has_change_gt;low_false_alarm_tendency,97.647441,95.403029,98.013306,95.928202,98.129721,97.169879,1302,515,787,42.016602,97.525668,95.170827,97.918701,95.7299,98.400322,96.666427,1364,437,927,41.68396,94.918721,90.32886,95.678711,91.159691,94.718184,95.120109,2832,1475,1357,42.611694,96.711127,93.631699,97.19696,94.268938,96.299069,97.126726,1837,1038,799,42.796326,97.093162,94.350545,97.587585,95.03322,99.334111,94.951093,1581,177,1404,40.559387,93.185211,87.23999,94.009399,87.852364,90.067781,96.52618,3926,2960,966,45.474243,97.617151,95.345218,97.991943,95.882158,98.307805,96.936133,1316,464,852,41.8396,93.736373,88.211155,94.520569,88.874366,91.013786,96.62687,3591,2653,938,45.048523,92.739701,86.462282,93.841553,87.392733,92.783097,92.696346,4036,2005,2031,42.391968,97.05523,94.278933,97.535706,94.937338,98.442759,95.706272,1615,421,1194,41.252136,97.724172,95.549626,98.091125,96.080739,98.888112,96.587313,1251,302,949,41.444397,96.574998,93.37684,97.088623,94.043297,96.415771,96.734753,1908,1000,908,42.572021,97.711306,95.52503,98.071289,96.044869,98.402626,97.029632,1264,438,826,41.8396,97.308989,94.759013,97.721863,95.333906,97.546345,97.072785,1493,679,814,42.225647,93.784542,88.29651,94.560242,88.956266,91.021693,96.720368,3565,2653,912,45.088196
whucd_06069.png,26765,40.840149,15,ChangeMamba-tiny,AEGIS-CD,97.578469,95.271441,95.876915,1310,2,-0.071314,0.0,3.624023,False,97.578469,has_change_gt,97.578469,95.271441,98.001099,95.876915,96.564592,98.613861,1310,939,371,41.706848,96.946059,94.073122,97.467041,94.783088,95.494908,98.441995,1660,1243,417,42.100525,94.653603,89.849872,95.770264,91.160751,97.827214,91.679432,2772,545,2227,38.273621,97.649782,95.407499,98.06366,96.003584,96.816012,98.498038,1269,867,402,41.549683,96.714253,93.63756,97.344971,94.487236,97.774045,95.67719,1740,583,1157,39.964294,92.94713,86.823576,93.917847,87.626995,88.282747,98.131889,3986,3486,500,45.396423,97.063381,94.294316,97.541809,94.951701,94.767566,99.473193,1611,1470,141,42.868042,93.607266,87.982761,94.468689,88.759662,88.643955,99.15935,3625,3400,225,45.684814,96.869846,93.929701,97.451782,94.721147,97.194117,96.54773,1670,746,924,40.568542,94.396997,89.388554,95.535278,90.690022,96.822092,92.090417,2926,809,2117,38.844299,96.293029,92.851067,96.922302,93.663144,94.758735,97.877826,2017,1449,568,42.184448,87.073431,77.10624,90.023804,78.996045,92.470499,82.271623,6538,1793,4745,36.335754,95.152052,90.752421,95.906067,91.615731,92.133809,98.374743,2683,2248,435,43.606567,96.122111,92.533754,96.751404,93.330082,93.78021,98.583972,2129,1750,379,42.932129,79.873302,66.490883,85.165405,68.343467,89.563118,72.075472,9722,2248,7474,32.865906
whucd_00156.png,9748,14.874268,15,Change3D,AEGIS-CD,97.053379,94.27544,96.523526,589,4,-0.319545,-0.245891,3.230861,False,97.559666,has_change_gt,97.053379,94.27544,99.101257,96.523526,94.717313,99.507591,589,541,48,15.626526,96.410949,93.070598,98.945618,95.793101,97.643346,95.209274,691,224,467,14.503479,96.868077,93.926374,99.050903,96.309006,95.124604,98.676652,622,493,129,15.429688,90.385782,82.458082,96.855164,88.524303,82.881341,99.384489,2061,2001,60,17.835999,97.29927,94.740583,99.209595,96.836471,98.929177,95.722199,518,101,417,14.39209,90.396007,82.475104,96.858215,88.536336,82.88427,99.405006,2059,2001,58,17.83905,97.372924,94.880345,99.203491,96.903704,95.573997,99.24087,522,448,74,15.444946,85.949506,75.360924,95.3125,83.176035,77.550347,96.389003,3072,2720,352,18.487549,96.073903,92.444444,98.832703,95.38834,96.128171,96.019696,765,377,388,14.857483,94.432537,89.452313,98.374939,93.48157,96.279714,92.654904,1065,349,716,14.31427,96.043077,92.387379,98.777771,95.321505,92.62506,99.72302,801,774,27,16.014099,97.218352,94.587267,99.177551,96.735809,97.819088,96.624949,539,210,329,14.692688,93.021317,86.953133,97.956848,91.824916,94.543914,91.546984,1339,515,824,14.402771,96.588724,93.402506,98.971558,95.983355,95.324675,97.886746,674,468,206,15.274048,85.454832,74.603611,95.77179,82.982767,87.498656,83.504309,2771,1163,1608,14.195251
whucd_05951.png,3688,5.627441,15,CDMamba,AEGIS-CD,96.516165,93.2669,96.314549,250,9,-1.101899,-0.613221,1.688571,False,97.484793,has_change_gt;low_false_alarm_tendency,96.516165,93.2669,99.61853,96.314549,99.283257,93.899132,250,25,225,5.322266,96.587413,93.400054,99.627686,96.390723,99.740035,93.627983,244,9,235,5.282593,97.618064,95.346961,99.736023,97.478369,99.160839,96.12256,173,30,143,5.455017,96.524773,93.282978,99.620056,96.324,99.453552,93.763557,249,19,230,5.305481,96.304623,92.872629,99.598694,96.092746,99.941674,92.922993,263,2,261,5.232239,96.768802,93.739881,99.645996,96.58169,99.484536,94.197397,232,18,214,5.328369,96.211058,92.698756,99.588013,95.993505,99.709133,92.950108,270,10,260,5.245972,95.6743,91.707317,99.533081,95.427997,99.940933,91.75705,306,2,304,5.166626,97.0531,94.274912,99.676514,96.88208,99.572162,94.658351,212,15,197,5.349731,96.391608,93.034557,99.606323,96.183633,99.537839,93.438178,258,16,242,5.282593,96.992377,94.160388,99.668884,96.817267,99.206124,94.875271,217,28,189,5.381775,71.081601,55.136893,97.47467,69.876026,99.95086,55.151844,1655,1,1654,3.105164,97.052719,94.274194,99.674988,96.880807,99.09579,95.092191,213,32,181,5.400085,96.196491,92.671714,99.586487,95.978136,99.709049,92.922993,271,10,261,5.244446,97.129386,94.418981,99.684143,96.962355,99.403917,94.956616,207,21,186,5.375671
whucd_05994.png,17160,26.184082,15,Change3D,AEGIS-CD,97.443055,95.01361,96.559502,861,7,-0.68561,-0.591517,0.221973,False,97.443055,has_change_gt;low_false_alarm_tendency,97.443055,95.01361,98.686218,96.559502,99.352026,95.606061,861,107,754,25.196838,97.732938,95.566388,98.834229,96.948675,99.564692,95.967366,764,72,692,25.238037,96.97904,94.135252,98.445129,95.932634,98.702553,95.314685,1019,215,804,25.285339,98.034573,96.144914,98.986816,97.352294,99.615014,96.503497,664,64,600,25.366211,97.048964,94.267109,98.495483,96.04034,99.76003,94.481352,986,39,947,24.798584,96.415886,93.0798,98.136902,95.157282,97.13728,95.705128,1221,484,737,25.798035,98.128665,96.326082,99.031067,97.475078,99.260717,97.022145,635,124,511,25.593567,97.2099,94.571266,98.54126,96.222381,97.369036,97.051282,956,450,506,26.098633,96.902984,93.992036,98.41156,95.835478,98.984988,94.90676,1041,167,874,25.105286,97.447465,95.021996,98.687744,96.56474,99.298331,95.664336,860,116,744,25.22583,96.910112,94.00545,98.388672,95.82031,97.320169,96.503497,1056,456,600,25.964355,97.545288,95.208201,98.730469,96.68931,98.786901,96.334499,832,203,629,25.534058,97.817266,95.727784,98.875427,97.060145,99.451972,96.235431,737,91,646,25.337219,96.480126,93.199617,98.158264,95.232982,96.561789,96.398601,1207,589,618,26.139832,96.441942,93.12838,98.158264,95.19975,97.583965,95.32634,1207,405,802,25.578308
whucd_05233.png,16845,25.70343,15,ChangeMamba-tiny,AEGIS-CD,97.419317,94.968481,96.525726,870,6,-0.449477,-0.327104,0.206372,False,97.419317,has_change_gt,97.419317,94.968481,98.672485,96.525726,97.355783,97.482933,870,446,424,25.737,97.145562,94.449557,98.527527,96.153443,96.810518,97.482933,965,541,424,25.881958,97.091763,94.347902,98.526001,96.104867,98.497343,95.725735,966,246,720,24.980164,97.868794,95.826533,98.907471,97.134262,98.143394,97.595726,716,311,405,25.559998,97.014159,94.201454,98.490906,96.004846,98.703772,95.381419,989,211,778,24.838257,97.392752,94.918004,98.661804,96.492668,97.546451,97.239537,877,412,465,25.622559,97.542567,95.203016,98.738098,96.693658,97.649929,97.435441,827,395,432,25.646973,95.964495,92.242061,97.904968,94.549928,95.034346,96.913031,1373,853,520,26.211548,96.407651,93.064451,98.165894,95.176323,97.074932,95.749481,1202,486,716,25.352478,97.344391,94.826178,98.646545,96.436331,98.194008,96.50935,887,299,588,25.262451,97.74642,95.592174,98.84491,96.969868,98.035352,97.459187,757,329,428,25.552368,97.465274,95.055868,98.696899,96.588297,97.459488,97.47106,854,428,426,25.706482,97.112421,94.386924,98.527527,96.124315,97.906359,96.331256,965,347,618,25.289917,97.745883,95.591147,98.84491,96.969396,98.05831,97.435441,757,325,432,25.540161,97.139091,94.437325,98.542786,96.161631,98.046686,96.248145,955,323,632,25.231934
whucd_03975.png,20431,31.175232,15,MaskCD,AEGIS-CD,97.338514,94.815025,96.119379,1096,6,-0.704922,-0.580697,0.507285,False,97.338514,has_change_gt,97.338514,94.815025,98.327637,96.119379,96.592607,98.096031,1096,707,389,31.660461,97.415613,94.961442,98.374939,96.230598,96.602175,98.242866,1065,706,359,31.704712,97.26237,94.670639,98.280334,96.008925,96.547068,97.988351,1127,716,411,31.640625,97.856464,95.802894,98.658752,96.880519,97.511664,98.20371,879,512,367,31.396484,97.620458,95.351529,98.529053,96.556085,98.471192,96.784298,964,307,657,30.641174,95.048796,90.564751,96.833801,92.723732,92.732098,97.484215,2075,1561,514,32.772827,97.919211,95.92325,98.699951,96.973873,97.718742,98.120503,852,468,384,31.303406,95.714422,91.781073,97.259521,93.702,93.38362,98.164554,1796,1421,375,32.771301,95.796295,91.931755,97.337341,93.848599,94.321632,97.317801,1745,1197,548,32.165527,96.820523,93.836997,97.993469,95.355047,95.670872,97.99814,1315,906,409,31.933594,98.043436,96.161965,98.779297,97.156361,97.981131,98.10582,800,413,387,31.214905,97.266222,94.677937,98.280334,96.012009,96.417236,98.130292,1127,745,382,31.729126,95.845618,92.022645,97.398376,93.951878,95.429403,96.265479,1705,942,763,31.448364,95.691001,91.738012,97.305298,93.730721,95.406997,95.976702,1766,944,822,31.361389,97.336774,94.811723,98.330688,96.121186,96.827626,97.851304,1094,655,439,31.504822
whucd_05988.png,3536,5.395508,15,WDMF-Net,AEGIS-CD,96.29304,92.851088,96.089695,253,5,-0.472694,-0.277805,0.463746,False,97.273265,has_change_gt;low_false_alarm_tendency,96.29304,92.851088,99.613953,96.089695,99.908787,92.929864,253,3,250,5.018616,96.570845,93.369074,99.641418,96.381867,99.758818,93.580317,235,8,227,5.06134,96.078719,92.453363,99.59259,95.864191,99.938894,92.505656,267,2,265,4.994202,95.700824,91.75607,99.554443,95.466292,99.815725,91.911765,292,6,286,4.968262,95.338168,91.091629,99.519348,95.08536,100.0,91.091629,315,0,315,4.914856,95.933294,92.184425,99.575806,95.709808,99.363636,92.7319,278,21,257,5.0354,96.159484,92.603049,99.60022,95.948918,99.817407,92.760181,262,6,256,5.014038,93.883238,88.471639,99.330139,93.528986,92.529525,95.277149,439,272,167,5.555725,95.489162,91.367713,99.530029,95.241597,99.027947,92.19457,308,32,276,5.023193,95.390959,91.188063,99.5224,95.139565,99.508449,91.600679,313,16,297,4.966736,96.419699,93.086907,99.62616,96.222716,99.758089,93.297511,245,8,237,5.046082,95.886814,92.098627,99.569702,95.660028,99.006024,92.958145,282,33,249,5.065918,96.5467,93.323944,99.638367,96.356079,99.5792,93.693439,237,14,223,5.076599,96.765734,93.734124,99.661255,96.587175,99.789663,93.919683,222,7,215,5.078125,95.446481,91.289593,99.530029,95.199251,100.0,91.289593,308,0,308,4.925537
whucd_07008.png,589,0.898743,15,MaskCD,AEGIS-CD,96.452703,93.14845,96.420368,42,8,-1.038936,-0.670817,1.508337,False,97.24764,has_change_gt,96.452703,93.14845,99.935913,96.420368,95.966387,96.943973,42,24,18,0.907898,94.476505,89.53125,99.897766,94.424953,91.826923,97.283531,67,51,16,0.952148,89.160305,80.440771,99.783325,89.051996,80.998613,99.151104,142,137,5,1.100159,96.813092,93.823038,99.943542,96.784617,98.251748,95.415959,37,10,27,0.872803,95.7795,91.900826,99.925232,95.74179,97.202797,94.397284,49,16,33,0.872803,96.534653,93.301435,99.935913,96.502337,93.900482,99.320883,42,38,4,0.950623,96.569038,93.365696,99.937439,96.537476,95.214521,97.962649,41,29,12,0.924683,91.365777,84.104046,99.832153,91.281516,84.963504,98.811545,110,103,7,1.045227,95.197256,90.834697,99.914551,95.154152,96.187175,94.227504,56,22,34,0.880432,94.233937,89.096573,99.893188,94.18008,91.52,97.113752,70,53,17,0.953674,97.491639,95.106036,99.954224,97.468545,96.046129,98.981324,30,24,6,0.926208,90.923318,83.357245,99.822998,90.834498,84.325109,98.641766,116,108,8,1.051331,96.551724,93.333333,99.937439,96.52016,95.666667,97.453311,41,26,15,0.915527,97.123519,94.407895,99.94812,97.097344,96.795953,97.453311,34,19,15,0.904846,97.000857,94.176373,99.946594,96.973917,97.923875,96.095076,35,12,23,0.881958
whucd_05251.png,14650,22.354126,15,Change3D,AEGIS-CD,97.099596,94.362696,96.278389,839,5,-0.799636,-0.793413,0.551005,False,97.231889,has_change_gt;low_false_alarm_tendency,97.099596,94.362696,98.719788,96.278389,98.368004,95.863481,839,233,606,21.784973,97.574013,95.262947,98.919678,96.879147,97.963396,97.187713,708,296,412,22.177124,95.607054,91.583826,98.088074,94.386358,98.284437,93.071672,1253,238,1015,21.168518,97.091135,94.346717,98.71521,96.266822,98.293229,95.918089,842,244,598,21.813965,96.184922,92.650244,98.342896,95.127665,99.088014,93.447099,1086,126,960,21.081543,96.327889,92.915914,98.384094,95.29236,97.892734,94.812287,1059,299,760,21.650696,97.899231,95.884911,99.061584,97.295088,97.982906,97.8157,615,295,320,22.315979,93.680478,88.112208,97.225952,91.9042,95.445531,91.979522,1818,643,1175,21.542358,95.758038,91.861316,98.13385,94.562251,97.341513,94.225256,1223,377,846,21.638489,96.748447,93.701687,98.570251,95.83244,98.397685,95.153584,937,227,710,21.617126,97.893009,95.872973,99.060059,97.288118,98.107775,97.679181,616,276,340,22.25647,96.013949,92.33349,98.25592,94.898384,98.153298,93.96587,1143,259,884,21.400452,97.338873,94.815707,98.817444,96.578725,97.934084,96.750853,775,299,476,22.084045,96.950586,94.081646,98.657227,96.089906,98.458615,95.488055,880,219,661,21.679688,96.612645,93.447255,98.513794,95.661151,98.4827,94.812287,974,214,760,21.520996
whucd_04367.png,24602,37.539673,15,MaskCD,AEGIS-CD,97.191451,94.536351,95.538691,1364,5,-0.517081,-0.238799,1.981136,False,97.191451,has_change_gt;low_false_alarm_tendency,97.191451,94.536351,97.918701,95.538691,98.485228,95.931225,1364,363,1001,36.566162,96.875767,93.940836,97.668457,95.01618,97.465646,96.292984,1528,616,912,37.088013,90.386441,82.459179,92.427063,84.162142,86.337564,94.833753,4963,3692,1271,41.233826,97.43025,94.989263,98.077393,95.894444,97.77323,97.089668,1260,544,716,37.277222,96.115816,92.522088,97.158813,93.878521,98.723003,93.642793,1862,298,1564,35.60791,95.263662,90.955692,96.5271,92.524566,97.599352,93.037151,2276,563,1713,35.784912,97.27617,94.69679,97.958374,95.643474,97.438825,97.114056,1338,628,710,37.414551,93.84682,88.40698,95.448303,90.236416,95.2716,92.464027,2983,1129,1854,36.433411,94.376069,89.351029,95.88623,91.136676,96.936064,91.947809,2696,715,1981,35.60791,95.380612,91.169154,96.641541,92.746737,98.602734,92.36241,2201,322,1879,35.163879,97.708532,95.519727,98.274231,96.324474,97.406585,98.012357,1131,642,489,37.773132,95.871436,92.070256,96.961975,93.469777,97.85802,93.963905,1991,506,1485,36.045837,97.230371,94.610024,97.911072,95.553614,96.789785,97.674986,1369,797,572,37.882996,96.767818,93.738034,97.60437,94.86525,98.039379,95.528819,1570,470,1100,36.578369,88.414648,79.234995,92.097473,82.510056,98.313517,80.326803,5179,339,4840,30.671692
whucd_05643.png,12793,19.520569,15,MaskCD,AEGIS-CD,96.914616,94.013925,96.164394,791,2,-0.069674,0.0,0.82516,False,97.188587,has_change_gt,96.914616,94.013925,98.79303,96.164394,96.722205,97.107793,791,421,370,19.598389,96.265041,92.799036,98.54126,95.358674,96.227447,96.302666,956,483,473,19.535828,95.826218,91.986886,98.396301,94.834006,97.392638,94.309388,1051,323,728,18.902588,96.628945,93.477758,98.709106,95.831027,98.553198,94.778394,846,178,668,18.772888,95.329916,91.076564,98.248291,94.254093,99.389261,91.58915,1148,72,1076,17.988586,96.239882,92.752287,98.561096,95.35065,98.225623,94.332838,943,218,725,18.746948,96.353015,92.962681,98.590088,95.479246,97.313242,95.411553,924,337,587,19.139099,94.874294,90.248424,97.993469,93.626878,94.61981,95.130149,1315,692,623,19.625854,95.657404,91.676274,98.347473,94.637834,98.20517,93.23849,1083,218,865,18.533325,96.22122,92.717625,98.554993,95.328401,98.280078,94.246854,947,211,736,18.719482,96.98429,94.145145,98.834229,96.261838,97.958695,96.029078,764,256,508,19.136047,95.728633,91.807211,98.332214,94.692447,95.717412,95.739858,1093,548,545,19.525146,96.102763,92.497901,98.500061,95.17432,97.506034,94.739311,983,310,673,18.966675,96.348369,92.954032,98.573303,95.461837,96.276928,96.419917,935,477,458,19.549561,96.692393,93.596585,98.718262,95.897565,97.421249,95.974361,840,325,515,19.230652
whucd_05754.png,1072,1.635742,15,SNUNet,AEGIS-CD,96.32986,92.91958,96.267055,81,3,-0.441358,-0.218733,8.193781,False,97.161647,has_change_gt,96.32986,92.91958,99.876404,96.267055,93.656388,99.160448,81,72,9,1.731873,95.805142,91.948052,99.858093,95.733048,92.751092,99.067164,93,83,10,1.747131,91.19931,83.822363,99.688721,91.041777,84.831461,98.600746,204,189,15,1.901245,96.043656,92.388451,99.867249,95.976191,93.700089,98.507463,87,71,16,1.719666,96.102662,92.497713,99.874878,96.039103,97.965116,94.309701,82,21,61,1.574707,96.771218,93.744415,99.893188,96.716921,95.711679,97.854478,70,47,23,1.672363,96.010879,92.327812,99.865723,95.942646,93.386243,98.787313,88,75,13,1.730347,89.700704,81.32482,99.642944,89.519614,84.916667,95.05597,234,181,53,1.831055,93.836598,88.388839,99.803162,93.736642,96.180215,91.604478,129,39,90,1.557922,95.159059,90.765172,99.839783,95.077614,94.074749,96.268657,105,65,40,1.673889,95.407003,91.217391,99.845886,95.328681,93.078971,97.854478,101,78,23,1.719666,0.928505,0.466418,98.371887,0.913456,100.0,0.466418,1067,0,1067,0.007629,96.548592,93.32748,99.884033,96.48966,94.070796,99.160448,76,67,9,1.724243,95.051271,90.569244,99.830627,94.965281,91.033305,99.440299,111,105,6,1.786804,95.340502,91.09589,99.841309,95.259909,91.724138,99.253731,104,96,8,1.77002
whucd_05104.png,23898,36.465454,15,MaskCD,AEGIS-CD,97.152229,94.462163,95.563695,1337,2,-0.172839,0.0,0.722944,False,97.152229,has_change_gt;low_false_alarm_tendency,97.152229,94.462163,97.9599,95.563695,98.937139,95.43058,1337,245,1092,35.173035,96.737607,93.681353,97.65625,94.909474,98.227226,95.292493,1536,411,1125,35.375977,95.659639,91.680379,96.836853,93.171374,95.729791,95.589589,2073,1019,1054,36.412048,96.823733,93.843028,97.73407,95.063926,99.033034,94.710854,1485,221,1264,34.873962,96.284009,92.834296,97.367859,94.248998,99.223016,93.514102,1725,175,1550,34.367371,96.620236,93.46146,97.56012,94.711547,97.62098,95.639802,1599,557,1042,35.725403,96.52632,93.285868,97.525024,94.605681,98.859449,94.300778,1622,260,1362,34.783936,95.22112,90.878162,96.522522,92.487971,95.435249,95.00795,2279,1086,1193,36.302185,95.80501,91.947809,96.977234,93.442974,96.981779,94.656457,1981,704,1277,35.591125,96.060334,92.419322,97.186279,93.873548,98.136022,94.070634,1844,427,1417,34.954834,97.325068,94.789513,98.077393,95.825002,98.776179,95.915976,1260,284,976,35.409546,96.801968,93.802145,97.698975,95.005496,98.138115,95.501716,1508,433,1075,35.48584,97.050574,94.270145,97.88208,95.399059,98.592522,95.556113,1388,326,1062,35.342407,97.072465,94.311464,97.900391,95.436462,98.740478,95.459871,1376,291,1085,35.253906,96.021907,92.34821,97.140503,93.790741,97.445067,94.639719,1874,593,1281,35.415649
whucd_03594.png,26428,40.325928,15,MaskCD,AEGIS-CD,97.145201,94.448876,95.168958,1531,3,-0.30314,-0.213404,1.952752,False,97.145201,has_change_gt,97.145201,94.448876,97.663879,95.168958,95.764862,98.565915,1531,1152,379,41.505432,94.5206,89.610484,95.620728,90.874068,95.391137,93.665809,2870,1196,1674,39.596558,94.247514,89.120849,95.181274,90.111602,90.86758,97.888603,3158,2600,558,43.441772,97.141782,94.442412,97.68219,95.192619,96.616387,97.672923,1519,904,615,40.766907,96.869519,93.929086,97.494507,94.781198,97.621426,96.129105,1642,619,1023,39.709473,93.690314,88.129612,94.918823,89.437239,93.832549,93.548509,3330,1625,1705,40.203857,97.358605,94.853158,97.871399,95.576064,97.437938,97.279401,1395,676,719,40.260315,91.827525,84.889917,93.423462,86.32549,92.033447,91.622522,4310,2096,2214,40.145874,94.253924,89.132313,95.201111,90.142454,91.128776,97.601029,3145,2511,634,43.190002,94.305424,89.224469,95.503235,90.592939,96.36299,92.333888,2947,921,2026,38.639832,97.448342,95.023662,97.914124,95.684982,96.161356,98.770244,1367,1042,325,41.419983,91.823083,84.882325,93.658447,86.657489,95.643085,88.296504,4156,1063,3093,37.228394,96.821899,93.839583,97.402954,94.626911,95.5762,98.100499,1702,1200,502,41.390991,96.71644,93.64166,97.319031,94.451755,95.550386,97.911306,1757,1205,552,41.322327,95.66932,91.698167,96.414185,92.613257,93.249749,98.217799,2350,1879,471,42.474365
whucd_06244.png,15965,24.360657,15,Change3D,AEGIS-CD,97.088466,94.341676,96.142343,936,8,-0.882749,-0.748724,0.108388,False,97.120433,has_change_gt,97.088466,94.341676,98.571777,96.142343,96.43453,97.751331,936,577,359,24.693298,97.183187,94.520714,98.623657,96.272545,96.904777,97.463201,902,497,405,24.501038,95.445897,91.288524,97.735596,93.939896,93.562361,97.406827,1484,1070,414,25.361633,97.550347,95.21784,98.799133,96.754995,96.955822,98.152208,787,492,295,24.661255,96.906235,93.998153,98.512268,95.92712,98.199357,95.646727,975,280,695,23.727417,96.247951,92.767277,98.149109,95.019758,95.074554,97.450673,1213,806,407,24.969482,97.971214,96.023111,99.012756,97.318873,98.091172,97.85155,647,304,343,24.301147,95.837307,92.007325,97.935486,94.465232,94.177047,97.557156,1353,963,390,25.234985,96.350958,92.958851,98.219299,95.173257,96.197552,96.504854,1167,609,558,24.438477,97.632838,95.375154,98.852539,96.875593,98.133266,97.137488,752,295,457,24.113464,97.83719,95.765955,98.953247,97.146771,98.495525,97.187598,686,237,449,24.03717,96.934051,94.05051,98.504639,95.945232,96.831052,97.037269,980,507,473,24.412537,97.622474,95.355375,98.840332,96.855619,97.512655,97.73254,760,398,362,24.415588,97.634892,95.379075,98.84491,96.870753,97.400573,97.870341,757,417,340,24.478149,96.56655,93.361046,98.318481,95.453189,96.069679,97.068588,1102,634,468,24.613953
whucd_05893.png,16145,24.635315,15,WDMF-Net,AEGIS-CD,97.070947,94.308598,96.124018,938,9,-0.63148,-0.614383,0.856319,False,97.089181,has_change_gt;low_false_alarm_tendency,97.070947,94.308598,98.568726,96.124018,97.883998,96.271291,938,336,602,24.229431,96.81291,93.822696,98.435974,95.776647,97.202797,96.426138,1025,448,577,24.438477,97.452289,95.031169,98.747253,96.621717,97.649254,97.256116,821,378,443,24.536133,97.425348,94.979944,98.739624,96.590966,98.061116,96.79777,826,309,517,24.317932,97.68533,95.47539,98.87085,96.938724,98.672986,96.71725,740,210,530,24.147034,96.729189,93.665566,98.390198,95.661561,96.834264,96.624342,1055,510,545,24.581909,97.320899,94.781605,98.68927,96.453359,98.014826,96.63673,859,316,543,24.28894,95.841918,92.015824,97.967529,94.497093,96.61401,95.082069,1332,538,794,24.24469,96.489745,93.21757,98.28949,95.359171,97.574414,95.428925,1121,383,738,24.093628,97.346238,94.829684,98.703003,96.488091,98.142902,96.562403,850,295,555,24.238586,97.074236,94.314807,98.568726,96.12694,97.775683,96.382781,938,354,584,24.284363,94.999841,90.475902,97.599792,93.422179,97.57738,92.554971,1573,371,1202,23.36731,97.431777,94.992166,98.731995,96.589964,97.230447,97.633942,831,449,382,24.737549,97.702427,95.50806,98.864746,96.94856,97.425633,97.980799,744,418,326,24.775696,86.692645,76.511048,94.111633,82.974314,97.790571,77.856922,3859,284,3575,19.613647
whucd_07165.png,12965,19.78302,15,Change3D,AEGIS-CD,96.773451,93.748606,95.972579,841,6,-0.410725,-0.336728,2.095327,False,97.0343,has_change_gt,96.773451,93.748606,98.716736,95.972579,96.274809,97.277285,841,488,353,19.989014,93.487572,87.771515,97.285461,91.778536,88.970178,98.488238,1779,1583,196,21.899414,96.043831,92.388776,98.402405,95.043455,94.140741,98.025453,1047,791,256,20.599365,96.949617,94.079823,98.777771,96.185549,95.749962,98.179715,801,565,236,20.285034,96.923494,94.030635,98.786926,96.168024,97.258465,96.590821,795,353,442,19.647217,91.825446,84.886364,96.549988,89.649884,86.42303,97.948322,2261,1995,266,22.421265,97.184176,94.522587,98.876953,96.482839,96.416913,97.963749,736,472,264,20.100403,89.79563,81.481006,95.596313,87.012677,82.901351,97.940609,2886,2619,267,23.371887,90.232141,82.202697,96.012878,87.730335,87.545336,93.089086,2613,1717,896,21.035767,96.425571,93.097854,98.571777,95.53328,95.49202,97.377555,936,596,340,20.173645,97.110179,94.382689,98.843384,96.387305,96.012062,98.233706,758,529,229,20.240784,91.519593,84.36509,96.539307,89.34821,88.816315,94.392595,2268,1541,727,21.025085,96.802503,93.80315,98.721313,96.003485,95.786453,97.840339,838,558,280,20.207214,96.673738,93.561634,98.660278,95.835287,94.99665,98.411107,878,672,206,20.49408,94.520243,89.609842,97.744751,93.103122,91.004498,98.31855,1478,1260,218,21.372986
whucd_03617.png,25600,39.0625,15,MaskCD,AEGIS-CD,97.005579,94.185276,95.171433,1492,6,-0.944026,-0.787324,0.148719,False,97.005579,has_change_gt;low_false_alarm_tendency,97.005579,94.185276,97.723389,95.171433,99.75646,94.402344,1492,59,1433,36.965942,96.745592,93.696331,97.535706,94.76592,99.916753,93.769531,1615,20,1595,36.659241,97.36797,94.870939,97.889709,95.608718,94.937836,99.925781,1383,1364,19,41.114807,96.937009,94.056081,97.677612,95.069597,99.975093,94.078125,1522,6,1516,36.758423,93.943218,88.578227,95.3125,90.120598,94.840764,93.0625,3072,1296,1776,38.330078,96.38949,93.030611,97.276306,94.207325,99.949662,93.074219,1785,12,1773,36.375427,96.680038,93.573435,97.486877,94.661605,99.883377,93.675781,1647,28,1619,36.634827,97.792903,95.681128,98.3078,96.421603,99.683531,95.972656,1109,78,1031,37.608337,97.373317,94.881092,97.996521,95.755569,99.794973,95.066406,1313,50,1263,37.211609,97.319662,94.779257,97.953796,95.666404,99.647988,95.097656,1341,86,1255,37.278748,97.949605,95.981603,98.426819,96.67413,99.769072,96.195312,1031,57,974,37.663269,96.751862,93.708093,97.537231,94.77157,99.784143,93.898438,1614,52,1562,36.758423,96.992693,94.160982,97.714233,95.151535,99.77284,94.363281,1498,55,1443,36.94458,96.822392,93.840509,97.592163,94.887102,99.921031,93.910156,1578,19,1559,36.712646,96.930292,94.043434,97.673035,95.059494,99.991694,94.050781,1525,2,1523,36.741638
whucd_04145.png,1005,1.533508,15,MambaFedCD,AEGIS-CD,96.146435,92.57885,96.084482,80,4,-1.024296,-0.20393,8.384655,False,96.973111,has_change_gt,96.146435,92.57885,99.87793,96.084482,93.18394,99.303483,80,73,7,1.634216,96.030978,92.364991,99.874878,95.967462,93.496701,98.706468,82,69,13,1.618958,88.928413,80.064051,99.620056,88.737345,80.385852,99.502488,249,244,5,1.898193,95.965418,92.243767,99.871826,95.900376,92.75766,99.402985,84,78,6,1.643372,91.025641,83.529412,99.743652,90.896327,98.269896,84.776119,168,15,153,1.322937,93.950178,88.590604,99.81842,93.85805,96.049896,91.940299,119,38,81,1.467896,95.606495,91.5828,99.859619,95.535281,91.919192,99.60199,92,88,4,1.661682,93.642785,88.045541,99.807739,93.545199,94.984647,92.338308,126,49,77,1.490784,96.350365,92.957746,99.885559,96.292261,94.285714,98.507463,75,60,15,1.602173,93.257261,87.366375,99.801636,93.156783,97.399783,89.452736,130,24,106,1.408386,95.365504,91.141553,99.85199,95.290418,91.727941,99.303483,97,90,7,1.660156,0.0,0.0,98.008728,-0.710068,0.0,0.0,1305,300,1005,0.457764,96.224589,92.723881,99.880981,96.164171,93.685203,98.905473,78,67,11,1.618958,95.146564,90.742438,99.845886,95.068357,92.007435,98.507463,101,86,15,1.641846,97.170732,94.497154,99.911499,97.125796,95.311005,99.104478,58,49,9,1.594543
whucd_07201.png,4491,6.852722,15,BiFA,AEGIS-CD,95.915315,92.151227,95.625585,355,5,-2.134763,-1.557056,12.395358,False,96.822679,has_change_gt;low_false_alarm_tendency,95.915315,92.151227,99.458313,95.625585,99.238095,92.807838,355,32,323,6.408691,96.696833,93.604906,99.554443,96.458009,98.275466,95.168114,292,75,217,6.636047,58.786545,41.629564,95.999146,57.055615,99.946553,41.638833,2622,1,2621,2.854919,97.472371,95.06937,99.647522,97.282983,95.826162,99.17613,231,194,37,7.092285,80.906921,67.935872,97.802734,79.786202,100.0,67.935872,1440,0,1440,4.655457,46.419648,30.224991,84.620667,40.178226,30.488827,97.216656,10079,9954,125,21.850586,95.761948,91.868512,99.42627,95.454306,96.964163,94.589178,376,133,243,6.684875,55.408639,38.32085,89.193726,50.5475,38.626986,97.973725,7082,6991,91,17.381287,81.741788,69.121447,97.08252,80.191203,71.55994,95.301715,1912,1701,211,9.126282,98.050078,96.174745,99.731445,97.905873,97.574421,98.530394,176,110,66,6.919861,97.43925,95.006375,99.641418,97.246555,95.411865,99.554665,235,215,20,7.150269,92.111147,85.375962,98.869324,91.503423,88.249694,96.325985,741,576,165,7.479858,93.604927,87.978629,99.176025,93.166481,99.974703,87.998219,540,1,539,6.031799,92.917016,86.771037,98.968506,92.362845,87.749852,98.730795,676,619,57,7.710266,81.962279,69.437362,97.25647,80.493315,74.584627,90.959697,1798,1392,406,8.357239
whucd_05292.png,551,0.840759,15,WDMF-Net,AEGIS-CD,95.970009,92.252252,95.93697,43,2,-0.506955,0.0,30.397812,False,96.762047,has_change_gt;low_false_alarm_tendency,95.970009,92.252252,99.934387,95.93697,99.224806,92.92196,43,4,39,0.787354,91.780822,84.810127,99.871826,91.71663,99.575372,85.117967,84,2,82,0.718689,94.746717,90.017825,99.914551,94.703691,98.058252,91.651543,56,10,46,0.785828,95.87242,92.072072,99.932861,95.838615,99.223301,92.740472,44,4,40,0.785828,12.265758,6.533575,99.214172,12.175188,100.0,6.533575,515,0,515,0.054932,73.744292,58.40868,99.649048,73.579467,99.384615,58.62069,230,2,228,0.495911,11.623932,6.170599,99.211121,11.537478,100.0,6.170599,517,0,517,0.05188,92.936803,86.805556,99.884033,92.878374,95.238095,90.744102,76,25,51,0.801086,0.0,0.0,99.159241,0.0,0.0,0.0,551,0,551,0.0,94.706994,89.94614,99.914551,94.663997,98.816568,90.92559,56,6,50,0.773621,95.514019,91.413238,99.926758,95.477129,98.458574,92.740472,48,8,40,0.791931,0.0,0.0,99.159241,0.0,0.0,0.0,551,0,551,0.0,87.080366,77.117117,99.806213,86.984182,99.074074,77.676951,127,4,123,0.65918,96.476965,93.193717,99.940491,96.446957,96.043165,96.914701,39,22,17,0.848389,71.261682,55.353902,99.624634,71.088462,100.0,55.353902,246,0,246,0.465393
whucd_06146.png,1901,2.900696,15,ChangeMamba-tiny,AEGIS-CD,95.823228,91.981376,95.701602,155,5,-1.162778,-0.613057,1.567473,False,96.718263,has_change_gt;low_false_alarm_tendency,95.823228,91.981376,99.763489,95.701602,98.232044,93.529721,155,32,123,2.761841,96.436285,93.117831,99.798584,96.332723,99.057127,93.950552,132,17,115,2.75116,94.259819,89.142857,99.681091,94.096138,98.62069,90.26828,209,24,185,2.655029,96.986006,94.14838,99.829102,96.898112,99.283747,94.792215,112,13,99,2.76947,93.44125,87.68989,99.641418,93.257629,99.524376,88.058916,235,8,227,2.566528,95.732536,91.81439,99.760437,95.609437,99.04387,92.635455,157,17,140,2.713013,95.823228,91.981376,99.763489,95.701602,98.232044,93.529721,155,32,123,2.761841,92.544441,86.123457,99.571228,92.323726,93.361884,91.741189,281,124,157,2.850342,88.469358,79.322917,99.394226,88.161772,98.767834,80.115729,397,19,378,2.352905,94.908794,90.310881,99.714661,94.762197,98.363431,91.688585,187,29,158,2.703857,96.172507,92.627207,99.783325,96.061084,98.618021,93.845345,142,25,117,2.760315,87.400881,77.621283,99.345398,87.069539,98.93617,78.274592,429,16,413,2.294922,95.663884,91.688178,99.754333,95.537544,98.013245,93.424513,161,36,125,2.764893,95.978408,92.267774,99.772644,95.861505,98.558758,93.529721,149,26,123,2.752686,95.763172,91.870766,99.761963,95.640847,98.989332,92.740663,156,18,138,2.71759
whucd_05238.png,25155,38.383484,15,Change3D,AEGIS-CD,96.702145,93.614862,94.694543,1636,7,-0.538559,-0.422405,0.177852,False,96.702145,has_change_gt;low_false_alarm_tendency,96.702145,93.614862,97.503662,94.694543,98.090214,95.352813,1636,467,1169,37.312317,96.555692,93.34075,97.351074,94.403727,96.379768,96.73226,1736,914,822,38.523865,96.597384,93.418704,97.412109,94.509728,97.509012,95.702644,1696,615,1081,37.672424,96.392927,93.037014,97.270203,94.197891,97.798871,95.026834,1789,538,1251,37.295532,96.603421,93.429997,97.44873,94.562146,98.778613,94.521964,1672,294,1378,36.729431,96.51417,93.263174,97.323608,94.342141,96.498828,96.529517,1754,881,873,38.395691,97.240704,94.629594,97.892761,95.536325,97.750462,96.736235,1381,560,821,37.985229,94.402553,89.398519,95.718384,90.935946,94.742743,94.064798,2806,1313,1493,38.108826,96.117495,92.525199,96.97876,93.645519,94.838061,97.431922,1980,1334,646,39.433289,96.946443,94.073844,97.668457,95.060857,97.472373,96.426158,1528,629,899,37.971497,96.945509,94.072085,97.676086,95.070392,97.826439,96.080302,1523,537,986,37.698364,96.127154,92.543102,97.036743,93.727532,96.446436,95.809978,1942,888,1054,38.130188,96.97472,94.127112,97.660828,95.06814,96.284975,97.674419,1533,948,585,38.937378,96.797382,93.793533,97.566223,94.835092,97.792924,95.821904,1595,544,1051,37.609863,97.12455,94.409842,97.781372,95.318549,96.635315,97.618764,1454,855,599,38.774109
whucd_01163.png,1857,2.833557,15,ChangeMamba-tiny,AEGIS-CD,95.778435,91.898865,95.655156,157,7,-1.602907,-1.157049,10.09304,False,96.670113,has_change_gt,95.778435,91.898865,99.760437,95.655156,95.649839,95.907377,157,81,76,2.841187,96.419027,93.085655,99.795532,96.313795,95.702918,97.145934,134,81,53,2.876282,95.363881,91.138588,99.737549,95.228833,95.466811,95.261174,172,84,88,2.827454,97.381342,94.896332,99.853516,97.306006,98.6733,96.122779,96,24,72,2.760315,96.070349,92.437864,99.781799,95.958182,98.092031,94.130318,143,34,109,2.719116,92.775882,86.525199,99.612427,92.577402,98.312236,87.829833,254,28,226,2.531433,96.444801,93.133712,99.797058,96.340354,95.753715,97.145934,133,80,53,2.874756,74.681239,59.593023,98.091125,73.752819,59.824903,99.353796,1251,1239,12,4.705811,0.0,0.0,97.166443,0.0,0.0,0.0,1857,0,1857,0.0,93.044907,86.994368,99.612427,92.845625,94.651811,91.491653,254,96,158,2.738953,96.935484,94.053208,99.82605,96.845968,96.779388,97.092084,114,60,54,2.842712,82.485876,70.192308,99.14856,82.061823,98.871332,70.759289,558,15,543,2.027893,96.743193,93.69183,99.813843,96.647383,95.923769,97.576737,122,77,45,2.882385,95.465394,91.324201,99.739075,95.331098,94.043887,96.930533,171,114,57,2.920532,85.784164,75.107066,99.290466,85.427158,99.222065,75.551966,465,11,454,2.157593
whucd_04620.png,3975,6.065369,15,ChangeMamba-tiny,AEGIS-CD,95.668011,91.695761,95.39846,333,4,-0.572591,-0.465579,1.038451,False,96.614742,has_change_gt;low_false_alarm_tendency,95.668011,91.695761,99.491882,95.39846,99.057112,92.503145,333,35,298,5.664062,94.235785,89.099877,99.325562,93.878126,97.83374,90.893082,442,80,362,5.635071,93.888303,88.480636,99.291992,93.513421,98.534697,89.660377,464,53,411,5.519104,96.240602,92.753623,99.557495,96.005747,99.277882,93.383648,290,27,263,5.705261,92.297297,85.696361,99.130249,91.839098,99.708029,85.91195,570,10,560,5.226135,94.647961,89.839704,99.371338,94.314397,97.851195,91.647799,412,80,332,5.680847,95.061087,90.58707,99.420166,94.753452,98.332885,92.0,380,62,318,5.674744,92.902208,86.745214,99.176025,92.465772,97.274979,88.90566,540,99,441,5.543518,93.959732,88.607595,99.285889,93.580518,96.474954,91.572327,468,133,335,5.757141,94.796025,90.106885,99.3927,94.474093,98.693166,91.194969,398,48,350,5.604553,96.13359,92.555033,99.54071,95.889561,98.215223,94.138365,301,68,233,5.813599,95.247988,90.927119,99.441528,94.951646,98.416957,92.27673,366,59,307,5.686951,95.892514,92.109145,99.510193,95.632166,97.578125,94.264151,321,93,228,5.859375,95.66459,91.689475,99.490356,95.394148,98.820059,92.704403,334,44,290,5.690002,93.846154,88.405797,99.291992,93.471721,99.242637,89.006289,464,27,437,5.439758
whucd_03985.png,5113,7.801819,15,Change3D,AEGIS-CD,95.701619,91.757531,95.33218,446,2,-0.657823,0.0,7.800227,False,96.561528,has_change_gt,95.701619,91.757531,99.319458,95.33218,94.33783,97.105418,446,298,148,8.030701,94.031071,88.734568,99.108887,93.550634,98.479983,89.966751,584,71,513,7.12738,87.589499,77.919321,98.254395,86.662735,98.343484,78.955603,1144,68,1076,6.263733,84.61608,73.334378,97.40448,83.207496,78.701211,91.492275,1701,1266,435,9.069824,79.887218,66.510172,97.061157,78.309857,85.704683,74.80931,1926,638,1288,6.809998,90.10755,81.996124,98.582458,89.350576,98.901356,82.749853,929,47,882,6.52771,96.359442,92.974647,99.446106,96.059905,98.888431,93.956581,363,54,309,7.41272,83.089005,71.070309,97.042847,81.48933,75.011817,93.115588,1938,1586,352,9.684753,78.325079,64.37241,96.327209,76.33242,72.580107,85.057696,2407,1643,764,9.143066,94.231152,89.091593,99.11499,93.752036,95.871281,92.646196,580,204,376,7.539368,89.573889,81.116585,98.245239,88.621446,83.488254,96.616468,1150,977,173,9.028625,88.489209,79.354839,98.095703,87.45485,83.73189,93.819675,1248,932,316,8.74176,84.045301,72.481151,97.549438,82.718457,85.402786,82.730295,1606,723,883,7.557678,94.785518,90.0879,99.191284,94.347185,95.367254,94.210835,530,234,296,7.707214,85.489478,74.65644,97.579956,84.175347,80.316314,91.374927,1586,1145,441,8.876038
whucd_03109.png,6463,9.861755,15,CAIFNet,AEGIS-CD,95.68235,91.72211,95.23249,535,11,-4.061816,-3.976934,1.959472,False,96.439262,has_change_gt;low_false_alarm_tendency,95.68235,91.72211,99.183655,95.23249,100.0,91.72211,535,0,535,9.04541,98.796875,97.622356,99.765015,98.666681,99.779075,97.833823,154,14,140,9.669495,97.349961,94.83675,99.481201,97.062433,98.08387,96.626953,340,122,218,9.715271,97.623928,95.358149,99.5224,97.35855,95.827124,99.489401,313,280,33,10.238647,93.490442,87.776574,98.794556,92.829319,100.0,87.776574,790,0,790,8.656311,97.453231,95.03296,99.505615,97.179544,99.04138,95.91521,324,60,264,9.550476,97.176489,94.508045,99.458313,96.87717,99.983633,94.522667,355,1,354,9.32312,67.896211,51.396112,90.730286,63.104563,51.556982,99.396565,6075,6036,39,19.012451,82.304826,69.930502,97.029114,80.737177,99.735683,70.060343,1947,12,1935,6.92749,99.176891,98.367221,99.838257,99.087209,99.547935,98.808603,106,29,77,9.788513,99.301893,98.613465,99.862671,99.225738,99.564473,99.040693,90,28,62,9.809875,96.935557,94.053345,99.377441,96.589411,94.190629,99.845273,408,398,10,10.453796,99.744166,99.489638,99.949646,99.716241,99.953387,99.535819,33,3,30,9.820557,99.659284,99.320883,99.932861,99.622046,99.751976,99.566765,44,16,28,9.843445,85.210537,74.23202,96.736145,83.399455,77.025,95.34272,2139,1838,301,12.207031
whucd_04004.png,29092,44.390869,15,ChangeMamba-tiny,AEGIS-CD,96.374574,93.002826,93.615481,2055,6,-1.543029,-1.138118,1.799523,False,96.374574,has_change_gt;low_false_alarm_tendency,96.374574,93.002826,96.864319,93.615481,98.996049,93.888354,2055,277,1778,42.100525,96.987458,94.151116,97.364807,94.646534,98.459359,95.558917,1727,435,1292,43.083191,96.470629,93.181894,96.894836,93.699051,97.35709,95.600165,2035,755,1280,43.589783,97.917604,95.920165,98.162842,96.274125,98.541391,97.301664,1204,419,785,43.832397,95.906577,92.135098,96.453857,92.782035,98.349108,93.582428,2324,457,1867,42.23938,95.879842,92.085762,96.333313,92.576737,95.651876,96.108896,2403,1271,1132,44.602966,96.316407,92.89455,96.791077,93.475631,98.196364,94.507081,2103,505,1598,42.723083,95.405365,91.214397,95.768738,91.493589,92.095582,98.961914,2773,2471,302,47.7005,95.139355,90.729325,95.800781,91.448088,97.845673,92.578716,2752,593,2159,42.001343,95.346395,91.106652,96.009827,91.861762,98.848751,92.083734,2615,312,2303,41.352844,97.512692,95.146115,97.772217,95.495673,96.666216,98.374123,1460,987,473,45.175171,83.584367,71.798232,87.194824,73.412229,96.981389,73.439434,8392,665,7727,33.615112,94.17556,88.992259,95.053101,89.891712,98.645088,90.093496,3242,360,2882,40.542603,96.42776,93.101935,96.882629,93.663981,98.131606,94.782071,2043,525,1518,42.875671,86.980705,76.960934,89.642334,78.571447,98.390176,77.94239,6788,371,6417,35.165405
whucd_00016.png,4389,6.697083,15,MaskCD,AEGIS-CD,95.290406,91.004464,94.961701,403,5,-2.849025,-1.456755,5.31793,False,96.205551,has_change_gt;low_false_alarm_tendency,95.290406,91.004464,99.385071,94.961701,97.816699,92.891319,403,91,312,6.359863,94.199935,89.035801,99.177551,93.758793,89.25367,99.726589,539,527,12,7.48291,95.509047,91.404131,99.371338,95.171737,91.556949,99.817726,412,404,8,7.301331,85.080797,74.035317,98.182678,84.123416,94.490818,77.375256,1191,198,993,5.484009,90.206249,82.15973,98.789978,89.566262,98.489752,83.20802,793,56,737,5.657959,86.023767,75.47518,97.972107,84.93747,79.882812,93.187514,1329,1030,299,7.8125,96.747161,93.699274,99.549866,96.505631,93.739316,99.954432,295,293,2,7.141113,85.37526,74.482402,97.743225,84.175587,75.419287,98.359535,1479,1407,72,8.734131,90.816433,83.177748,98.652649,90.095368,83.543819,99.475963,883,860,23,7.974243,73.423913,58.007729,97.015381,71.904865,90.945809,61.562998,1956,269,1687,4.533386,98.139431,96.346831,99.746704,98.00357,96.580631,99.749373,166,155,11,6.916809,81.54699,68.843325,97.866821,80.445167,96.925008,70.380497,1398,98,1300,4.862976,95.640774,91.645729,99.391174,95.314098,91.876574,99.726589,399,387,12,7.269287,95.01358,90.500828,99.299622,94.637811,90.801495,99.635452,459,443,16,7.348633,91.891316,84.999014,98.838806,91.268758,86.309047,98.245614,761,684,77,7.623291
whucd_04832.png,6108,9.320068,15,WDMF-Net,AEGIS-CD,95.394184,91.193958,94.934713,548,2,-0.48935,0.0,2.659839,False,96.17818,has_change_gt;low_false_alarm_tendency,95.394184,91.193958,99.163818,94.934713,98.013817,92.910936,548,115,433,8.834839,92.305133,85.709872,98.588562,91.52838,93.82716,90.831696,925,365,560,9.022522,94.271006,89.162871,98.947144,93.691441,95.636792,92.94368,690,259,431,9.057617,95.064935,90.594059,99.101257,94.570848,97.357131,92.878193,589,154,435,8.891296,93.271028,87.390543,98.791504,92.608214,96.944543,89.86575,792,173,619,8.639526,95.228661,90.8919,99.118042,94.742813,96.037296,94.43353,578,238,340,9.164429,94.643759,89.832134,99.029541,94.11068,97.450572,91.994106,636,147,489,8.798218,78.166092,64.157913,95.262146,75.567967,68.507334,90.995416,3105,2555,550,12.379456,94.48201,89.541139,98.991394,93.927221,96.389031,92.648985,661,212,449,8.958435,92.475463,86.004057,98.631287,91.723144,94.821951,90.242305,897,301,596,8.869934,94.327143,89.263361,98.979187,93.767066,97.836412,91.060904,669,123,546,8.674622,90.490066,82.631834,98.356628,89.59676,98.217366,83.88998,1077,93,984,7.96051,93.214903,87.292052,98.74115,92.521135,93.653941,92.779961,825,384,441,9.233093,95.883534,92.092575,99.249268,95.470727,98.049281,93.811395,492,114,378,8.917236,94.457099,89.496403,98.997498,93.906581,97.441253,91.650295,657,147,510,8.766174
whucd_06276.png,4334,6.613159,15,MambaFedCD,AEGIS-CD,95.019781,90.512082,94.670358,428,8,-2.646038,-2.455196,6.476114,False,95.939123,has_change_gt;low_false_alarm_tendency,95.019781,90.512082,99.346924,94.670358,95.84507,94.208583,428,177,251,6.500244,96.095194,92.483878,99.484253,95.819087,96.228598,95.96216,338,163,175,6.594849,95.99816,92.30429,99.468994,95.713794,95.69005,96.30826,348,188,160,6.655884,85.229645,74.261028,98.272705,84.329064,98.078078,75.357637,1132,64,1068,5.081177,94.748253,90.0206,99.334717,94.393855,99.117944,90.747577,436,35,401,6.054688,95.065295,90.594714,99.34845,94.716494,95.230377,94.900784,427,206,221,6.590271,78.947368,65.217391,97.644043,77.743215,96.5,66.797416,1544,105,1439,4.577637,79.55002,66.044029,97.669983,78.34847,94.797319,68.527919,1527,163,1364,4.780579,83.053074,71.017749,98.031616,82.029525,96.43075,72.934933,1290,117,1173,5.001831,85.765952,75.07915,98.318481,84.885987,97.41784,76.603599,1102,88,1014,5.200195,95.086227,90.63274,99.365234,94.747136,97.410455,92.870328,416,107,309,6.304932,57.569787,40.419645,96.057129,55.887468,99.829157,40.447623,2584,3,2581,2.679443,97.361567,94.858782,99.64447,97.17103,95.597065,99.192432,233,198,35,6.861877,97.474977,95.074329,99.661255,97.293465,96.119336,98.869405,222,173,49,6.802368,97.665819,95.438121,99.691772,97.500811,97.824074,97.508076,202,94,108,6.591797
whucd_07016.png,6668,10.174561,15,MaskCD,AEGIS-CD,95.183353,90.809385,94.619678,662,6,-0.248487,-0.221936,0.342522,False,95.924625,has_change_gt,95.183353,90.809385,98.989868,94.619678,92.439231,98.095381,662,535,127,10.797119,95.12549,90.704108,98.974609,94.553213,92.118573,98.335333,672,561,111,10.861206,93.468052,87.737109,98.599243,92.68585,88.924993,98.5003,918,818,100,11.270142,94.982053,90.443638,98.954773,94.399028,92.839754,97.225555,685,500,185,10.655212,94.945345,90.377095,98.948669,94.358974,92.93408,97.045591,689,492,197,10.624695,94.961609,90.406572,98.948669,94.375114,92.664478,97.375525,689,514,175,10.691833,95.390665,91.187526,99.034119,94.851706,92.710545,98.230354,633,515,118,10.780334,94.18166,89.003154,98.776245,93.49868,91.216976,97.345531,802,625,177,10.858154,94.733771,89.994457,98.898315,94.119092,92.21812,97.390522,722,548,174,10.745239,95.188803,90.819307,98.99292,94.626889,92.609929,97.915417,660,521,139,10.757446,95.43184,91.262808,99.03717,94.894432,92.246326,98.845231,631,554,77,10.902405,93.837515,88.390466,98.677063,93.098761,89.19065,98.995201,867,800,67,11.29303,95.231893,90.89779,98.994446,94.670625,92.003355,98.695261,659,572,87,10.914612,95.405288,91.214256,99.029541,94.863575,92.040703,99.025195,636,571,65,10.946655,94.887645,90.272589,98.927307,94.289043,92.107864,97.840432,703,559,144,10.8078
whucd_06507.png,1908,2.911377,15,BiFA,AEGIS-CD,95.025545,90.522541,94.880381,185,9,-2.362612,-1.684116,0.816103,False,95.921113,has_change_gt;low_false_alarm_tendency,95.025545,90.522541,99.717712,94.880381,97.570403,92.610063,185,44,141,2.763367,93.780422,88.289206,99.649048,93.60004,96.871508,90.880503,230,56,174,2.731323,95.138712,90.728155,99.708557,94.988616,92.478971,97.955975,191,152,39,3.083801,93.505779,87.803618,99.639893,93.321068,98.435689,89.046122,236,27,209,2.633667,95.367109,91.144485,99.739075,95.233025,98.710039,92.243187,171,23,148,2.720642,86.625464,76.406454,99.1745,86.200978,81.98409,91.823899,541,385,156,3.260803,94.815209,90.141557,99.702454,94.662074,96.222342,93.448637,195,70,125,2.827454,92.427673,85.921422,99.54071,92.191237,88.872762,96.278826,301,230,71,3.153992,89.395839,80.825023,99.354553,89.063631,85.679962,93.448637,423,298,125,3.175354,97.388156,94.909274,99.845886,97.308771,96.12047,98.689727,101,76,25,2.989197,96.294363,92.853548,99.783325,96.182765,95.893971,96.698113,142,79,63,2.935791,95.520042,91.424273,99.739075,95.385666,95.495024,95.545073,171,86,85,2.912903,96.70966,93.62895,99.809265,96.611448,97.144368,96.278826,125,54,71,2.885437,96.174283,92.630502,99.780273,96.061193,97.521552,94.863732,144,46,98,2.832031,95.789474,91.919192,99.755859,95.663761,96.194503,95.387841,160,72,88,2.886963
whucd_05497.png,17756,27.093506,15,WDMF-Net,AEGIS-CD,95.779313,91.900482,94.241014,1478,4,-0.157263,-0.11974,3.429756,False,95.779313,has_change_gt;low_false_alarm_tendency,95.779313,91.900482,97.744751,94.241014,97.149809,94.446948,1478,492,986,26.339722,91.033946,83.543399,95.079041,87.64364,89.891836,92.205452,3225,1841,1384,27.790833,92.288319,85.680882,95.701599,89.311923,89.788526,94.931291,2817,1917,900,28.645325,93.640428,88.041374,96.70105,91.419283,98.011084,89.642938,2162,323,1839,24.780273,95.711507,91.775711,97.746277,94.185016,98.783338,92.824961,1477,203,1274,25.45929,88.042311,78.638913,93.37616,83.464706,86.164878,90.003379,4341,2566,1775,28.300476,95.899054,92.121212,97.817993,94.413284,97.697791,94.165353,1430,394,1036,26.113892,83.101228,71.088197,89.945984,76.02639,76.293854,91.242397,6589,5034,1555,32.402039,88.655428,79.622587,93.540955,84.155352,84.573299,93.151611,4233,3017,1216,29.841614,95.087437,90.634938,97.393799,93.314991,97.166706,93.095292,1708,482,1226,25.958252,95.8806,92.087162,97.805786,94.385848,97.568797,94.249831,1438,417,1021,26.171875,92.42195,85.911532,95.796204,89.515449,90.327437,94.615904,2755,1799,956,28.379822,95.700329,91.75516,97.689819,94.1211,96.522686,94.891868,1514,607,907,26.635742,95.936576,92.190487,97.817993,94.445297,96.81693,95.072088,1430,555,875,26.605225,89.494695,80.986787,94.137573,85.433823,86.973852,92.166028,3842,2451,1391,28.710938
whucd_04107.png,4728,7.214355,15,DSIFN,AEGIS-CD,94.8208,90.151664,94.409186,500,5,-1.754543,-1.501882,2.506434,False,95.710082,has_change_gt,94.8208,90.151664,99.237061,94.409186,92.915144,96.806261,500,349,151,7.516479,96.215991,92.707915,99.446106,95.91724,94.861254,97.609983,363,250,113,7.423401,91.940416,85.083075,98.753357,91.26815,86.152708,98.56176,817,749,68,8.253479,94.875422,90.250466,99.281311,94.489325,97.692135,92.216582,471,103,368,6.809998,96.575342,93.377483,99.511719,96.312502,97.746967,95.431472,320,104,216,7.043457,93.428987,87.668293,99.035645,92.908785,91.881391,95.029611,632,397,235,7.461548,96.322682,92.906225,99.464417,96.033884,95.432842,97.229272,351,220,131,7.350159,82.198602,69.777272,97.163391,80.672459,75.100612,90.778342,1859,1423,436,8.720398,91.807938,84.856446,98.768616,91.143369,88.268593,95.642978,807,601,206,7.817078,92.286617,85.67795,98.883057,91.684563,91.957161,92.618443,732,383,349,7.266235,89.527446,81.040442,98.326111,88.627153,81.590395,99.175127,1097,1058,39,8.769226,87.901,78.413723,98.060608,86.858232,79.920374,97.652284,1271,1160,111,8.815002,94.781972,90.081495,99.238586,94.371358,93.733195,95.854484,499,303,196,7.377625,89.813011,81.509634,98.403931,88.953018,83.231047,97.525381,1046,929,117,8.453369,94.725694,89.979879,99.240112,94.316256,94.866356,94.585448,498,242,256,7.192993
whucd_04984.png,11192,17.077637,15,Change3D,AEGIS-CD,95.23643,90.906057,94.229522,1090,5,-2.084041,-0.875475,1.634953,False,95.632549,has_change_gt,95.23643,90.906057,98.336792,94.229522,93.20787,97.355254,1090,794,296,17.837524,93.320714,87.47782,97.738647,91.95976,94.152419,92.503574,1482,643,839,16.778564,92.959078,86.84443,97.50061,91.442353,89.570908,96.613653,1638,1259,379,18.42041,96.111906,92.514841,98.672485,95.311508,96.14628,96.077555,870,431,439,17.06543,95.095355,90.649328,98.387146,94.131969,98.918815,91.556469,1057,112,945,15.80658,92.199709,85.528256,97.303772,90.570198,91.117704,93.30772,1767,1018,749,17.488098,97.320472,94.780793,99.084473,96.768392,97.285714,97.355254,600,304,296,17.089844,86.662779,76.464535,95.463562,83.929822,87.025858,86.302716,2973,1440,1533,16.93573,91.995079,85.176748,97.120667,90.245156,87.57774,96.881701,1887,1538,349,18.891907,93.321632,87.479434,97.677612,91.916583,91.688222,95.014296,1522,964,558,17.697144,95.700539,91.755544,98.513794,94.802318,94.573373,96.854896,974,622,352,17.489624,94.1066,88.869183,97.988892,92.894179,94.190834,94.022516,1318,649,669,17.047119,95.960393,92.234482,98.59314,95.109028,94.145461,97.846676,922,681,241,17.749023,94.38283,89.363149,98.091125,93.23306,94.864157,93.906362,1251,569,682,16.905212,91.283595,83.964876,96.907043,89.406763,87.988063,94.835597,2027,1449,578,18.406677
whucd_03980.png,11688,17.834473,15,MaskCD,AEGIS-CD,95.198734,90.837389,94.191626,1092,5,-1.648798,-1.173828,0.574184,False,95.55701,has_change_gt;low_false_alarm_tendency,95.198734,90.837389,98.33374,94.191626,97.919682,92.624914,1092,230,862,16.870117,94.837492,90.181848,98.162842,93.720098,95.05759,94.618412,1204,575,629,17.752075,94.47863,89.535067,97.973633,93.23894,91.895827,97.210815,1328,1002,326,18.865967,94.127747,88.906909,97.912598,92.858466,94.452102,93.805613,1368,644,724,17.712402,93.661026,88.077797,97.839355,92.362154,98.225352,89.502053,1416,189,1227,16.25061,92.857767,86.667753,97.503662,91.346048,94.802995,90.99076,1636,583,1053,17.11731,94.49717,89.568375,98.071289,93.328347,96.197483,92.855921,1264,429,835,17.214966,92.316495,85.729467,97.131348,90.557276,88.372457,96.629021,1880,1486,394,19.500732,94.497483,89.568937,98.065186,93.324009,95.878831,93.155373,1268,468,800,17.327881,95.333362,91.082855,98.362732,94.340904,96.948253,93.771389,1073,345,728,17.250061,96.847532,93.887751,98.861694,96.15311,95.683033,98.040726,746,517,229,18.273926,93.966579,88.619774,97.906494,92.7013,96.670286,91.409993,1372,368,1004,16.864014,96.372562,92.999078,98.725891,95.600018,97.890742,94.900753,835,239,596,17.289734,96.239375,92.751345,98.66333,95.426605,96.579356,95.90178,876,397,479,17.709351,94.710482,89.952433,98.162842,93.599837,97.336103,92.222793,1204,295,909,16.897583
whucd_06496.png,11270,17.196655,15,DSIFN,AEGIS-CD,95.079325,90.620199,94.002765,1160,12,-2.909512,-2.680528,-1.092749,False,95.469492,has_change_gt,95.079325,90.620199,98.22998,94.002765,91.0842,99.440994,1160,1097,63,18.774414,97.759853,95.617872,99.220276,97.287926,96.612079,98.935226,511,391,120,17.610168,97.65594,95.419255,99.189758,97.166188,97.17122,98.145519,531,322,209,17.36908,97.244282,94.636371,99.031067,96.656817,95.166907,99.414374,635,569,66,17.964172,97.988837,96.056974,99.307251,97.570397,97.841472,98.136646,454,244,210,17.248535,92.186338,85.505248,97.113037,90.426133,86.225278,99.032831,1892,1783,109,19.750977,97.243239,94.634394,99.032593,96.656886,95.344475,99.219166,634,546,88,17.895508,92.815018,86.593304,97.360229,91.206179,87.242349,99.148181,1730,1634,96,19.543457,93.588444,87.949512,97.683716,92.178953,89.303563,98.305235,1518,1327,191,18.930054,97.235645,94.620012,99.031067,96.648482,95.444834,99.094942,635,533,102,17.854309,97.535273,95.18912,99.136353,97.011938,95.76706,99.370009,566,495,71,17.843628,95.457459,91.30968,98.377991,94.471819,92.069904,99.103815,1063,962,101,18.510437,97.42073,94.971167,99.095154,96.872323,95.546455,99.370009,593,522,71,17.884827,95.624733,91.616277,98.434448,94.673145,92.052545,99.485359,1026,968,58,18.585205,96.653245,93.523251,98.820496,95.937844,94.377272,99.041704,773,665,108,18.04657
whucd_00825.png,3535,5.393982,15,Change3D,AEGIS-CD,94.388889,89.374014,94.062858,404,4,-0.910676,-0.765173,14.860202,False,95.36919,has_change_gt,94.388889,89.374014,99.383545,94.062858,92.71487,96.12447,404,267,137,5.592346,93.941534,88.575233,99.345398,93.595542,93.795826,94.087694,429,220,209,5.410767,86.541555,76.275992,98.468018,85.73169,82.242038,91.315417,1004,697,307,5.989075,93.073951,87.045161,99.234009,92.668796,90.842984,95.417256,502,340,162,5.665588,86.566291,76.314433,98.597717,85.827415,89.564428,83.762376,919,345,574,5.044556,45.767888,29.674682,96.206665,44.395165,100.0,29.674682,2486,0,2486,1.600647,95.299565,91.021174,99.488831,95.029302,94.54343,96.067893,335,196,139,5.480957,66.864837,50.223273,97.108459,65.441092,87.545788,54.087694,1895,272,1623,3.33252,86.291785,75.888788,98.38562,85.440513,79.607937,94.200849,1058,853,205,6.382751,88.496767,79.366997,98.696899,87.807761,84.469015,92.927864,854,604,250,5.934143,89.225982,80.547753,98.731995,88.557311,82.359981,97.340877,831,737,94,6.375122,0.697987,0.350216,94.355774,0.148545,6.842105,0.367751,3699,177,3522,0.289917,95.154062,90.756078,99.472046,94.874905,94.230236,96.096181,346,208,138,5.500793,94.606869,89.765688,99.420166,94.300486,94.930219,94.285714,380,178,202,5.357361,90.872537,83.271923,98.960876,90.323219,86.347427,95.898161,681,536,145,5.990601
whucd_03968.png,16831,25.682068,15,ChangeMamba-tiny,AEGIS-CD,95.311671,91.043263,93.675283,1590,5,-0.71256,-0.15747,0.957708,False,95.311671,has_change_gt,95.311671,91.043263,97.573853,93.675283,94.608675,96.025192,1590,921,669,26.066589,95.38971,91.185782,97.57843,93.748774,93.326512,97.546195,1587,1174,413,26.843262,95.107575,90.671539,97.428894,93.365038,93.003975,97.308538,1685,1232,453,26.870728,96.024231,92.352509,97.937012,94.631557,95.062591,97.005526,1352,848,504,26.20697,94.696737,89.927638,97.366333,92.947654,98.059179,91.557246,1726,305,1421,23.979187,94.440099,89.465884,97.071838,92.454319,92.162407,96.833224,1919,1386,533,26.983643,95.11943,90.693091,97.406006,93.355726,92.028221,98.425524,1700,1435,265,27.467346,91.979323,85.149738,95.596313,88.961668,86.40802,98.318579,2886,2603,283,29.222107,90.751411,83.068726,95.248413,87.554351,90.729853,90.772978,3114,1561,1553,25.694275,94.268999,89.15928,97.070312,92.301241,94.721372,93.820926,1920,880,1040,25.437927,95.46914,91.331058,97.674561,93.905038,95.542993,95.395401,1524,749,775,25.642395,94.215363,89.06337,97.003174,92.193321,93.417441,95.027033,1964,1127,837,26.124573,94.795305,90.105584,97.225952,92.907747,91.474667,98.36611,1818,1543,275,27.616882,95.459892,91.314131,97.644043,93.869411,94.498457,96.441091,1544,945,599,26.210022,93.238266,87.333039,96.498108,90.875693,92.478083,94.011051,2295,1287,1008,26.107788
whucd_07264.png,6509,9.931946,15,CAIFNet,AEGIS-CD,94.290123,89.19708,93.663613,740,4,-0.299271,-0.273583,1.074534,False,95.043526,has_change_gt;low_false_alarm_tendency,94.290123,89.19708,98.87085,93.663613,94.713998,93.870026,740,341,399,9.843445,93.847806,88.40873,98.776245,93.168354,93.7184,93.97757,802,410,392,9.959412,93.990329,88.662033,98.805237,93.327012,93.911043,94.06975,783,397,386,9.94873,93.835093,88.386167,98.770142,93.152044,93.434882,94.238746,806,431,375,10.017395,93.34934,87.52814,98.731995,92.649886,97.42733,89.599017,831,154,677,9.133911,93.828686,88.3748,98.780823,93.152307,94.34607,93.316946,799,364,435,9.823608,93.839883,88.394668,98.777771,93.161467,93.94826,93.731756,801,393,408,9.909058,84.923228,73.797019,97.183228,83.376567,90.65388,79.874021,1846,536,1310,8.750916,93.1268,87.137655,98.652649,92.380066,94.383086,91.903518,883,356,527,9.671021,92.671695,86.344134,98.591614,91.893613,95.892212,89.66047,923,250,673,9.286499,94.114031,88.882438,98.831177,93.465197,94.142967,94.085113,766,381,385,9.925842,93.866288,88.441539,98.812866,93.209631,96.404858,91.457981,778,222,556,9.422302,94.589394,89.734229,98.927307,93.994033,94.771746,94.407743,703,339,364,9.893799,94.563707,89.688004,98.925781,93.967731,95.062878,94.06975,704,318,386,9.828186,94.471973,89.523111,98.910522,93.867729,95.223974,93.731756,714,306,408,9.776306
whucd_03746.png,2011,3.068542,15,SNUNet,AEGIS-CD,94.030951,88.734353,93.839642,243,3,-0.366741,-0.162291,7.307207,False,94.934378,has_change_gt,94.030951,88.734353,99.629211,93.839642,92.912621,95.176529,243,146,97,3.143311,93.060837,87.022222,99.554443,92.831133,89.121529,97.364495,292,239,53,3.352356,91.88938,84.995701,99.467468,91.615289,86.256545,98.309299,349,315,34,3.497314,92.631082,86.273647,99.523926,92.385736,88.214125,97.513675,312,262,50,3.392029,93.386975,87.59434,99.598694,93.180071,94.455748,92.342118,263,109,154,2.999878,94.397692,89.3898,99.64447,94.214307,91.387337,97.613128,233,185,48,3.277588,93.94387,88.579387,99.624634,93.750204,93.027791,94.87817,246,143,103,3.129578,60.763454,43.640449,96.173096,59.040585,44.327779,96.568871,2508,2439,69,6.684875,42.8556,27.271478,91.926575,39.971755,27.373068,98.657384,5291,5264,27,11.05957,93.931398,88.557214,99.613953,93.73229,90.732159,97.364495,253,200,53,3.292847,93.887297,88.478848,99.609375,93.685865,90.307763,97.762307,256,211,45,3.321838,82.511397,70.229277,98.712158,81.862105,70.728242,99.00547,844,824,20,4.295349,93.894231,88.491164,99.612427,93.69432,90.879479,97.115863,254,196,58,3.279114,92.785952,86.542718,99.536133,92.546828,88.742624,97.215316,304,248,56,3.361511,94.193241,89.023842,99.627686,94.001283,90.324053,98.408752,244,212,32,3.343201
whucd_00480.png,8674,13.235474,15,Change3D,AEGIS-CD,94.180798,89.001614,93.352122,954,11,-2.162414,-1.595712,-0.627027,False,94.769024,has_change_gt;low_false_alarm_tendency,94.180798,89.001614,98.544312,93.352122,100.0,89.001614,954,0,954,11.779785,94.142055,88.932442,98.535156,93.308254,100.0,88.932442,960,0,960,11.77063,93.804354,88.331639,98.423767,92.90307,97.76222,90.154485,1033,179,854,12.205505,95.755905,91.857389,98.919678,95.138099,99.737762,92.079779,708,21,687,12.219238,95.776509,91.895319,98.927307,95.163399,100.0,91.895319,703,0,703,12.162781,95.084346,90.629322,98.75946,94.37645,99.974571,90.650219,813,2,811,12.001038,96.343212,92.944432,99.066162,95.808768,100.0,92.944432,612,0,612,12.301636,93.966655,88.61991,98.464966,93.088915,97.925,90.315887,1006,166,840,12.207031,94.174343,88.990085,98.542786,93.344812,100.0,88.990085,955,0,955,11.778259,94.592296,89.739451,98.641968,93.818372,100.0,89.739451,890,0,890,11.877441,94.809605,90.131427,98.693848,94.06483,100.0,90.131427,856,0,856,11.929321,94.406233,89.405119,98.597717,93.60748,100.0,89.405119,919,0,919,11.833191,94.956101,90.396588,98.728943,94.231067,100.0,90.396588,833,0,833,11.964417,94.720233,89.970025,98.672485,93.963451,100.0,89.970025,870,0,870,11.907959,94.777704,90.073784,98.686218,94.02864,100.0,90.073784,861,0,861,11.921692
whucd_00698.png,33933,51.777649,15,Change3D,AEGIS-CD,94.392037,89.379658,88.841425,3662,7,-3.993603,-2.149864,0.997735,False,94.392037,has_change_gt;low_false_alarm_tendency,94.392037,89.379658,94.412231,88.841425,98.252941,90.823093,3662,548,3114,47.862244,96.5419,93.314975,96.517944,93.041257,99.366753,93.873221,2282,203,2079,48.9151,86.295861,75.895092,87.364197,74.89926,98.410961,76.836708,8281,421,7860,40.426636,93.877236,88.460979,93.951416,87.92849,98.636762,89.55589,3964,420,3544,47.010803,93.501449,87.795982,93.669128,87.377371,99.786039,87.961571,4149,64,4085,45.64209,88.061675,78.669817,88.705444,77.525472,97.260323,80.452657,7402,769,6633,42.829895,98.38564,96.822575,98.309326,96.611546,97.296908,99.499013,1108,938,170,52.949524,93.265003,87.379965,93.222046,86.45507,96.049468,90.637433,4442,1265,3177,48.860168,91.758047,84.771242,91.822815,83.675386,95.956639,87.911473,5359,1257,4102,47.436523,94.59322,89.741115,94.648743,89.318786,99.185257,90.407568,3507,252,3255,47.195435,93.790052,88.306278,93.789673,87.594972,97.241117,90.575546,4070,872,3198,48.228455,94.608251,89.768176,94.659424,89.339517,99.115587,90.49303,3500,274,3226,47.273254,94.438292,89.462641,94.482422,88.984982,98.767815,90.472401,3616,383,3233,47.428894,94.622037,89.793003,94.657898,89.334334,98.822435,90.764153,3501,367,3134,47.555542,93.781564,88.29123,93.762207,87.537409,96.915773,90.843721,4088,981,3107,48.53363
whucd_00701.png,16778,25.601196,15,MaskCD,AEGIS-CD,94.224074,89.07894,92.350117,1858,5,-2.234432,-1.45991,4.762178,False,94.224074,has_change_gt;low_false_alarm_tendency,94.224074,89.07894,97.164917,92.350117,98.473034,90.326618,1858,235,1623,23.483276,87.32122,77.49571,94.197083,83.627222,99.084512,78.054595,3803,121,3682,20.167542,91.236402,83.885053,95.832825,88.524022,98.825165,84.730004,2731,169,2562,21.949768,95.683984,91.725113,97.857666,94.261095,98.800152,92.758374,1404,189,1215,24.035645,85.276451,74.332124,93.417358,81.152055,99.768408,74.460603,4314,29,4285,19.107056,86.799828,76.678176,93.919373,82.91331,97.695921,78.090356,3985,309,3676,20.463562,87.643507,78.004843,94.317627,84.015356,98.85479,78.716176,3724,153,3571,20.385742,83.4504,71.60076,92.701721,78.923698,99.472078,71.873882,4783,64,4719,18.49823,86.958828,76.926686,93.997192,83.123864,97.96833,78.173799,3934,272,3662,20.428467,86.905755,76.843658,94.010925,83.094882,98.696673,77.631422,3925,172,3753,20.137024,96.458505,93.159275,98.168945,95.223941,95.533731,97.401359,1200,764,436,26.101685,86.921304,76.867975,93.939209,83.033306,97.108593,78.668494,3972,393,3579,20.739746,94.931216,90.351494,97.486877,93.262851,98.141903,91.923948,1647,292,1355,23.979187,95.51608,91.417014,97.766113,94.030132,98.242188,92.93718,1464,279,1185,24.21875,87.363058,77.561639,94.20929,83.674012,98.981363,78.185719,3795,135,3660,20.222473
whucd_00277.png,3576,5.456543,15,WDMF-Net,AEGIS-CD,93.209518,87.282609,92.833212,468,4,-1.14036,-0.925294,12.167007,False,94.186691,has_change_gt;low_false_alarm_tendency,93.209518,87.282609,99.285889,92.833212,96.863691,89.821029,468,104,364,5.059814,85.592282,74.813381,98.609924,84.875193,98.507463,75.671141,911,41,870,4.191589,80.77179,67.745536,98.236084,79.882207,99.671593,67.897092,1156,8,1148,3.717041,94.007697,88.692946,99.334717,93.655613,92.432432,95.637584,436,280,156,5.645752,92.915649,86.768653,99.247742,92.518753,95.566066,90.408277,493,150,343,5.162048,50.466128,33.748961,96.351624,49.024377,97.36211,34.060403,2391,33,2358,1.908875,94.134812,88.919515,99.386597,93.811833,98.413667,90.212528,402,52,350,5.001831,90.938655,83.383031,99.064636,90.447222,96.456569,86.017897,613,113,500,4.866028,90.206569,82.16026,98.994446,89.67879,96.257533,84.871365,659,118,541,4.811096,90.930506,83.36933,99.060059,90.43632,96.0199,86.353468,616,128,488,4.907227,90.230811,82.200489,98.88916,89.642921,86.738906,94.01566,728,514,214,5.914307,0.0,0.0,94.543457,0.0,0.0,0.0,3576,0,3576,0.0,90.665058,82.924138,99.055481,90.170867,98.396072,84.060403,619,49,570,4.66156,94.349878,89.304089,99.397278,94.031716,96.573939,92.225951,395,117,278,5.210876,89.38532,80.807827,98.832703,88.76775,88.708345,90.072707,765,410,355,5.540466
whucd_05488.png,10182,15.536499,15,WDMF-Net,AEGIS-CD,93.694761,88.137483,92.542473,1277,6,-3.645045,-2.812926,3.420486,False,94.167936,has_change_gt;low_false_alarm_tendency,93.694761,88.137483,98.051453,92.542473,94.211101,93.18405,1277,583,694,15.367126,79.906966,66.537553,94.595337,76.871297,94.587698,69.171086,3542,403,3139,11.361694,87.305936,77.471637,96.394348,85.226277,96.35954,79.807503,2363,307,2056,12.867737,94.346941,89.298825,98.220825,93.291423,93.163539,95.560794,1166,714,452,15.936279,86.121891,75.62638,96.125793,83.903941,97.103414,77.371833,2539,235,2304,12.379456,90.589956,82.798574,97.055054,88.844434,89.949651,91.239442,1930,1038,892,15.759277,96.363113,92.981481,98.843384,95.67589,94.202627,98.625025,758,618,140,16.265869,83.623113,71.85543,95.199585,80.822604,88.967656,78.884306,3146,996,2150,13.775635,90.814132,83.173889,97.262573,89.209215,94.865212,87.094873,1794,480,1314,14.263916,90.497551,82.644317,97.187805,88.852089,95.256702,86.191318,1843,437,1406,14.057922,96.507687,93.251068,98.9151,95.865486,96.531394,96.483991,711,353,358,15.52887,89.433883,80.887242,96.929932,87.648055,96.106095,83.627971,2012,345,1667,13.519287,95.818575,91.972802,98.703003,95.051042,95.988567,95.649185,850,407,443,15.481567,97.339806,94.817477,99.163818,96.84383,96.237282,98.467885,548,392,156,15.896606,85.170309,74.170982,95.661926,82.641187,90.822116,80.180711,2843,825,2018,13.716125
whucd_02481.png,2522,3.848267,15,ChangeMamba-tiny,AEGIS-CD,93.057154,87.015782,92.769846,362,6,-4.579064,-3.991632,15.37742,False,93.999567,has_change_gt,93.057154,87.015782,99.447632,92.769846,90.118871,96.193497,362,266,96,4.107666,97.048785,94.266771,99.775696,96.932222,98.291989,95.836638,147,42,105,3.752136,93.300248,87.44186,99.505615,93.044079,97.493518,89.452815,324,58,266,3.530884,97.636218,95.381605,99.819946,97.542637,98.663968,96.629659,118,33,85,3.768921,90.514435,82.672482,99.333191,90.172106,100.0,82.672482,437,0,437,3.181458,90.869821,83.267362,99.290466,90.500748,90.00389,91.752577,465,257,208,3.923035,96.729636,93.666404,99.754333,96.60209,99.167014,94.409199,161,20,141,3.663635,90.138704,82.047734,99.208069,89.726918,86.53776,94.052339,519,369,150,4.182434,57.952756,40.798226,97.555542,56.829515,85.714286,43.774782,1602,184,1418,1.965332,79.730903,66.293757,98.574829,78.999203,88.063279,72.839017,934,249,685,3.182983,2.420929,1.225296,96.186829,2.306427,79.487179,1.229183,2499,8,2491,0.059509,12.560386,6.701031,96.409607,12.135688,100.0,6.701031,2353,0,2353,0.257874,96.99415,94.163729,99.772644,96.876041,98.726899,95.321174,149,31,118,3.715515,92.138728,85.423365,99.377441,91.814882,89.617691,94.80571,408,277,131,4.071045,89.480576,80.963665,99.264526,89.103531,99.514563,81.284695,482,10,472,3.143311
whucd_06540.png,23181,35.371399,15,RS-Mamba,AEGIS-CD,93.911795,88.522372,90.781614,2714,8,-0.45942,-0.361077,0.246017,False,93.911795,has_change_gt;low_false_alarm_tendency,93.911795,88.522372,95.858765,90.781614,97.826798,90.298089,2714,465,2249,32.649231,94.371215,89.342327,96.142578,91.441789,97.519672,91.419697,2528,539,1989,33.158875,94.259832,89.142881,96.064758,91.270605,97.365275,91.346361,2579,573,2006,33.184814,93.485386,87.767661,95.571899,90.139917,97.45846,89.823562,2902,543,2359,32.600403,93.188722,87.246145,95.381165,89.70446,97.398871,89.327466,3027,553,2474,32.440186,93.546388,87.87526,95.550537,90.154789,96.050539,91.169492,2916,869,2047,33.573914,94.272872,89.166208,96.092224,91.313294,97.873328,90.927915,2561,458,2103,32.861328,90.541629,82.717867,93.551636,85.660483,94.083446,87.256805,4226,1272,2954,32.804871,93.705261,88.156067,95.706177,90.453907,97.314501,90.354169,2814,578,2236,32.841492,93.808505,88.339,95.761108,90.591346,97.039701,90.785557,2778,642,2136,33.091736,94.044167,88.757895,95.925903,90.953719,97.371703,90.936543,2670,569,2101,33.033752,93.71285,88.169502,95.722961,90.47979,97.6077,90.116906,2803,512,2291,32.65686,94.080079,88.821892,95.954895,91.013729,97.523148,90.871835,2651,535,2116,32.958984,94.212808,89.058804,96.047974,91.218153,97.724007,90.945171,2590,491,2099,32.917786,94.091172,88.841671,95.953369,91.019334,97.299664,91.087529,2652,586,2066,33.113098
