sample,GT_change_pixels,GT_change_ratio_percent,available_method_count,best_method_by_F1,primary_method,primary_F1_percent,primary_IoU_percent,primary_Kappa_percent,primary_Error_pixels,primary_rank_by_F1,primary_margin_to_best_F1,primary_margin_to_second_F1,primary_mean_F1_advantage,primary_wins_all_available,recommendation_score,selection_reason,AEGIS-CD_F1_percent,AEGIS-CD_IoU_percent,AEGIS-CD_OA_percent,AEGIS-CD_Kappa_percent,AEGIS-CD_Precision_percent,AEGIS-CD_Recall_percent,AEGIS-CD_Error_pixels,AEGIS-CD_FP,AEGIS-CD_FN,AEGIS-CD_Pred_change_ratio_percent,RS-Mamba_F1_percent,RS-Mamba_IoU_percent,RS-Mamba_OA_percent,RS-Mamba_Kappa_percent,RS-Mamba_Precision_percent,RS-Mamba_Recall_percent,RS-Mamba_Error_pixels,RS-Mamba_FP,RS-Mamba_FN,RS-Mamba_Pred_change_ratio_percent,CDMamba_F1_percent,CDMamba_IoU_percent,CDMamba_OA_percent,CDMamba_Kappa_percent,CDMamba_Precision_percent,CDMamba_Recall_percent,CDMamba_Error_pixels,CDMamba_FP,CDMamba_FN,CDMamba_Pred_change_ratio_percent,ChangeMamba-tiny_F1_percent,ChangeMamba-tiny_IoU_percent,ChangeMamba-tiny_OA_percent,ChangeMamba-tiny_Kappa_percent,ChangeMamba-tiny_Precision_percent,ChangeMamba-tiny_Recall_percent,ChangeMamba-tiny_Error_pixels,ChangeMamba-tiny_FP,ChangeMamba-tiny_FN,ChangeMamba-tiny_Pred_change_ratio_percent,DSIFN_F1_percent,DSIFN_IoU_percent,DSIFN_OA_percent,DSIFN_Kappa_percent,DSIFN_Precision_percent,DSIFN_Recall_percent,DSIFN_Error_pixels,DSIFN_FP,DSIFN_FN,DSIFN_Pred_change_ratio_percent,SNUNet_F1_percent,SNUNet_IoU_percent,SNUNet_OA_percent,SNUNet_Kappa_percent,SNUNet_Precision_percent,SNUNet_Recall_percent,SNUNet_Error_pixels,SNUNet_FP,SNUNet_FN,SNUNet_Pred_change_ratio_percent,Change3D_F1_percent,Change3D_IoU_percent,Change3D_OA_percent,Change3D_Kappa_percent,Change3D_Precision_percent,Change3D_Recall_percent,Change3D_Error_pixels,Change3D_FP,Change3D_FN,Change3D_Pred_change_ratio_percent,BIT_F1_percent,BIT_IoU_percent,BIT_OA_percent,BIT_Kappa_percent,BIT_Precision_percent,BIT_Recall_percent,BIT_Error_pixels,BIT_FP,BIT_FN,BIT_Pred_change_ratio_percent,ELGC-Net_F1_percent,ELGC-Net_IoU_percent,ELGC-Net_OA_percent,ELGC-Net_Kappa_percent,ELGC-Net_Precision_percent,ELGC-Net_Recall_percent,ELGC-Net_Error_pixels,ELGC-Net_FP,ELGC-Net_FN,ELGC-Net_Pred_change_ratio_percent,BiFA_F1_percent,BiFA_IoU_percent,BiFA_OA_percent,BiFA_Kappa_percent,BiFA_Precision_percent,BiFA_Recall_percent,BiFA_Error_pixels,BiFA_FP,BiFA_FN,BiFA_Pred_change_ratio_percent,MaskCD_F1_percent,MaskCD_IoU_percent,MaskCD_OA_percent,MaskCD_Kappa_percent,MaskCD_Precision_percent,MaskCD_Recall_percent,MaskCD_Error_pixels,MaskCD_FP,MaskCD_FN,MaskCD_Pred_change_ratio_percent,ChangeRD_F1_percent,ChangeRD_IoU_percent,ChangeRD_OA_percent,ChangeRD_Kappa_percent,ChangeRD_Precision_percent,ChangeRD_Recall_percent,ChangeRD_Error_pixels,ChangeRD_FP,ChangeRD_FN,ChangeRD_Pred_change_ratio_percent,CAIFNet_F1_percent,CAIFNet_IoU_percent,CAIFNet_OA_percent,CAIFNet_Kappa_percent,CAIFNet_Precision_percent,CAIFNet_Recall_percent,CAIFNet_Error_pixels,CAIFNet_FP,CAIFNet_FN,CAIFNet_Pred_change_ratio_percent,WDMF-Net_F1_percent,WDMF-Net_IoU_percent,WDMF-Net_OA_percent,WDMF-Net_Kappa_percent,WDMF-Net_Precision_percent,WDMF-Net_Recall_percent,WDMF-Net_Error_pixels,WDMF-Net_FP,WDMF-Net_FN,WDMF-Net_Pred_change_ratio_percent,MambaFedCD_F1_percent,MambaFedCD_IoU_percent,MambaFedCD_OA_percent,MambaFedCD_Kappa_percent,MambaFedCD_Precision_percent,MambaFedCD_Recall_percent,MambaFedCD_Error_pixels,MambaFedCD_FP,MambaFedCD_FN,MambaFedCD_Pred_change_ratio_percent
test_116_4.png,325,0.495911,15,AEGIS-CD,AEGIS-CD,94.585987,89.728097,94.559955,34,1,0.0,71.135401,92.867124,True,237.631585,primary_best_F1;clear_margin_ge_2pct;has_change_gt;low_false_alarm_tendency,94.585987,89.728097,99.94812,94.559955,98.019802,91.384615,34,6,28,0.462341,0.0,0.0,99.504089,0.0,0.0,0.0,325,0,325,0.0,0.0,0.0,99.504089,0.0,0.0,0.0,325,0,325,0.0,0.0,0.0,99.504089,0.0,0.0,0.0,325,0,325,0.0,0.0,0.0,99.504089,0.0,0.0,0.0,325,0,325,0.0,0.613497,0.307692,99.505615,0.610473,100.0,0.307692,324,0,324,0.001526,0.0,0.0,99.504089,0.0,0.0,0.0,325,0,325,0.0,0.0,0.0,99.504089,0.0,0.0,0.0,325,0,325,0.0,0.0,0.0,99.504089,0.0,0.0,0.0,325,0,325,0.0,0.0,0.0,99.504089,0.0,0.0,0.0,325,0,325,0.0,23.450586,13.282732,99.302673,23.103101,25.735294,21.538462,457,202,255,0.415039,0.0,0.0,99.504089,0.0,0.0,0.0,325,0,325,0.0,0.0,0.0,99.504089,0.0,0.0,0.0,325,0,325,0.0,0.0,0.0,99.504089,0.0,0.0,0.0,325,0,325,0.0,0.0,0.0,99.504089,0.0,0.0,0.0,325,0,325,0.0
test_76_6.png,148,0.22583,15,AEGIS-CD,AEGIS-CD,93.515358,87.820513,93.500832,19,1,0.0,17.812034,80.768842,True,129.900717,primary_best_F1;clear_margin_ge_2pct;has_change_gt;low_false_alarm_tendency,93.515358,87.820513,99.971008,93.500832,94.482759,92.567568,19,8,11,0.221252,62.962963,45.945946,99.87793,62.910225,100.0,45.945946,80,0,80,0.10376,75.703325,60.90535,99.855042,75.634932,60.90535,100.0,95,95,0,0.370789,0.0,0.0,99.77417,0.0,0.0,0.0,148,0,148,0.0,0.0,0.0,99.77417,0.0,0.0,0.0,148,0,148,0.0,0.0,0.0,99.77417,0.0,0.0,0.0,148,0,148,0.0,0.0,0.0,99.77417,0.0,0.0,0.0,148,0,148,0.0,0.0,0.0,99.77417,0.0,0.0,0.0,148,0,148,0.0,39.784946,24.832215,99.829102,39.729332,97.368421,25.0,112,1,111,0.057983,0.0,0.0,99.77417,0.0,0.0,0.0,148,0,148,0.0,0.0,0.0,99.77417,0.0,0.0,0.0,148,0,148,0.0,0.0,0.0,99.761963,-0.023167,0.0,0.0,156,8,148,0.012207,0.0,0.0,99.77417,0.0,0.0,0.0,148,0,148,0.0,0.0,0.0,99.77417,0.0,0.0,0.0,148,0,148,0.0,0.0,0.0,99.77417,0.0,0.0,0.0,148,0,148,0.0
test_86_2.png,743,1.133728,15,AEGIS-CD,AEGIS-CD,92.563177,86.155914,92.484182,103,1,0.0,11.348149,50.352974,True,116.066161,primary_best_F1;clear_margin_ge_2pct;has_change_gt;low_false_alarm_tendency,92.563177,86.155914,99.842834,92.484182,99.844237,86.271871,103,1,102,0.979614,67.321429,50.740242,99.441528,67.070094,100.0,50.740242,366,0,366,0.575256,76.039933,61.342282,99.560547,75.830661,99.56427,61.507402,288,2,286,0.700378,30.530973,18.015666,99.041748,30.249301,85.714286,18.573351,628,23,605,0.245667,58.879392,41.722746,99.339294,58.603054,100.0,41.722746,433,0,433,0.473022,51.251251,34.454913,99.256897,50.966341,100.0,34.454913,487,0,487,0.390625,0.0,0.0,98.866272,0.0,0.0,0.0,743,0,743,0.0,67.689946,51.160093,99.357605,67.371986,78.75,59.35397,421,119,302,0.854492,32.468997,19.380888,99.085999,32.21949,100.0,19.380888,599,0,599,0.219727,81.215028,68.371467,99.641418,81.040457,100.0,68.371467,235,0,235,0.775146,58.465144,41.307947,98.918152,57.926387,51.763485,67.160162,709,465,244,1.470947,0.0,0.0,98.866272,0.0,0.0,0.0,743,0,743,0.0,67.080745,50.46729,99.353027,66.761844,79.266055,58.142665,424,113,311,0.831604,0.0,0.0,98.866272,0.0,0.0,0.0,743,0,743,0.0,0.0,0.0,98.866272,0.0,0.0,0.0,743,0,743,0.0
test_116_9.png,2239,3.416443,15,AEGIS-CD,AEGIS-CD,89.03623,80.23901,88.672604,463,1,0.0,12.773072,53.812372,True,115.503197,primary_best_F1;clear_margin_ge_2pct;has_change_gt;low_false_alarm_tendency,89.03623,80.23901,99.293518,88.672604,94.758065,83.966056,463,104,359,3.027344,13.02714,6.967396,96.821594,12.638324,100.0,6.967396,2083,0,2083,0.238037,46.944258,30.671347,97.589111,46.029127,94.58728,31.219294,1580,40,1540,1.127625,47.046912,30.759047,97.605896,46.147798,96.270718,31.129969,1569,27,1542,1.104736,0.267618,0.133988,96.588135,0.258499,100.0,0.133988,2236,0,2236,0.004578,9.036658,4.732143,96.743774,8.752289,99.065421,4.734256,2134,1,2133,0.163269,35.83394,21.827862,97.311401,35.014097,97.04142,21.974096,1762,15,1747,0.773621,43.411395,27.723214,97.529602,42.558087,99.839228,27.735596,1619,1,1618,0.949097,33.122441,19.84835,97.257996,32.351767,99.330357,19.874944,1797,3,1794,0.683594,64.348851,47.437011,98.153687,63.500129,94.545455,48.771773,1210,63,1147,1.76239,76.263158,61.633348,98.623657,75.577653,92.825112,64.716391,902,112,790,2.381897,38.746849,24.028584,97.40448,37.925124,100.0,24.028584,1701,0,1701,0.820923,20.471811,11.403118,96.965027,19.898444,97.709924,11.433676,1989,6,1983,0.39978,40.955392,25.750883,97.434998,40.081043,95.888158,26.03841,1681,25,1656,0.927734,23.657588,13.415711,97.006226,22.979784,91.8429,13.57749,1962,27,1935,0.505066
test_91_3.png,338,0.515747,15,AEGIS-CD,AEGIS-CD,87.69018,78.078818,87.622192,89,1,0.0,9.704568,54.858006,True,107.875104,primary_best_F1;clear_margin_ge_2pct;has_change_gt,87.69018,78.078818,99.864197,87.622192,82.337662,93.786982,89,68,21,0.587463,0.0,0.0,99.478149,-0.012066,0.0,0.0,342,4,338,0.006104,70.260223,54.154728,99.755859,70.145745,94.5,55.91716,160,11,149,0.305176,58.19398,41.037736,99.427795,57.923506,46.690519,77.218935,375,298,77,0.852966,0.0,0.0,99.484253,0.0,0.0,0.0,338,0,338,0.0,4.057971,2.071006,99.494934,4.037887,100.0,2.071006,331,0,331,0.010681,55.882353,38.77551,99.679565,55.750025,96.376812,39.349112,210,5,205,0.210571,61.371841,44.270833,99.673462,61.215863,78.703704,50.295858,214,46,168,0.32959,0.0,0.0,99.484253,0.0,0.0,0.0,338,0,338,0.0,0.0,0.0,99.484253,0.0,0.0,0.0,338,0,338,0.0,57.068517,39.927184,99.24469,56.753199,40.368098,97.337278,495,486,9,1.243591,0.0,0.0,99.484253,0.0,0.0,0.0,338,0,338,0.0,77.985612,63.915094,99.766541,77.868348,75.910364,80.177515,153,86,67,0.544739,74.829932,59.782609,99.77417,74.71906,88.0,65.088757,148,30,118,0.38147,0.0,0.0,99.484253,0.0,0.0,0.0,338,0,338,0.0
test_77_2.png,233,0.35553,15,AEGIS-CD,AEGIS-CD,83.412322,71.544715,83.359328,70,1,0.0,8.611261,60.691792,True,101.402621,primary_best_F1;clear_margin_ge_2pct;has_change_gt;low_false_alarm_tendency,83.412322,71.544715,99.893188,83.359328,93.121693,75.536481,70,13,57,0.288391,0.0,0.0,99.64447,0.0,0.0,0.0,233,0,233,0.0,36.173001,22.08,99.256897,35.856182,26.037736,59.227468,487,392,95,0.808716,11.904762,6.329114,99.661255,11.857507,78.947368,6.437768,222,4,218,0.028992,0.0,0.0,99.64447,0.0,0.0,0.0,233,0,233,0.0,5.469169,2.811466,97.309875,4.877292,3.125,21.888412,1763,1581,182,2.490234,0.0,0.0,99.603271,-0.073895,0.0,0.0,260,27,233,0.041199,41.121495,25.882353,99.423218,40.853564,32.273839,56.652361,378,277,101,0.624084,69.498069,53.254438,99.758911,69.378271,63.157895,77.253219,158,105,53,0.434875,11.922905,6.339371,97.001648,11.358437,6.656657,57.081545,1965,1865,100,3.048706,13.23185,7.084639,95.477295,12.653125,7.10022,96.995708,2964,2957,7,4.856873,35.545385,21.6141,98.710632,35.166312,21.6141,100.0,845,845,0,1.644897,74.801061,59.745763,99.855042,74.732435,97.916667,60.515021,95,3,92,0.219727,18.419728,10.144124,97.52655,17.904431,10.433295,78.540773,1621,1571,50,2.676392,0.0,0.0,99.577332,-0.113076,0.0,0.0,277,44,233,0.067139
test_102_8.png,2852,4.351807,15,AEGIS-CD,AEGIS-CD,98.306897,96.670172,98.231198,95,1,0.0,0.71739,11.751068,True,100.709267,primary_best_F1;has_change_gt;low_false_alarm_tendency,98.306897,96.670172,99.855042,98.231198,99.963755,96.704067,95,1,94,4.2099,97.434057,94.996501,99.781799,97.320178,99.779493,95.196353,143,6,137,4.151917,96.666667,93.548387,99.719238,96.520284,100.0,93.548387,184,0,184,4.071045,27.665358,16.053277,96.34552,26.781929,99.782135,16.058906,2395,1,2394,0.700378,76.962899,62.552595,98.370361,76.164585,100.0,62.552595,1068,0,1068,2.722168,97.576737,95.268139,99.794006,97.469232,99.963222,95.301543,135,1,134,4.148865,97.262248,94.670407,99.768066,97.141246,100.0,94.670407,152,0,152,4.119873,48.002131,31.580792,97.021484,46.891484,99.889135,31.591865,1952,1,1951,1.376343,89.178162,80.469846,99.150085,88.741225,100.0,80.469846,557,0,557,3.501892,97.132552,94.424965,99.757385,97.005995,100.0,94.424965,159,0,159,4.109192,96.235679,92.744479,99.684143,96.071074,99.962221,92.776999,207,1,206,4.039001,96.836015,93.866106,99.732971,96.696761,99.962673,93.899018,175,1,174,4.08783,96.890817,93.969144,99.737549,96.753947,100.0,93.969144,172,0,172,4.089355,96.348774,92.954784,99.693298,96.188918,99.962307,92.987377,201,1,200,4.048157,97.589507,95.292489,99.79248,97.481094,98.673835,96.528752,136,37,99,4.257202
test_77_16.png,17083,26.066589,15,AEGIS-CD,AEGIS-CD,98.561151,97.163121,98.058903,488,1,0.0,0.344911,16.866872,True,99.250973,primary_best_F1;has_change_gt;low_false_alarm_tendency,98.561151,97.163121,99.255371,98.058903,99.293055,97.839958,488,119,369,25.68512,96.433027,93.111756,98.080444,95.121683,93.511136,99.543406,1258,1180,78,27.748108,95.079691,90.620864,97.512817,93.41766,98.155189,92.191067,1630,296,1334,24.482727,96.321192,92.903452,98.146057,95.083934,99.761666,93.110109,1215,38,1177,24.328613,54.517779,37.473843,83.586121,46.818327,98.157734,37.739273,10757,121,10636,10.021973,79.375904,65.804352,90.863037,73.740947,96.41871,67.453023,5988,428,5560,18.235779,97.971235,96.023151,98.94104,97.254768,97.851095,98.09167,694,368,326,26.130676,40.033705,25.026337,80.453491,33.041389,99.92989,25.030732,12810,3,12807,6.529236,70.662842,54.634602,88.140869,63.996498,99.479222,54.791313,7772,49,7723,14.356995,96.080181,92.45607,97.988892,94.728137,97.654314,94.555991,1318,388,930,25.239563,97.837982,95.767471,98.884583,97.086507,98.876136,96.821401,731,188,543,25.524902,64.028891,47.090071,86.169434,56.770972,99.408503,47.222385,9064,48,9016,12.382507,79.604897,66.119713,91.052246,74.131595,98.071814,66.990575,5864,225,5639,17.805481,98.21624,96.495001,99.079895,97.596392,99.276402,97.178482,603,121,482,25.515747,77.556338,63.340427,90.274048,71.671222,97.313776,64.467599,6374,304,6070,17.268372
test_111_8.png,1782,2.719116,15,AEGIS-CD,AEGIS-CD,90.662041,82.91909,90.409172,323,1,0.0,3.774301,21.659439,True,99.0966,primary_best_F1;clear_margin_ge_2pct;has_change_gt;low_false_alarm_tendency,90.662041,82.91909,99.507141,90.409172,93.500298,87.991021,323,109,214,2.558899,75.647367,60.832943,98.722839,74.99251,78.549849,72.95174,837,355,482,2.52533,72.22509,56.525253,98.358154,71.384746,66.873805,78.507295,1076,693,383,3.192139,69.957082,53.79538,98.718262,69.352644,96.449704,54.882155,840,36,804,1.547241,59.164733,42.009885,98.388672,58.462427,95.149254,42.929293,1056,39,1017,1.226807,53.125992,36.171132,97.746277,51.991688,61.139518,46.969697,1477,532,945,2.088928,82.906793,70.804101,99.1745,82.490715,94.866233,73.62514,541,71,470,2.110291,72.37435,56.708311,98.783875,71.787773,94.650952,58.585859,797,59,738,1.683044,76.960519,62.549451,98.699951,76.292527,74.269311,79.854097,852,493,359,2.923584,53.592233,36.604775,97.81189,52.49875,63.302752,46.464646,1434,480,954,1.99585,79.299848,65.699874,98.754883,78.664068,72.361111,87.710438,816,597,219,3.295898,61.741425,44.656489,98.451233,61.045934,94.029851,45.959596,1015,52,963,1.329041,61.422657,44.323737,98.435974,60.719172,93.257143,45.791246,1025,59,966,1.335144,86.88774,76.815492,99.342346,86.552911,94.883721,80.13468,431,77,354,2.296448,60.730594,43.606557,98.425293,60.030868,94.326241,44.781145,1032,48,984,1.290894
test_102_3.png,20826,31.777954,15,AEGIS-CD,AEGIS-CD,98.740275,97.511893,98.156285,523,1,0.0,0.076181,0.914524,True,98.892636,primary_best_F1;has_change_gt;low_false_alarm_tendency,98.740275,97.511893,99.201965,98.156285,99.062394,98.420244,523,194,329,31.57196,98.022104,96.120933,98.74115,97.098886,97.883649,98.160953,825,442,383,31.867981,98.504072,97.052241,99.055481,97.813984,99.158274,97.858446,619,173,446,31.361389,98.227531,96.516801,98.876953,97.405637,98.531259,97.92567,736,304,432,31.582642,95.12649,90.705927,97.042847,93.010804,99.862724,90.819168,1938,26,1912,28.900146,98.624395,97.286122,99.128723,97.986866,98.965334,98.285797,571,214,357,31.559753,98.664095,97.363411,99.154663,98.045822,99.099012,98.232978,554,186,368,31.500244,95.365506,91.141557,97.119141,93.277011,97.554239,93.272832,1888,487,1401,30.383301,98.391972,96.834841,98.985291,97.650808,99.103707,97.690387,665,184,481,31.324768,98.551704,97.144761,99.084473,97.882419,99.087467,98.021704,600,188,412,31.436157,97.498164,95.118456,98.440552,96.366037,99.450659,95.620859,1022,110,912,30.554199,97.686789,95.478178,98.553467,96.634917,99.310379,96.115433,948,139,809,30.755615,97.826193,95.744884,98.638916,96.835827,99.322051,96.374724,892,137,755,30.834961,98.649366,97.334729,99.145508,98.024455,99.103508,98.199366,560,185,375,31.488037,98.422138,96.893296,98.995972,97.685875,98.304273,98.540286,658,354,304,31.854248
test_48_16.png,893,1.36261,15,AEGIS-CD,AEGIS-CD,96.885428,93.959008,96.842111,56,1,0.0,0.480934,1.873446,True,98.665426,primary_best_F1;has_change_gt,96.885428,93.959008,99.914551,96.842111,96.243094,97.536394,56,34,22,1.38092,96.118097,92.526316,99.891663,96.063193,93.910256,98.432251,71,57,14,1.428223,94.549379,89.662231,99.845886,94.471321,91.25,98.096305,101,84,17,1.464844,94.036209,88.743719,99.829102,93.949728,89.64467,98.880179,112,102,10,1.502991,94.010695,88.698285,99.829102,93.924187,89.969294,98.432251,112,98,14,1.490784,95.057034,90.57971,99.861145,94.986681,92.299578,97.984323,91,73,18,1.446533,95.36935,91.148577,99.871826,95.304379,93.919653,96.864502,84,56,28,1.405334,94.117647,88.888889,99.838257,94.035655,93.289329,94.960806,106,61,45,1.387024,95.545657,91.471215,99.87793,95.483776,95.016611,96.080627,80,45,35,1.377869,94.640943,89.82706,99.847412,94.563692,90.750257,98.880179,100,90,10,1.48468,95.399781,91.204188,99.871826,95.33482,93.35477,97.536394,84,62,22,1.423645,96.404494,93.058568,99.902344,96.354995,96.730552,96.080627,64,29,35,1.353455,95.253682,90.9375,99.867249,95.18641,92.87234,97.760358,87,67,20,1.434326,95.115405,90.685773,99.861145,95.045099,91.340206,99.216125,91,84,7,1.480103,94.549379,89.662231,99.845886,94.471321,91.25,98.096305,101,84,17,1.464844
test_21_9.png,2240,3.417969,15,AEGIS-CD,AEGIS-CD,96.865342,93.921233,96.753141,142,1,0.0,0.175139,2.558463,True,98.136519,primary_best_F1;has_change_gt,96.865342,93.921233,99.783325,96.753141,95.80786,97.946429,142,96,46,3.494263,94.302378,89.219015,99.612427,94.101773,94.770063,93.839286,254,116,138,3.384399,95.677106,91.712474,99.700928,95.522235,94.551003,96.830357,196,125,71,3.500366,90.319504,82.347826,99.380493,90.001049,96.929376,84.553571,406,60,346,2.981567,94.885986,90.269587,99.647522,94.70347,94.115064,95.669643,231,134,97,3.474426,93.605916,87.980376,99.551392,93.373615,91.263783,96.071429,294,206,88,3.598022,95.085663,90.631715,99.667358,94.913533,96.038251,94.151786,218,87,131,3.35083,92.476489,86.005831,99.487305,92.211101,92.767296,92.1875,336,161,175,3.396606,93.944205,88.579983,99.59259,93.733466,95.481789,92.455357,267,98,169,3.309631,95.153795,90.755593,99.665833,94.980758,94.339623,95.982143,219,129,90,3.477478,95.426288,91.252654,99.685669,95.263534,94.920495,95.9375,206,115,91,3.45459,92.399541,85.872813,99.494934,92.138551,95.130024,89.821429,331,103,228,3.227234,94.816128,90.143218,99.642944,94.631243,94.1073,95.535714,234,134,100,3.469849,95.513105,91.411565,99.691772,95.353514,95.04863,95.982143,202,112,90,3.451538,96.690203,93.592482,99.771118,96.57168,95.593368,97.8125,150,101,49,3.497314
test_120_10.png,3105,4.737854,15,AEGIS-CD,AEGIS-CD,95.568401,91.512915,95.347327,276,1,0.0,0.727636,1.567069,True,98.010566,primary_best_F1;has_change_gt,95.568401,91.512915,99.578857,95.347327,95.292988,95.845411,276,147,129,4.76532,93.046776,86.997636,99.328613,92.694183,91.343469,94.814815,440,279,161,4.917908,94.682896,89.902676,99.493408,94.416938,94.170118,95.201288,332,183,149,4.789734,94.840764,90.187765,99.505615,94.581166,93.795276,95.909823,324,197,127,4.844666,94.247363,89.12058,99.450684,93.958952,93.529971,94.975845,360,204,156,4.811096,94.542536,89.649924,99.481201,94.270195,94.24,94.847021,340,180,160,4.768372,94.26855,89.158477,99.461365,93.985974,95.055665,93.494364,353,151,202,4.660034,91.618311,84.533016,99.206543,91.201871,91.707002,91.529791,520,257,263,4.728699,93.852927,88.417819,99.424744,93.551229,95.046235,92.689211,377,150,227,4.620361,94.560669,89.68254,99.484253,94.289962,94.499839,94.621578,338,171,167,4.743958,94.698643,89.931076,99.487305,94.429385,92.824002,96.650564,336,232,104,4.933167,92.500407,86.047215,99.29657,92.131426,93.458251,91.561997,461,199,262,4.641724,94.331655,89.271442,99.467468,94.052287,95.150721,93.52657,349,148,201,4.656982,94.454155,89.491117,99.467468,94.174512,93.224592,95.716586,349,216,133,4.864502,94.37299,89.34551,99.465942,94.092659,94.221509,94.52496,350,180,170,4.753113
test_4_1.png,342,0.521851,15,AEGIS-CD,AEGIS-CD,95.121951,90.697674,95.097459,32,1,0.0,0.951548,15.746603,True,97.801139,primary_best_F1;has_change_gt;low_false_alarm_tendency,95.121951,90.697674,99.951172,95.097459,99.363057,91.22807,32,2,30,0.479126,93.777135,88.283379,99.934387,93.744158,92.836676,94.736842,43,25,18,0.532532,0.0,0.0,99.478149,0.0,0.0,0.0,342,0,342,0.0,93.494705,87.784091,99.934387,93.461772,96.865204,90.350877,43,10,33,0.486755,87.719298,78.125,99.882507,87.66076,96.491228,80.409357,77,10,67,0.434875,94.135338,88.920455,99.940491,94.105457,96.904025,91.520468,39,10,29,0.492859,94.170404,88.983051,99.940491,94.140511,96.330275,92.105263,39,12,27,0.498962,92.403101,85.878963,99.925232,92.36567,98.349835,87.134503,49,5,44,0.462341,91.034483,83.544304,99.900818,90.984776,86.16188,96.491228,65,53,12,0.584412,93.517241,87.823834,99.928284,93.4813,88.511749,99.122807,47,44,3,0.584412,89.501312,80.997625,99.87793,89.440567,81.190476,99.707602,80,79,1,0.640869,1.162791,0.584795,99.481201,1.156793,100.0,0.584795,340,0,340,0.003052,93.598862,87.967914,99.931335,93.56437,91.135734,96.19883,45,32,13,0.550842,93.444909,87.696335,99.928284,93.408931,89.333333,97.953216,47,40,7,0.572205,93.295292,87.433155,99.928284,93.259263,91.086351,95.614035,47,32,15,0.547791
test_29_3.png,2697,4.115295,15,AEGIS-CD,AEGIS-CD,95.648926,91.660702,95.4636,233,1,0.0,0.453396,3.937142,True,97.511482,primary_best_F1;has_change_gt;low_false_alarm_tendency,95.648926,91.660702,99.64447,95.4636,96.35064,94.95736,233,97,136,4.055786,93.002592,86.920415,99.423218,92.701805,92.865065,93.140527,378,193,185,4.127502,86.511994,76.230076,98.953247,85.969566,92.08874,81.572117,686,189,497,3.645325,94.720965,89.971347,99.572754,94.4984,96.355965,93.140527,280,95,185,3.977966,94.335347,89.278056,99.542236,94.096913,96.11389,92.621431,300,101,199,3.965759,90.987292,83.464849,99.29657,90.622427,96.236559,86.281053,461,91,370,3.689575,95.195531,90.831557,99.606323,94.990288,95.622896,94.771969,258,117,141,4.078674,83.290955,71.366324,98.596191,82.558589,81.630473,85.020393,920,516,404,4.286194,94.724901,89.978448,99.57428,94.503181,96.643519,92.880979,279,87,192,3.955078,91.512493,84.353024,99.320984,91.159144,94.226237,88.950686,445,147,298,3.884888,94.224698,89.080056,99.525452,93.977259,94.38244,94.067482,311,151,160,4.101562,85.122793,74.09894,98.881531,84.547138,94.035874,77.753059,733,133,600,3.40271,94.642517,89.829895,99.571228,94.419382,97.409733,92.028179,281,66,215,3.887939,94.830461,90.169133,99.57428,94.60846,94.777778,94.883204,279,141,138,4.119873,90.862443,83.254973,99.293518,90.496589,97.130802,85.354097,463,68,395,3.616333
test_28_4.png,4005,6.111145,15,AEGIS-CD,AEGIS-CD,95.41422,91.230585,95.116013,367,1,0.0,0.553056,2.375926,True,97.464775,primary_best_F1;has_change_gt;low_false_alarm_tendency,95.41422,91.230585,99.440002,95.116013,95.497749,95.330836,367,180,187,6.100464,89.294563,80.6596,98.747253,88.63066,93.449782,85.493134,821,240,581,5.59082,93.626261,88.01633,99.238586,93.2216,95.84205,91.510612,499,159,340,5.834961,92.899186,86.739944,99.134827,92.438541,93.190955,92.609238,567,271,296,6.072998,94.079113,88.820171,99.282837,93.697449,94.940249,93.233458,470,199,271,6.001282,93.257719,87.367178,99.183655,92.823285,94.147583,92.384519,535,230,305,5.996704,94.335789,89.278846,99.319458,93.973885,95.993797,92.734082,446,155,291,5.903625,93.051437,87.005786,99.177551,92.61484,96.188699,90.11236,539,143,396,5.725098,91.632017,84.556355,99.017334,91.110958,95.529667,88.03995,644,165,479,5.632019,91.473266,84.286389,98.985291,90.934233,94.016869,89.06367,665,227,438,5.789185,93.202169,87.269721,99.177551,92.764515,94.164118,92.259675,539,229,310,5.987549,93.038618,86.983373,99.163818,92.593958,94.698733,91.435705,548,205,343,5.900574,94.017535,88.710462,99.291992,93.641695,97.200746,91.036205,464,105,359,5.723572,93.767278,88.26591,99.243164,93.364418,94.384012,93.158552,496,222,274,6.031799,94.861163,90.224665,99.375916,94.528963,95.472939,94.257179,409,179,230,6.033325
test_27_2.png,3521,5.37262,15,AEGIS-CD,AEGIS-CD,91.39016,84.145378,90.905016,602,1,0.0,2.545652,10.526345,True,97.462834,primary_best_F1;clear_margin_ge_2pct;has_change_gt;low_false_alarm_tendency,91.39016,84.145378,99.081421,90.905016,92.048401,90.741267,602,276,326,5.296326,88.844508,79.928131,98.806763,88.214192,89.251935,88.440784,782,375,407,5.323792,79.521386,66.004566,97.727966,78.319913,77.093333,82.107356,1489,859,630,5.722046,81.667427,69.015171,98.161316,80.704735,87.942333,76.228344,1205,368,837,4.656982,83.325692,71.417343,98.335266,82.454952,90.205162,77.421187,1091,296,795,4.611206,78.624,64.777221,97.961426,77.571709,90.032979,69.781312,1336,272,1064,4.164124,81.896426,69.342885,98.106384,80.898152,84.193161,79.72167,1241,527,714,5.08728,76.338515,61.731844,97.491455,75.014289,77.385468,75.319512,1644,775,869,5.229187,83.206872,71.242952,98.210144,82.261634,83.891455,82.533371,1173,558,615,5.285645,81.728771,69.102834,97.987366,80.664477,79.77285,83.783016,1319,748,571,5.6427,87.803416,78.258547,98.757935,87.151161,92.927371,83.214996,814,223,591,4.811096,70.746018,54.734112,97.337341,69.398776,86.333879,59.926157,1745,334,1411,3.729248,85.386029,74.498797,98.544312,84.625031,92.683738,79.15365,954,220,734,4.588318,84.862451,73.705279,98.396301,84.015933,86.090006,83.669412,1051,476,575,5.221558,68.141904,51.67821,97.232056,66.779635,89.277497,55.097984,1814,233,1581,3.315735
test_7_15.png,598,0.912476,15,AEGIS-CD,AEGIS-CD,96.156991,92.598425,96.120813,47,1,0.0,0.14342,5.90393,True,97.239455,primary_best_F1;has_change_gt,96.156991,92.598425,99.928284,96.120813,94.08,98.327759,47,37,10,0.953674,96.013571,92.33279,99.928284,95.977395,97.418244,94.648829,47,15,32,0.886536,94.642857,89.830508,99.899292,94.592069,91.955836,97.491639,66,51,15,0.967407,94.107884,88.871473,99.891663,94.053216,93.410214,94.816054,71,40,31,0.926208,85.553471,74.754098,99.765015,85.436791,97.435897,76.254181,154,12,142,0.714111,95.695364,91.746032,99.920654,95.655326,94.754098,96.655518,52,32,20,0.930786,94.551551,89.666137,99.900818,94.501504,94.789916,94.314381,65,31,34,0.907898,83.604986,71.828666,99.739075,83.476329,97.977528,72.909699,171,9,162,0.679016,95.840266,92.01278,99.923706,95.801767,95.364238,96.32107,50,28,22,0.921631,95.049505,90.566038,99.908447,95.003309,93.811075,96.32107,60,38,22,0.93689,94.018534,88.712242,99.891663,93.963874,94.736842,93.311037,71,31,40,0.898743,48.574057,32.077764,98.294067,47.884589,33.502538,88.294314,1118,1048,70,2.404785,95.544554,91.469194,99.917603,95.502979,94.299674,96.822742,54,35,19,0.93689,95.028525,90.52795,99.906921,94.981576,92.686804,97.491639,61,46,15,0.959778,95.317726,91.054313,99.914551,95.274608,95.317726,95.317726,56,28,28,0.912476
test_112_11.png,4000,6.103516,15,AEGIS-CD,AEGIS-CD,95.635957,91.636883,95.350667,351,1,0.0,0.293006,4.563622,True,97.166792,primary_best_F1;has_change_gt,95.635957,91.636883,99.464417,95.350667,95.127381,96.15,351,197,154,6.169128,93.771941,88.274174,99.269104,93.384379,97.697101,90.15,479,85,394,5.632019,92.227439,85.575992,99.090576,91.745434,96.401309,88.4,596,132,464,5.596924,92.944592,86.819146,99.147034,92.490716,93.856742,92.05,559,241,318,5.986023,93.514136,87.818357,99.226379,93.103033,95.755829,91.375,507,162,345,5.82428,89.085783,80.319535,98.75946,88.431953,96.201798,82.95,813,131,682,5.262756,78.201203,64.205235,96.84906,76.547174,67.67769,92.6,2065,1769,296,8.351135,91.290743,83.976973,98.980713,90.750487,95.395095,87.525,668,169,499,5.599976,94.856853,90.216867,99.380493,94.527312,96.14792,93.6,406,150,256,5.941772,93.022076,86.954459,99.160767,92.575717,94.435858,91.65,550,216,334,5.923462,94.98998,90.458015,99.389648,94.665011,95.180723,94.8,400,192,208,6.079102,90.047771,81.897176,98.855591,89.443102,95.955882,84.825,750,143,607,5.395508,91.342568,84.064722,99.008179,90.81892,97.748005,85.725,650,79,571,5.352783,95.342951,91.100363,99.438477,95.044226,96.540236,94.175,368,135,233,5.953979,84.374644,72.972441,97.904968,83.261506,77.438897,92.675,1373,1080,293,7.304382
test_74_1.png,5030,7.675171,15,AEGIS-CD,AEGIS-CD,95.4225,91.245727,95.041512,461,1,0.0,0.356315,1.399572,True,97.001372,primary_best_F1;has_change_gt,95.4225,91.245727,99.29657,95.041512,95.318389,95.526839,461,236,225,7.691956,94.402211,89.397906,99.134827,93.933419,93.763483,95.049702,567,318,249,7.780457,95.021197,90.514651,99.229431,94.603627,94.249951,95.805169,505,294,211,7.801819,94.964461,90.411742,99.232483,94.549066,95.644283,94.294235,503,216,287,7.566833,93.94784,88.586446,99.072266,93.44547,94.078947,93.817097,608,297,311,7.653809,93.647104,88.053178,98.999023,93.104207,91.295317,96.12326,656,461,195,8.081055,94.352965,89.309619,99.147034,93.891773,95.912918,92.842942,559,199,360,7.429504,92.264808,85.640362,98.814392,91.622804,92.402792,92.127237,777,381,396,7.652283,95.066185,90.59633,99.249268,94.659944,95.912586,94.234592,492,202,290,7.540894,94.596477,89.746979,99.171448,94.147803,94.700139,94.493042,543,266,277,7.658386,93.908023,88.515669,99.066162,93.402348,94.039075,93.777336,612,299,313,7.653809,93.811405,88.344143,99.067688,93.307471,95.622548,92.067594,611,212,399,7.389832,94.533506,89.633686,99.162292,94.079897,94.693796,94.373757,549,266,283,7.649231,94.174854,88.990998,99.104309,93.689711,94.016247,94.333996,587,302,285,7.701111,91.629956,84.552846,98.753357,90.957163,94.52547,88.906561,817,259,558,7.218933
test_30_6.png,877,1.338196,15,AEGIS-CD,AEGIS-CD,94.179894,89.0,94.103445,99,1,0.0,0.976011,5.701287,True,96.948825,primary_best_F1;has_change_gt;low_false_alarm_tendency,94.179894,89.0,99.848938,94.103445,97.208738,91.334094,99,23,76,1.257324,90.237797,82.212087,99.761963,90.118472,100.0,82.212087,156,0,156,1.100159,92.822967,86.607143,99.816895,92.730457,97.610063,88.483466,120,19,101,1.213074,91.605839,84.511785,99.789429,91.4997,98.174707,85.860889,138,14,124,1.170349,86.343042,75.968109,99.67804,86.183158,99.850299,76.054732,211,1,210,1.019287,72.334294,56.659142,99.414062,72.058983,98.238748,57.240593,384,9,375,0.779724,91.855481,84.937712,99.797058,91.753301,99.206349,85.518814,133,6,127,1.153564,72.507205,56.871609,99.272156,72.138445,73.310023,71.721779,477,229,248,1.309204,89.881289,81.622177,99.726868,89.742864,89.125561,90.649943,179,97,82,1.361084,91.122072,83.691959,99.780273,91.011578,99.194631,84.264538,144,6,138,1.13678,93.068113,87.034949,99.824524,92.979546,98.721228,88.027366,115,10,105,1.193237,88.510101,79.388448,99.72229,88.371186,99.151344,79.931585,182,6,176,1.078796,93.095238,87.082405,99.822998,93.005764,97.384807,89.167617,116,21,95,1.225281,92.113185,85.379464,99.80011,92.012278,97.576531,87.22919,131,19,112,1.196289,93.203883,87.272727,99.829102,93.117709,99.610895,87.571266,112,3,109,1.176453
test_112_10.png,350,0.534058,15,AEGIS-CD,AEGIS-CD,92.376682,85.833333,92.337656,51,1,0.0,1.869529,20.219265,True,96.892443,primary_best_F1;has_change_gt;low_false_alarm_tendency,92.376682,85.833333,99.92218,92.337656,96.865204,88.285714,51,10,41,0.486755,81.407035,68.644068,99.830627,81.324505,98.380567,69.428571,111,4,107,0.376892,90.0,81.818182,99.890137,89.944808,87.567568,92.571429,72,46,26,0.564575,70.799347,54.79798,99.726868,70.664916,82.509506,62.0,179,46,133,0.401306,61.660079,44.571429,99.703979,61.533408,100.0,44.571429,194,0,194,0.238037,83.619345,71.849866,99.839783,83.539528,92.09622,76.571429,105,23,82,0.444031,90.39039,82.465753,99.902344,90.341441,95.253165,86.0,64,15,49,0.482178,6.629834,3.428571,99.484253,6.596763,100.0,3.428571,338,0,338,0.018311,22.78481,12.857143,99.534607,22.690737,100.0,12.857143,305,0,305,0.068665,90.190337,82.133333,99.897766,90.138984,92.492492,88.0,67,25,42,0.508118,90.507152,82.660333,99.888611,90.451583,83.054893,99.428571,73,71,2,0.639343,56.619145,39.488636,99.674988,56.485673,98.58156,39.714286,213,2,211,0.215149,89.2261,80.547945,99.891663,89.17187,95.145631,84.0,71,15,56,0.471497,88.161994,78.830084,99.884033,88.104203,96.917808,80.857143,76,9,67,0.445557,88.20827,78.90411,99.882507,88.149536,95.049505,82.285714,77,15,62,0.462341
test_23_2.png,6603,10.075378,15,AEGIS-CD,AEGIS-CD,94.014487,88.705036,93.349026,785,1,0.0,1.006787,5.04976,True,96.774293,primary_best_F1;has_change_gt;low_false_alarm_tendency,94.014487,88.705036,98.802185,93.349026,94.671376,93.366652,785,347,438,9.936523,89.268905,80.617739,97.912598,88.11441,92.595606,86.172952,1368,455,913,9.376526,88.622941,79.570193,97.766113,87.385351,91.013567,86.354687,1464,563,901,9.559631,91.359751,84.093835,98.303223,90.4197,93.80884,89.035287,1112,388,724,9.562683,88.45787,79.304447,97.784424,87.235826,93.090179,84.264728,1452,413,1039,9.120178,88.34015,79.115411,97.694397,87.061382,90.056639,86.687869,1511,632,879,9.698486,93.0077,86.92934,98.628235,92.247843,95.602814,90.54975,899,275,624,9.542847,85.912012,75.303293,97.390747,84.486497,94.200542,78.964107,1710,321,1389,8.44574,86.450224,76.134209,97.503662,85.08871,95.393895,79.03983,1636,252,1384,8.348083,87.988175,78.552577,97.644043,86.683199,90.465526,85.64289,1544,596,948,9.538269,92.447596,85.955861,98.504639,91.618052,94.115801,90.837498,980,375,605,9.724426,80.563085,67.452416,96.607971,78.753526,95.304096,69.771316,2223,227,1996,7.376099,91.334858,84.051662,98.323059,90.408309,95.263158,87.717704,1099,288,811,9.277344,91.335881,84.053395,98.304749,90.397267,94.14791,88.68696,1111,364,747,9.490967,90.417029,82.51011,98.152161,89.396821,94.680146,86.521278,1211,321,890,9.207153
test_69_11.png,9367,14.292908,15,AEGIS-CD,AEGIS-CD,95.776119,91.8946,95.05368,809,1,0.0,0.090173,1.549174,True,96.49182,primary_best_F1;has_change_gt,95.776119,91.8946,98.765564,95.05368,93.725731,97.918224,809,614,195,14.932251,94.361323,89.324597,98.384094,93.418244,94.12577,94.598057,1059,553,506,14.364624,95.077882,90.617577,98.553467,94.230771,92.550288,97.747411,948,737,211,15.09552,95.16868,90.782678,98.583984,94.339693,92.87674,97.576599,928,701,227,15.016174,93.640582,88.041646,98.15979,92.565019,92.518495,94.790221,1206,718,488,14.64386,93.56376,87.905924,98.124695,92.466672,91.827714,95.366713,1229,795,434,14.84375,95.685945,91.728718,98.745728,94.952377,94.105502,97.32038,822,571,251,14.781189,91.238572,83.888722,97.543335,89.810581,93.051393,89.495036,1610,626,984,13.746643,93.012075,86.936983,98.048401,91.878629,95.255148,90.872211,1279,424,855,13.635254,94.075346,88.813456,98.31543,93.093505,94.582929,93.573182,1104,502,602,14.14032,94.710779,89.952967,98.468018,93.815249,93.48934,95.964556,1004,626,378,14.671326,92.9602,86.846389,98.027039,91.81349,94.855556,91.139105,1293,463,830,13.73291,95.621277,91.609932,98.721313,94.873012,93.644458,97.683356,838,621,217,14.909363,94.667709,89.875297,98.439026,93.753986,92.49338,96.946728,1023,737,286,14.981079,95.393095,91.191967,98.648071,94.601514,92.985302,97.928899,886,692,194,15.052795
test_31_6.png,3443,5.253601,15,AEGIS-CD,AEGIS-CD,95.2111,90.859909,94.953199,321,1,0.0,0.107661,3.903869,True,96.413742,primary_best_F1;has_change_gt;low_false_alarm_tendency,95.2111,90.859909,99.510193,94.953199,97.883436,92.680802,321,69,252,4.974365,93.479238,87.756825,99.336243,93.129946,96.592317,90.560558,435,110,325,4.925537,93.573265,87.922705,99.351501,93.2324,97.602524,89.863491,425,76,349,4.837036,93.495441,87.785388,99.346924,93.152426,98.055467,89.340691,428,61,367,4.786682,94.391122,89.378018,99.429321,94.090827,97.581395,91.402846,374,78,296,4.920959,93.762272,88.257037,99.369812,93.430974,97.671492,90.153936,413,74,339,4.849243,89.91084,81.670929,99.015808,89.396745,97.423729,83.473715,645,76,569,4.501343,91.62636,84.546722,99.154663,91.182004,95.52474,88.033692,554,142,412,4.841614,93.156531,87.189729,99.31488,92.796852,98.011546,88.759802,449,62,387,4.75769,91.881066,84.981476,99.195862,91.459696,97.834646,86.610514,527,66,461,4.650879,95.103438,90.664018,99.497986,94.839041,97.527473,92.796979,329,81,248,4.998779,72.631195,57.02432,97.70813,71.515956,97.457213,57.885565,1502,52,1450,3.120422,93.542547,87.868481,99.346924,93.199166,97.33124,90.037758,428,85,343,4.859924,92.639633,86.288483,99.266052,92.254575,97.897801,87.917514,481,65,416,4.718018,89.10828,80.356117,98.956299,88.565526,98.625308,81.266337,684,39,645,4.328918
test_115_13.png,8398,12.814331,15,AEGIS-CD,AEGIS-CD,95.754549,91.854894,95.129627,714,1,0.0,0.003941,2.195142,True,96.371715,primary_best_F1;has_change_gt,95.754549,91.854894,98.910522,95.129627,95.629454,95.879971,714,368,346,12.8479,94.564827,89.690019,98.614502,93.770911,95.077034,94.058109,908,409,499,12.677002,94.933141,90.354982,98.710632,94.194516,95.615412,94.260538,845,363,482,12.632751,94.258487,89.140475,98.529053,93.41496,94.292183,94.224815,964,479,485,12.805176,94.618035,89.785795,98.617554,93.824958,94.404931,94.832103,906,472,434,12.872314,94.322938,89.25583,98.530579,93.479102,93.403386,95.260776,963,565,398,13.069153,95.231804,90.897627,98.788452,94.537929,96.062515,94.415337,794,325,469,12.594604,93.203883,87.272727,98.280334,92.219695,94.416616,92.02191,1127,457,670,12.489319,95.063963,90.592294,98.751831,94.349702,96.366528,93.796142,818,297,521,12.472534,94.887427,90.272195,98.707581,94.147883,96.217407,93.593713,847,309,538,12.464905,94.182759,89.005117,98.524475,93.337946,95.173252,93.21267,967,397,570,12.550354,78.556532,64.685679,94.822693,75.625126,83.703704,74.005716,3393,1210,2183,11.329651,94.528875,89.62536,98.626709,93.744083,96.559861,92.581567,900,277,623,12.286377,95.72842,91.806818,98.899841,95.09705,95.259993,96.201477,721,402,319,12.940979,95.750607,91.847641,98.905945,95.122771,95.315634,96.189569,717,397,320,12.931824
test_91_8.png,1803,2.75116,15,AEGIS-CD,AEGIS-CD,94.808511,90.12945,94.665112,183,1,0.0,0.309216,10.031154,True,96.3145,primary_best_F1;has_change_gt;low_false_alarm_tendency,94.808511,90.12945,99.720764,94.665112,97.038328,92.678869,183,51,132,2.627563,93.115842,87.118469,99.620056,92.920481,92.833517,93.399889,249,130,119,2.767944,88.256977,78.982092,99.319458,87.907474,84.010025,92.956184,446,319,127,3.044128,94.499295,89.572193,99.702454,94.346433,96.153846,92.900721,195,67,128,2.658081,90.930032,83.368532,99.519348,90.683536,94.550898,87.576262,315,91,224,2.548218,93.659622,88.075314,99.6521,93.480766,93.920803,93.399889,228,109,119,2.735901,93.520337,87.829294,99.647522,93.339195,94.6084,92.457016,231,95,136,2.688599,81.59918,68.917749,98.904419,81.037929,75.845641,88.297282,718,507,211,3.20282,93.553719,87.888199,99.642944,93.370114,92.939245,94.176373,234,129,105,2.787781,91.812698,84.864578,99.565125,91.589623,95.23242,88.630061,285,80,205,2.560425,92.454955,85.968586,99.591064,92.244842,93.882218,91.070438,268,107,161,2.668762,0.0,0.0,97.24884,0.0,0.0,0.0,1803,0,1803,0.0,87.234614,77.35939,99.275208,86.861996,84.619395,90.016639,475,295,180,2.926636,92.775882,86.525199,99.612427,92.576888,95.213076,90.460344,254,82,172,2.613831,93.46984,87.74026,99.639893,93.284681,93.26339,93.677205,236,122,114,2.763367
test_36_15.png,3747,5.717468,15,AEGIS-CD,AEGIS-CD,93.644125,88.04791,93.265058,469,1,0.0,0.841927,2.684489,True,96.292107,primary_best_F1;has_change_gt;low_false_alarm_tendency,93.644125,88.04791,99.284363,93.265058,95.126652,92.207099,469,177,292,5.541992,90.685882,82.958984,98.934937,90.121057,90.685882,90.685882,698,349,349,5.717468,90.498688,82.646213,98.895264,89.912395,89.026594,92.020283,724,425,299,5.909729,91.805007,84.851437,99.050903,91.301375,90.65834,92.981052,622,359,263,5.863953,91.146934,83.733916,98.977661,90.604497,90.264329,92.046971,670,372,298,5.830383,90.873887,83.27419,98.921204,90.301254,88.0,93.94182,707,480,227,6.103516,92.802198,86.570989,99.200439,92.379294,95.612794,90.152122,524,155,369,5.39093,87.91894,78.442281,98.580933,87.165697,85.649203,90.31225,930,567,363,6.028748,91.880455,84.980431,99.06311,91.383372,91.061599,92.714171,614,341,273,5.821228,91.071429,83.606557,98.962402,90.520775,89.635565,92.554043,680,401,279,5.903625,91.797186,84.838077,99.057007,91.29695,91.312384,92.287163,618,329,289,5.778503,85.702757,74.982349,98.377991,84.84304,86.388286,85.028022,1063,502,561,5.627441,92.042786,85.258579,99.069214,91.548747,90.022965,94.155324,610,391,219,5.979919,92.781316,86.534653,99.169922,92.340973,92.267089,93.301308,544,293,251,5.781555,92.427441,85.92102,99.124146,91.962697,91.390556,93.488124,574,330,244,5.848694
test_40_2.png,14422,22.006226,15,AEGIS-CD,AEGIS-CD,95.681063,91.719745,94.476032,1235,1,0.0,0.22252,1.324527,True,96.275792,primary_best_F1;has_change_gt;low_false_alarm_tendency,95.681063,91.719745,98.11554,94.476032,96.521555,94.855083,1235,493,742,21.626282,93.960855,88.609594,97.358704,92.270661,94.557966,93.371238,1731,775,956,21.730042,94.250733,89.126606,97.45636,92.617709,93.762437,94.744141,1667,909,758,22.236633,94.638304,89.822305,97.657776,93.140018,95.354403,93.93288,1535,660,875,21.678162,93.89882,88.499317,97.302246,92.16713,93.466612,94.335044,1768,951,817,22.210693,94.271845,89.164371,97.479248,92.655912,94.284922,94.258771,1652,824,828,22.000122,95.458543,91.311663,98.03009,94.201156,96.879686,94.078491,1291,437,854,21.369934,92.927344,86.789052,96.980286,91.010001,95.884652,90.146998,1979,558,1421,20.689392,94.878366,90.255794,97.773743,93.456416,96.082474,93.704063,1459,551,908,21.461487,94.020691,88.716082,97.398376,92.358484,95.118144,92.948273,1705,688,1017,21.504211,93.873559,88.45445,97.323608,92.161493,94.580518,93.177091,1754,770,984,21.679688,94.585706,89.72759,97.663879,93.097097,96.521112,92.72639,1531,482,1049,21.141052,94.352299,89.308426,97.537231,92.777747,95.238768,93.48218,1614,674,940,21.600342,95.266004,90.959963,97.929382,93.940965,95.864635,94.674802,1357,589,768,21.733093,94.608433,89.768503,97.605896,93.069914,93.78023,95.451394,1569,913,656,22.398376
test_24_11.png,3111,4.747009,15,AEGIS-CD,AEGIS-CD,93.12299,87.130983,92.76331,449,1,0.0,0.971012,4.965878,True,96.052365,primary_best_F1;has_change_gt,93.12299,87.130983,99.31488,92.76331,88.940901,97.717776,449,378,71,5.215454,92.151978,85.446145,99.230957,91.748058,89.368771,95.114111,504,352,152,5.052185,87.811509,78.271405,98.768616,87.165541,82.820513,93.442623,807,603,204,5.355835,89.317417,80.696903,98.934937,88.75829,85.246859,93.796207,698,505,193,5.223083,90.792222,83.137139,99.125671,90.333268,90.777635,90.806815,573,287,286,4.748535,84.411183,73.027119,98.31543,83.534657,75.270713,96.078431,1104,982,122,6.059265,87.38925,77.602937,98.696899,86.706979,80.824911,95.114111,854,702,152,5.586243,86.096876,75.587808,98.716736,85.424776,88.631722,83.702989,841,334,507,4.483032,89.022605,80.216882,98.970032,88.482352,90.092166,87.978142,675,301,374,4.63562,89.880858,81.621466,99.028015,89.370419,88.850503,90.935391,637,355,282,4.858398,91.922006,85.051546,99.203491,91.503706,88.63026,95.467695,522,381,141,5.11322,81.053642,68.143022,97.892761,79.963263,70.703686,94.953391,1381,1224,157,6.375122,88.758111,79.788388,98.86322,88.161807,83.646189,94.535519,745,575,170,5.36499,90.556073,82.741981,99.072266,90.068822,87.616471,93.699775,608,412,196,5.076599,85.03583,73.967245,98.374939,84.191001,75.536695,97.26776,1065,980,85,6.112671
test_9_9.png,1263,1.927185,15,AEGIS-CD,AEGIS-CD,93.566775,87.911247,93.444031,158,1,0.0,0.791734,3.163538,True,95.996603,primary_best_F1;has_change_gt;low_false_alarm_tendency,93.566775,87.911247,99.758911,93.444031,96.311819,90.973872,158,44,114,1.820374,92.775041,86.523737,99.731445,92.638411,96.334186,89.469517,176,43,133,1.789856,87.818042,78.281787,99.517822,87.572258,85.574756,90.182106,316,192,124,2.030945,91.27572,83.951552,99.676514,91.111184,95.029991,87.806809,212,58,154,1.780701,90.063593,81.923355,99.61853,89.869128,90.422985,89.707047,250,120,130,1.911926,90.938252,83.382353,99.655151,90.762513,92.120227,89.786223,226,97,129,1.878357,92.604502,86.227545,99.719238,92.461439,94.040816,91.211401,184,73,111,1.869202,91.254125,83.915023,99.676514,91.089632,95.262705,87.569279,212,55,157,1.771545,92.218061,85.559846,99.714661,92.073114,97.192982,87.727633,187,32,155,1.739502,88.626525,79.575972,99.559021,88.401685,88.106416,89.152811,289,152,137,1.950073,89.385475,80.808081,99.623108,89.195051,97.744361,82.343626,247,24,223,1.623535,90.645793,82.891911,99.635315,90.459849,89.628483,91.686461,239,134,105,1.971436,88.373951,79.169649,99.555969,88.147633,89.193548,87.569279,291,134,157,1.89209,91.778048,84.805389,99.690247,91.620283,93.946932,89.707047,203,73,130,1.84021,87.888199,78.393352,99.523926,87.645483,86.214775,89.62787,312,181,131,2.003479
test_39_10.png,4280,6.530762,15,AEGIS-CD,AEGIS-CD,94.351538,89.307062,93.95732,483,1,0.0,0.323257,3.253496,True,95.921514,primary_best_F1;has_change_gt;low_false_alarm_tendency,94.351538,89.307062,99.263,93.95732,94.450948,94.252336,483,237,246,6.517029,92.246566,85.608934,98.957825,91.688413,89.710753,94.929907,683,466,217,6.910706,81.259884,68.435072,97.8302,80.128355,93.198307,72.03271,1422,225,1197,5.047607,91.819778,84.876677,98.933411,91.249293,91.981243,91.658879,699,342,357,6.507874,91.62749,84.548647,98.858643,91.01622,87.945853,95.630841,748,561,187,7.10144,89.763972,81.428888,98.722839,89.084496,94.175006,85.747664,837,227,610,5.94635,91.327217,84.038721,98.918152,90.751676,95.840822,87.219626,709,162,547,5.943298,90.126939,82.028241,98.718262,89.441611,90.681173,89.579439,840,394,446,6.451416,94.028281,88.729599,99.220276,93.611189,94.061258,93.995327,511,254,257,6.526184,87.624323,77.974457,98.500061,86.8311,95.004095,81.308411,983,183,800,5.589294,92.329647,85.752154,99.015808,91.803997,94.017922,90.700935,645,247,398,6.300354,92.881515,86.709139,99.076843,92.387959,93.552975,92.219626,605,272,333,6.437683,93.761726,88.256071,99.188232,93.327603,94.114878,93.411215,532,250,282,6.481934,92.821639,86.604832,99.052429,92.314433,91.855411,93.808411,621,356,265,6.669617,93.753608,88.241687,99.1745,93.311719,92.672906,94.859813,541,321,220,6.684875
test_25_10.png,4050,6.17981,15,AEGIS-CD,AEGIS-CD,94.621828,89.792627,94.261288,443,1,0.0,0.132863,1.235924,True,95.828563,primary_best_F1;has_change_gt,94.621828,89.792627,99.324036,94.261288,93.0738,96.222222,443,290,153,6.388855,92.552815,86.137961,99.03717,92.039195,88.650237,96.814815,631,502,129,6.748962,93.884892,88.474576,99.221802,93.46972,91.258741,96.666667,510,375,135,6.546021,93.15433,87.185873,99.136353,92.693636,91.299194,95.08642,566,367,199,6.436157,93.547602,87.877402,99.191284,93.116298,92.267051,94.864198,530,322,208,6.35376,93.758332,88.250057,99.214172,93.339173,92.073316,95.506173,515,333,182,6.410217,94.488966,89.553634,99.317932,94.125436,94.360995,94.617284,447,229,218,6.196594,89.597275,81.154948,98.695374,88.901477,88.318542,90.91358,855,487,368,6.361389,93.583912,87.941507,99.182129,93.147569,90.822491,96.518519,536,395,141,6.567383,93.342981,87.516961,99.157715,92.893654,91.230552,95.555556,552,372,180,6.472778,93.323813,87.483266,99.143982,92.86712,90.07581,96.814815,561,432,129,6.642151,93.67802,88.107859,99.212646,93.258227,92.97179,94.395062,516,289,227,6.274414,94.083585,88.828144,99.282837,93.702025,95.968156,92.271605,470,157,313,5.941772,94.080847,88.823262,99.249268,93.680343,91.740967,96.54321,492,352,140,6.503296,94.325285,89.260032,99.293518,93.948617,93.64809,95.012346,463,261,202,6.269836
test_82_15.png,2389,3.645325,15,AEGIS-CD,AEGIS-CD,93.698176,88.143526,93.457403,304,1,0.0,0.579581,8.957179,True,95.789605,primary_best_F1;has_change_gt,93.698176,88.143526,99.536133,93.457403,92.813142,94.600251,304,175,129,3.715515,90.434099,82.538544,99.256897,90.049053,85.196151,96.358309,487,400,87,4.122925,86.779795,76.646915,98.977661,86.249876,82.082867,92.046882,670,480,190,4.08783,83.751962,72.045915,98.736572,83.097357,78.832656,89.326078,828,573,255,4.130554,83.307271,71.390285,98.696899,82.632336,78.144481,89.200502,854,596,258,4.161072,79.91984,66.555407,98.471069,79.12661,76.662822,83.465885,1002,607,395,3.968811,90.25138,82.234637,99.272156,89.873562,88.178914,92.423608,477,296,181,3.820801,85.244383,74.283407,99.028015,84.747762,95.435685,77.019674,637,88,549,2.941895,92.227302,85.575758,99.455261,91.945517,96.098004,88.656342,357,86,271,3.363037,72.735894,57.153502,98.245239,71.845841,83.870968,64.210967,1150,295,855,2.790833,92.865929,86.681975,99.468994,92.590283,91.000402,94.809544,348,224,124,3.797913,69.137792,52.832512,98.246765,68.309941,96.476762,53.871913,1149,47,1102,2.035522,89.035614,80.238009,99.163818,88.601824,85.281717,93.135203,548,384,164,3.981018,93.118594,87.123288,99.497986,92.858085,93.060201,93.177062,329,166,163,3.649902,77.564103,63.350785,98.61145,76.871061,94.361128,65.843449,910,94,816,2.54364
test_33_7.png,10728,16.369629,15,AEGIS-CD,AEGIS-CD,93.202988,87.271157,91.855648,1474,1,0.0,1.075019,4.107962,True,95.784545,primary_best_F1;has_change_gt,93.202988,87.271157,97.750854,91.855648,92.224859,94.202088,1474,852,622,16.720581,91.091128,83.639768,97.067261,89.335908,90.595611,91.592095,1922,1020,902,16.549683,88.986703,80.158599,96.334839,86.789013,87.565421,90.454884,2402,1378,1024,16.90979,90.281921,82.285364,96.917725,88.45258,93.288924,87.462714,2020,675,1345,15.34729,88.340066,79.115277,96.124268,86.016564,87.029667,89.690529,2540,1434,1106,16.870117,91.390046,84.145185,97.193909,89.713896,91.80698,90.976883,1839,871,968,16.221619,92.127969,85.404871,97.521973,90.660311,95.970511,88.581283,1624,399,1225,15.109253,88.634014,79.588048,96.476746,86.557048,93.908418,83.920582,2309,584,1725,14.628601,89.883592,81.625975,96.658325,87.882392,89.093407,90.687919,2190,1191,999,16.662598,91.269161,83.940455,97.201538,89.603799,93.267173,89.354959,1834,692,1142,15.682983,89.922192,81.689664,96.699524,87.948814,89.892874,89.951529,2163,1085,1078,16.38031,73.186363,57.711746,89.402771,66.823469,62.466223,88.348248,6945,5695,1250,23.152161,91.325255,84.035398,97.247314,89.691318,94.318633,88.516033,1804,572,1232,15.362549,90.800911,83.151711,96.980286,88.994594,90.560964,91.042133,1979,1018,961,16.456604,90.09104,81.968785,96.844482,88.216245,92.693749,87.6305,2068,741,1327,15.475464
test_120_12.png,18573,28.340149,15,AEGIS-CD,AEGIS-CD,95.453942,91.303243,93.623159,1711,1,0.0,0.151711,0.746684,True,95.757364,primary_best_F1;has_change_gt,95.453942,91.303243,97.389221,93.623159,94.224717,96.715663,1711,1101,610,29.089355,94.158464,88.961732,96.685791,91.845121,94.067387,94.249717,2172,1104,1068,28.395081,94.830458,90.169128,97.064209,92.780477,94.647359,95.014268,1924,998,926,28.450012,94.836814,90.180621,96.99707,92.721616,92.483242,97.313304,1968,1469,499,29.820251,94.330198,89.268832,96.743774,92.04678,93.113034,95.579605,2134,1313,821,29.090881,94.535169,89.636676,96.875,92.347279,93.709993,95.375007,2048,1189,859,28.843689,95.037247,90.543784,97.174072,93.061924,94.601227,95.477306,1852,1012,840,28.6026,92.807177,86.579655,95.889282,89.929798,92.050209,93.576697,2694,1501,1193,28.81012,95.30223,91.026037,97.338867,93.445885,95.358741,95.245787,1744,861,883,28.30658,94.497428,89.568839,96.865845,92.306427,94.038923,94.960426,2054,1118,936,28.617859,94.958502,90.400941,97.135925,92.958325,94.742202,95.175793,1877,981,896,28.469849,95.094602,90.647959,97.203064,93.138559,94.53549,95.660367,1833,1027,806,28.677368,95.082503,90.625973,97.244263,93.16862,96.182449,94.00743,1806,693,1113,27.69928,95.220139,90.876375,97.253418,93.293733,93.942887,96.532601,1800,1156,644,29.121399,95.210676,90.859138,97.283936,93.315165,95.159469,95.261939,1780,900,880,28.370667
test_46_14.png,961,1.46637,15,AEGIS-CD,AEGIS-CD,94.135963,88.921569,94.048465,113,1,0.0,0.382788,23.835545,True,95.724858,primary_best_F1;has_change_gt,94.135963,88.921569,99.827576,94.048465,93.89234,94.380853,113,59,54,1.473999,83.323371,71.413934,99.57428,83.112596,97.893258,72.528616,279,15,264,1.086426,88.728484,79.740519,99.690247,88.572168,95.119048,83.14256,203,41,162,1.281738,88.298474,79.048583,99.684143,88.139598,96.658416,81.269511,207,27,180,1.23291,0.0,0.0,98.53363,0.0,0.0,0.0,961,0,961,0.0,80.118343,66.831194,99.487305,79.863604,92.866941,70.447451,336,52,284,1.112366,84.692082,73.448627,99.601746,84.493641,97.043011,75.130073,261,22,239,1.135254,51.530993,34.708249,99.009705,51.126362,91.269841,35.900104,649,33,616,0.576782,91.036555,83.547794,99.726868,90.898074,87.741313,94.58897,179,127,52,1.580811,84.705882,73.469388,99.563599,84.484697,87.128713,82.414152,286,117,169,1.387024,90.778689,83.114447,99.725342,90.639317,89.404642,92.19563,180,105,75,1.512146,41.428571,26.126126,98.873901,41.018091,87.29097,27.159209,738,38,700,0.456238,13.216715,7.075963,98.63739,13.048198,100.0,7.075963,893,0,893,0.10376,93.753174,88.240918,99.812317,93.657957,91.56746,96.045786,123,85,38,1.538086,92.594511,86.210222,99.781799,92.483781,92.164948,93.028096,143,76,67,1.480103
test_120_4.png,7753,11.830139,15,AEGIS-CD,AEGIS-CD,94.571447,89.70193,93.84185,843,1,0.0,0.245709,1.83842,True,95.721359,primary_best_F1;has_change_gt,94.571447,89.70193,98.713684,93.84185,94.431584,94.711724,843,433,410,11.865234,92.853424,86.660187,98.324585,91.904575,93.719616,92.003096,1098,478,620,11.613464,94.325738,89.260843,98.658752,93.565233,94.417162,94.23449,879,432,447,11.807251,93.062496,87.025124,98.368835,92.138301,93.652038,92.48033,1069,486,583,11.682129,92.691928,86.379268,98.3078,91.735558,94.758825,90.713272,1109,389,720,11.325073,91.177033,83.784734,97.889709,89.97872,90.204494,92.170773,1383,776,607,12.088013,93.730284,88.200371,98.544312,92.907186,95.551387,91.977299,954,332,622,11.387634,92.365964,85.814828,98.216248,91.356289,93.544974,91.216303,1169,488,681,11.535645,91.944355,85.08982,98.100281,90.867537,92.248767,91.641945,1245,597,648,11.752319,92.437299,85.938061,98.205566,91.41932,92.176478,92.6996,1176,610,566,11.897278,93.589826,87.951953,98.484802,92.73069,93.680538,93.499291,993,489,504,11.807251,90.86937,83.266604,97.831726,89.639181,90.537772,91.203405,1421,739,682,11.917114,93.331566,87.496893,98.464966,92.464979,96.004364,90.80356,1006,293,713,11.18927,93.864013,88.4375,98.532104,93.030462,92.845426,94.905198,962,567,395,12.09259,92.019082,85.21791,98.110962,90.947777,91.983503,92.054689,1238,622,616,11.839294
test_120_8.png,17299,26.396179,15,AEGIS-CD,AEGIS-CD,95.215201,90.86738,93.476086,1672,1,0.0,0.214767,0.667679,True,95.644735,primary_best_F1;has_change_gt,95.215201,90.86738,97.44873,93.476086,94.281666,96.167409,1672,1009,663,26.924133,94.42147,89.432453,97.05658,92.422362,94.47338,94.369617,1929,955,974,26.367188,94.822638,90.154988,97.247314,92.948051,94.15788,95.49685,1804,1025,779,26.771545,94.417538,89.425398,96.992493,92.36051,92.558863,96.35239,1971,1340,631,27.478027,93.998608,88.676768,96.841431,91.855335,94.288373,93.710619,2070,982,1088,26.234436,94.982141,90.443798,97.341919,93.17429,94.660389,95.306087,1742,930,812,26.576233,95.000435,90.476979,97.367859,93.214166,95.26273,94.73958,1725,815,910,26.251221,93.536475,87.857767,96.607971,91.237224,94.097344,92.982253,2223,1009,1214,26.083374,94.641562,89.828175,97.181702,92.729649,94.997088,94.288687,1847,859,988,26.199341,94.67892,89.895509,97.181702,92.762197,94.371698,94.98815,1847,980,867,26.568604,94.810764,90.133523,97.24884,92.93906,94.411326,95.213596,1803,975,828,26.620483,94.42905,89.446055,97.055054,92.427561,94.303834,94.554599,1930,988,942,26.46637,94.857143,90.217391,97.294617,93.021714,95.196786,94.519914,1773,825,948,26.208496,94.078058,88.81829,96.858215,91.940085,93.61763,94.543037,2059,1115,944,26.657104,94.99051,90.458977,97.341919,93.181605,94.51216,95.473727,1742,959,783,26.664734
test_41_13.png,8085,12.336731,15,AEGIS-CD,AEGIS-CD,94.630167,89.807647,93.873786,869,1,0.0,0.177486,1.347969,True,95.618304,primary_best_F1;has_change_gt,94.630167,89.807647,98.674011,93.873786,94.554211,94.706246,869,441,428,12.356567,94.190999,89.019837,98.564148,93.371837,94.022677,94.359926,941,485,456,12.380981,93.999635,88.678596,98.493958,93.138835,92.431851,95.621521,987,633,354,12.762451,93.498568,87.790902,98.406982,92.590902,94.155274,92.850959,1044,466,578,12.165833,93.380178,87.582379,98.361206,92.44504,93.070402,93.692022,1074,564,510,12.419128,93.370302,87.565006,98.358154,92.433377,93.026397,93.716759,1076,568,508,12.428284,93.801523,88.326618,98.497009,92.946647,95.477838,92.183055,985,353,632,11.911011,90.299651,82.314825,97.584534,88.920297,89.482633,91.131725,1583,866,717,12.564087,94.452681,89.48847,98.629761,93.671024,94.347772,94.557823,898,458,440,12.364197,93.227879,87.314815,98.327637,92.273908,93.147302,93.308596,1096,555,541,12.358093,93.595132,87.961325,98.442078,92.708525,94.959267,92.269635,1021,396,625,11.987305,93.700739,88.148062,98.451233,92.817828,94.033383,93.370439,1015,479,536,12.249756,91.086587,83.632112,97.756958,89.8042,89.342215,92.900433,1470,896,574,12.828064,93.572366,87.921118,98.429871,92.678176,94.522968,92.640693,1029,434,595,12.091064,93.774537,88.278775,98.475647,92.906089,94.49887,93.061224,999,438,561,12.149048
test_35_12.png,11021,16.816711,15,AEGIS-CD,AEGIS-CD,94.863339,90.228601,93.819638,1137,1,0.0,0.151385,0.992668,True,95.575273,primary_best_F1;has_change_gt,94.863339,90.228601,98.265076,93.819638,94.466439,95.263588,1137,615,522,16.958618,93.614338,87.995259,97.836304,92.311905,92.928029,94.310861,1418,791,627,17.066956,93.984129,88.650999,97.929382,92.734398,91.886269,96.18002,1357,936,421,17.602539,94.711954,89.955087,98.225403,93.64576,94.923441,94.501406,1163,557,606,16.741943,93.085674,87.065669,97.625732,91.6532,91.213098,95.036748,1556,1009,547,17.521667,93.86841,88.445307,97.911072,92.609749,92.6853,95.082116,1369,827,542,17.251587,94.174316,88.990038,98.043823,92.998885,94.32863,94.020506,1282,623,659,16.76178,92.741826,86.465975,97.550964,91.268813,92.445005,93.040559,1605,838,767,16.925049,94.452949,89.488951,98.120117,93.321319,93.743856,95.172852,1232,700,532,17.073059,93.57512,87.925982,97.799683,92.248168,91.928565,95.281735,1442,922,520,17.430115,93.768573,88.268204,97.888184,92.497326,93.064617,94.483259,1384,776,608,17.073059,93.449349,87.704155,97.782898,92.11505,92.867384,94.038653,1453,796,657,17.028809,94.042477,88.754884,97.979736,92.8262,93.278586,94.818982,1324,753,571,17.094421,94.573713,89.706008,98.167419,93.471284,94.186465,94.964159,1201,646,555,16.955566,94.146559,88.940481,98.001099,92.94165,92.74584,95.590237,1310,824,486,17.332458
test_118_16.png,14724,22.467041,15,AEGIS-CD,AEGIS-CD,95.275483,90.977248,93.915709,1384,1,0.0,0.063786,0.573878,True,95.529703,primary_best_F1;has_change_gt;low_false_alarm_tendency,95.275483,90.977248,97.888184,93.915709,95.778998,94.777234,1384,615,769,22.232056,94.327717,89.264387,97.503662,92.728309,96.352175,92.38658,1636,515,1121,21.542358,94.29444,89.204807,97.491455,92.68774,96.415898,92.26433,1644,505,1139,21.499634,95.165325,90.776572,97.846985,93.780602,96.030703,94.315403,1411,574,837,22.065735,94.732149,89.991529,97.65625,93.225188,95.683802,93.799239,1536,623,913,22.024536,94.883979,90.265954,97.749329,93.442156,96.958957,92.895952,1475,429,1046,21.525574,95.063909,90.592196,97.825623,93.670345,97.009544,93.194784,1425,423,1002,21.583557,93.47493,87.749232,97.140503,91.6455,95.905973,91.164086,1874,573,1301,21.356201,94.982215,90.443933,97.782898,93.559835,96.62053,93.398533,1453,481,972,21.717834,94.242894,89.112588,97.450256,92.60586,95.636669,92.889161,1671,624,1047,21.821594,94.904722,90.303508,97.747803,93.459647,96.503791,93.357783,1476,498,978,21.734619,94.743395,90.011828,97.680664,93.25612,96.519166,93.031785,1520,494,1026,21.655273,94.801245,90.116318,97.731018,93.351694,97.687153,92.080956,1487,321,1166,21.177673,94.993853,90.465041,97.763062,93.553663,95.528846,94.464819,1466,651,815,22.216797,95.211697,90.860997,97.891235,93.860294,97.184892,93.317033,1382,398,984,21.572876
test_4_15.png,3651,5.570984,15,AEGIS-CD,AEGIS-CD,94.447454,89.479086,94.116018,410,1,0.0,0.007552,0.790325,True,95.434009,primary_best_F1;has_change_gt,94.447454,89.479086,99.37439,94.116018,93.410126,95.50808,410,246,164,5.696106,93.617021,88.0,99.295044,93.243972,94.452188,92.796494,462,199,263,5.473328,93.533957,87.853323,99.272156,93.148373,92.592593,94.494659,477,276,201,5.685425,94.439902,89.465531,99.377441,94.110171,93.978845,94.905505,408,222,186,5.625916,93.243614,87.342423,99.249268,92.84617,93.500413,92.988222,492,236,256,5.540466,93.863605,88.436776,99.31488,93.500793,93.671577,94.056423,449,232,217,5.593872,94.021589,88.717681,99.34082,93.672809,95.020979,93.043002,432,178,254,5.455017,92.852147,86.657963,99.220276,92.439994,94.88279,90.906601,511,179,332,5.337524,94.216701,89.065762,99.360657,93.878348,94.963829,93.481238,419,181,238,5.484009,92.850201,86.654574,99.214172,92.434523,94.144144,91.591345,515,208,307,5.419922,93.315106,87.467965,99.253845,92.919978,93.149563,93.481238,489,251,238,5.59082,94.009217,88.695652,99.345398,93.663142,95.897436,92.193919,429,144,285,5.355835,93.572414,87.921203,99.28894,93.196088,94.248402,92.906053,466,207,259,5.491638,93.678958,88.109518,99.304199,93.310852,94.835813,92.549986,456,184,272,5.436707,93.98537,88.653207,99.32251,93.626453,92.977754,95.015064,444,262,182,5.693054
test_101_15.png,5610,8.560181,15,AEGIS-CD,AEGIS-CD,94.269238,89.159707,93.739193,636,1,0.0,0.151591,2.497275,True,95.39441,primary_best_F1;has_change_gt;low_false_alarm_tendency,94.269238,89.159707,99.029541,93.739193,95.317055,93.244207,636,257,379,8.374023,93.092377,87.077398,98.851013,92.466355,95.898696,90.445633,753,217,536,8.073425,94.02821,88.729473,99.005127,93.486026,96.70309,91.497326,652,175,477,8.099365,93.049774,87.002877,98.828125,92.410056,94.503676,91.639929,768,299,469,8.300781,89.092664,80.330722,98.275757,88.163552,97.157895,82.263815,1130,135,995,7.247925,89.487717,80.975358,98.31543,88.576717,96.054783,83.761141,1104,193,911,7.4646,88.668337,79.643414,98.205566,87.700933,96.497483,82.01426,1176,167,1009,7.275391,92.990272,86.898895,98.823547,92.348445,94.897012,91.158645,771,275,496,8.222961,93.467244,87.735686,98.918152,92.878222,96.738508,90.409982,709,171,538,8.000183,93.307451,87.454514,98.895264,92.706298,96.908602,89.964349,724,161,563,7.946777,93.545744,87.874123,98.918152,92.955634,95.590698,91.586453,709,237,472,8.201599,87.386419,77.598473,98.03009,86.328763,96.691892,79.714795,1291,153,1138,7.05719,92.554497,86.140875,98.796082,91.902051,98.335673,87.41533,789,83,706,7.609558,94.117647,88.888889,98.997498,93.569717,94.549379,93.68984,657,303,354,8.482361,90.01912,81.849791,98.406982,89.158499,97.072165,83.921569,1044,142,902,7.400513
test_120_11.png,17317,26.423645,15,AEGIS-CD,AEGIS-CD,94.826104,90.161255,92.948257,1806,1,0.0,0.162719,0.751675,True,95.151543,primary_best_F1;has_change_gt,94.826104,90.161255,97.244263,92.948257,94.092899,95.570826,1806,1039,767,26.838684,93.386389,87.593309,96.525574,91.030409,93.945769,92.833632,2277,1036,1241,26.11084,93.992097,88.665179,96.821594,91.831335,93.891898,94.09251,2083,1060,1023,26.480103,94.538897,89.643381,97.088623,92.554373,93.723398,95.368713,1908,1106,802,26.887512,94.200331,89.036509,96.902466,92.087607,93.220243,95.201247,2030,1199,831,26.985168,94.08078,88.823143,96.887207,91.969223,94.547151,93.618987,2040,935,1105,26.164246,94.545771,89.655742,97.134399,92.602567,95.10371,93.994341,1878,838,1040,26.115417,92.737332,86.458163,96.214294,90.177915,94.039421,91.470809,2481,1004,1477,25.701904,94.663385,89.867502,97.187805,92.754294,94.935533,94.392793,1843,872,971,26.272583,93.477132,87.753113,96.548462,91.130519,93.358677,93.595888,2262,1153,1109,26.490784,94.44364,89.472241,97.071838,92.455781,94.70964,94.17913,1919,911,1008,26.275635,93.912744,88.524057,96.768188,91.712927,93.482863,94.346596,2118,1139,979,26.667786,94.076085,88.814774,96.903992,91.98082,95.139955,93.035745,2029,823,1206,25.839233,94.349653,89.303684,96.983337,92.292346,93.401992,95.316741,1977,1166,811,26.965332,94.637774,89.82135,97.183228,92.727805,95.213046,94.069412,1846,819,1027,26.106262
test_29_7.png,18862,28.781128,15,AEGIS-CD,AEGIS-CD,94.754582,90.032026,92.614988,1992,1,0.0,0.191454,1.212029,True,95.13749,primary_best_F1;has_change_gt,94.754582,90.032026,96.960449,92.614988,94.129957,95.387552,1992,1122,870,29.165649,92.26628,85.642898,95.440674,89.036327,90.138566,94.496872,2988,1950,1038,30.172729,92.976004,86.873979,95.832825,90.017404,90.289225,95.82759,2731,1944,787,30.54657,94.03984,88.750187,96.562195,91.624312,93.848672,94.231789,2253,1165,1088,28.898621,92.71618,86.421401,95.809937,89.775258,92.775242,92.657194,2746,1361,1385,28.744507,92.984014,86.887967,95.901489,90.090118,91.643497,94.36433,2686,1623,1063,29.63562,94.291698,89.199898,96.755981,92.026376,95.522794,93.091931,2126,823,1303,28.048706,91.704968,84.680679,95.373535,88.501753,94.742793,88.855901,3032,930,2102,26.992798,94.563128,89.686962,96.893311,92.388637,95.265253,93.871276,2036,880,1156,28.359985,93.43974,87.68723,96.299744,90.864399,95.398553,91.55975,2425,833,1592,27.622986,93.884624,88.474099,96.499634,91.432831,94.418231,93.357014,2294,1041,1253,28.457642,94.402905,89.39915,96.801758,92.164333,95.103842,93.712226,2096,910,1186,28.359985,94.05922,88.784715,96.62323,91.701004,95.268911,92.879864,2213,870,1343,28.059387,93.852915,88.417797,96.456909,91.364121,93.728849,93.977309,2322,1186,1136,28.857422,94.414223,89.419452,96.788025,92.160165,94.512033,94.316615,2105,1033,1072,28.721619
test_118_2.png,18569,28.334045,15,AEGIS-CD,AEGIS-CD,95.094949,90.64859,93.156623,1821,1,0.0,0.014689,0.998649,True,95.124327,primary_best_F1;has_change_gt;low_false_alarm_tendency,95.094949,90.64859,97.221375,93.156623,95.12826,95.061662,1821,904,917,28.314209,94.191651,89.021001,96.7453,91.931297,95.26826,93.139103,2133,859,1274,27.700806,94.342499,89.290868,96.829224,92.140252,95.402236,93.306048,2078,835,1243,27.711487,93.923095,88.542455,96.534729,91.49956,93.341134,94.512359,2271,1252,1019,28.689575,94.180293,89.000712,96.697998,91.875424,94.063927,94.296947,2164,1105,1059,28.404236,94.584229,89.724932,96.961975,92.473389,95.558975,93.629167,1991,808,1183,27.761841,95.080261,90.6219,97.259521,93.181847,96.75531,93.462222,1796,582,1214,27.36969,92.543378,86.121615,95.855713,89.675325,94.393727,90.764177,2716,1001,1715,27.244568,94.523751,89.616147,96.961975,92.422997,96.598831,92.535947,1991,605,1386,27.142334,93.546719,87.875844,96.382141,91.033637,94.568567,92.546718,2371,987,1384,27.728271,93.586607,87.946267,96.440125,91.1244,95.586253,91.668911,2333,786,1547,27.172852,93.552812,87.886598,96.414185,91.070471,95.352609,91.819699,2350,831,1519,27.284241,94.191113,89.02004,96.806335,91.991772,97.176727,91.383489,2093,493,1600,26.644897,94.148667,88.944243,96.647644,91.799953,93.134155,95.185524,2197,1303,894,28.95813,94.953128,90.391201,97.174072,92.99116,96.110774,93.823038,1852,705,1147,27.659607
test_120_15.png,12634,19.277954,15,AEGIS-CD,AEGIS-CD,94.540162,89.645655,93.22645,1388,1,0.0,0.143163,1.488861,True,95.112591,primary_best_F1;has_change_gt,94.540162,89.645655,97.88208,93.22645,93.97091,95.116353,1388,771,617,19.512939,93.346068,87.522388,97.44873,91.767936,93.869057,92.828874,1672,766,906,19.064331,94.326828,89.262797,97.80426,92.965543,93.967481,94.688935,1439,768,671,19.425964,93.485329,87.767562,97.462463,91.909899,92.546343,94.443565,1663,961,702,19.673157,92.817418,86.597483,97.221375,91.094951,92.507273,93.12965,1821,953,868,19.407654,92.803334,86.572967,97.259521,91.111173,93.97825,91.657432,1796,742,1054,18.80188,93.718342,88.179225,97.596741,92.23259,94.45293,92.995093,1575,690,885,18.980408,92.144104,85.432607,96.97876,90.273866,92.378679,91.910717,1980,958,1022,19.180298,94.08773,88.835534,97.729492,92.682712,94.46306,93.715371,1488,694,794,19.125366,93.695764,88.139257,97.572327,92.192484,93.810997,93.580814,1591,780,811,19.230652,94.396999,89.388557,97.857666,93.072761,95.194784,93.612474,1404,597,807,18.95752,86.371047,76.011478,94.897461,83.235638,89.027054,83.868925,3344,1306,2038,18.161011,93.600894,87.971504,97.55249,92.087893,94.361326,92.85262,1604,701,903,18.969727,93.949032,88.588566,97.648621,92.489931,93.220603,94.688935,1541,870,671,19.581604,93.975328,88.63534,97.689819,92.546298,94.494238,93.462086,1514,688,826,19.067383
test_4_3.png,417,0.636292,15,AEGIS-CD,AEGIS-CD,93.236715,87.330317,93.193721,56,1,0.0,0.535985,7.543298,True,95.0905,primary_best_F1;has_change_gt;low_false_alarm_tendency,93.236715,87.330317,99.914551,93.193721,93.917275,92.565947,56,25,31,0.627136,88.054608,78.658537,99.839783,87.974171,83.766234,92.805755,105,75,30,0.704956,59.589041,42.439024,99.279785,59.255653,46.338216,83.453237,472,403,69,1.145935,86.956522,76.923077,99.84436,86.878583,93.150685,81.534772,102,25,77,0.556946,85.899094,75.283447,99.833679,85.815965,93.258427,79.616307,109,24,85,0.543213,86.683417,76.496674,99.838257,86.602238,91.029024,82.733813,106,34,72,0.578308,88.264059,78.993435,99.853516,88.190385,90.024938,86.570743,96,40,56,0.611877,87.012987,77.011494,99.847412,86.936776,94.90085,80.335731,100,18,82,0.538635,85.891089,75.27115,99.82605,85.803666,88.746803,83.213429,114,44,70,0.596619,88.755981,79.784946,99.856567,88.683805,88.544153,88.968825,94,48,46,0.639343,88.172043,78.846154,99.848938,88.096028,87.857143,88.489209,99,51,48,0.640869,88.457143,79.303279,99.845886,88.37974,84.497817,92.805755,101,71,30,0.698853,86.545455,76.282051,99.830627,86.460242,87.5,85.611511,111,51,60,0.622559,92.70073,86.394558,99.908447,92.654675,94.074074,91.366906,60,24,36,0.617981,86.725664,76.5625,99.839783,86.645308,91.71123,82.254197,105,31,74,0.570679
test_42_16.png,1788,2.728271,15,AEGIS-CD,AEGIS-CD,93.843972,88.401924,93.673875,217,1,0.0,0.175974,2.071109,True,95.082333,primary_best_F1;has_change_gt;low_false_alarm_tendency,93.843972,88.401924,99.668884,93.673875,95.221647,92.505593,217,83,134,2.650452,91.071962,83.607456,99.543762,90.838965,97.693786,85.290828,299,36,263,2.381897,89.425982,80.874317,99.465942,89.15385,97.240473,82.774049,350,42,308,2.322388,90.849673,83.233533,99.487305,90.586122,88.535032,93.288591,336,216,120,2.874756,87.349954,77.540984,99.372864,87.031754,97.125257,79.362416,411,42,369,2.229309,91.920687,85.049288,99.583435,91.707638,97.611565,86.856823,273,38,235,2.427673,93.667998,88.090129,99.661255,93.494041,95.576251,91.834452,222,76,146,2.62146,93.344907,87.520347,99.649048,93.164902,96.702638,90.212528,230,55,175,2.545166,91.67152,84.623656,99.563599,91.447842,95.625759,88.03132,286,72,214,2.511597,91.482464,84.30201,99.559021,91.256791,96.697819,86.800895,289,53,236,2.449036,91.866589,84.95671,99.575806,91.64929,96.319018,87.807606,278,60,218,2.487183,92.122601,85.395645,99.580383,91.907183,94.421609,89.932886,275,95,180,2.598572,93.233516,87.324703,99.641418,93.049511,96.083086,90.548098,235,66,169,2.571106,93.333333,87.5,99.64447,93.150799,95.547745,91.219239,233,76,157,2.604675,93.478885,87.756203,99.653625,93.301109,96.101595,90.995526,227,66,161,2.583313
test_29_13.png,10771,16.435242,15,AEGIS-CD,AEGIS-CD,93.613282,87.993392,92.351528,1381,1,0.0,0.485756,2.211659,True,95.013031,primary_best_F1;has_change_gt,93.613282,87.993392,97.892761,92.351528,93.263914,93.965277,1381,731,650,16.558838,90.206682,82.160447,96.739197,88.251019,89.067873,91.374988,2137,1208,929,16.860962,91.163715,83.762245,97.015381,89.369721,88.781346,93.677467,1956,1275,681,17.341614,91.730597,84.724396,97.319031,90.131147,93.022146,90.474422,1757,731,1026,15.985107,90.76555,83.092422,97.055054,89.01571,93.642018,88.060533,1930,644,1286,15.455627,90.59526,82.807436,96.923828,88.756502,91.045476,90.149475,2016,955,1061,16.273499,93.127527,87.138927,97.717285,91.759044,92.170592,94.10454,1496,861,635,16.78009,90.02298,81.856173,96.820068,88.133803,92.932688,87.289945,2084,715,1369,15.437317,92.382361,85.843141,97.485352,90.876518,91.991163,92.776901,1648,870,778,16.575623,91.200455,83.824298,97.167969,89.513791,93.188645,89.29533,1856,703,1153,15.748596,92.118596,85.388763,97.436523,90.588134,93.105737,91.152168,1680,727,953,16.090393,91.423782,84.202401,97.189331,89.743051,91.697021,91.152168,1842,889,953,16.337585,90.443914,82.554897,96.94519,88.627658,93.073976,87.958407,2002,705,1297,15.531921,91.862416,84.949573,97.335815,90.269614,92.232101,91.495683,1746,830,916,16.304016,92.578884,86.183134,97.55249,91.113501,92.271512,92.888311,1604,838,766,16.545105
test_21_7.png,17700,27.008057,15,AEGIS-CD,AEGIS-CD,94.921842,90.334513,93.03523,1803,1,0.0,0.0408,0.991212,True,95.003441,primary_best_F1;has_change_gt,94.921842,90.334513,97.24884,93.03523,94.641955,95.20339,1803,954,849,27.168274,93.520744,87.830013,96.504211,91.127135,93.629311,93.412429,2291,1125,1166,26.945496,94.881042,90.260638,97.206116,92.960083,93.912225,95.870056,1831,1100,731,27.571106,93.665349,88.085443,96.55304,91.297871,92.9848,94.355932,2259,1260,999,27.406311,93.511524,87.81375,96.421814,91.042743,91.632775,95.468927,2345,1543,802,28.138733,94.208236,89.050633,96.832275,92.028665,93.055556,95.389831,2076,1260,816,27.685547,94.756142,90.034843,97.163391,92.812014,94.620021,94.892655,1859,955,904,27.085876,92.814747,86.592833,96.157837,90.192965,93.767297,91.881356,2518,1081,1437,26.464844,94.52004,89.609476,97.068787,92.519617,95.459522,93.59887,1921,788,1133,26.481628,93.703302,88.1526,96.630859,91.403731,94.604399,92.819209,2208,937,1271,26.498413,93.207408,87.278908,96.34552,90.707802,93.581639,92.836158,2395,1127,1268,26.792908,93.878935,88.463997,96.694946,91.615282,93.916092,93.841808,2166,1076,1090,26.986694,94.271207,89.16323,96.95282,92.196285,95.757329,92.830508,1997,728,1269,26.182556,93.920217,88.537339,96.716309,91.670959,93.930832,93.909605,2152,1074,1078,27.001953,94.169924,88.982195,96.836853,91.999643,93.75595,94.587571,2073,1115,958,27.24762
test_115_11.png,6225,9.498596,15,AEGIS-CD,AEGIS-CD,94.122469,88.897491,93.519586,717,1,0.0,0.039197,1.07414,True,94.975932,primary_best_F1;has_change_gt;low_false_alarm_tendency,94.122469,88.897491,98.905945,93.519586,96.099766,92.2249,717,233,484,9.115601,93.113223,87.113885,98.739624,92.420664,96.793205,89.702811,826,185,641,8.802795,93.090664,87.074401,98.748779,92.404586,97.891193,88.738956,820,119,701,8.610535,93.102883,87.095785,98.71521,92.394818,94.985793,91.293173,842,300,542,9.129333,92.852338,86.658295,98.703003,92.140857,97.423681,88.690763,850,146,704,8.647156,93.059937,87.020649,98.724365,92.358439,96.289297,90.040161,836,216,620,8.882141,94.023383,88.720876,98.884583,93.408493,95.737596,92.369478,731,256,475,9.164429,92.238582,85.595183,98.576355,91.455983,95.652174,89.060241,933,252,681,8.843994,93.139819,87.160455,98.75946,92.459807,98.098116,88.658635,813,107,706,8.584595,92.780055,86.532459,98.683167,92.056948,96.805168,89.076305,863,183,680,8.740234,93.295052,87.432732,98.788452,92.631041,98.344312,88.738956,794,93,701,8.570862,92.03857,85.251344,98.576355,91.260194,98.161631,86.634538,933,101,832,8.383179,92.421251,85.910324,98.652649,91.685665,99.225949,86.48996,883,42,841,8.279419,94.083272,88.827586,98.887634,93.469457,95.07874,93.108434,729,300,429,9.301758,93.437578,87.683422,98.796082,92.775746,96.878234,90.232932,789,181,608,8.847046
test_26_9.png,739,1.127625,15,AEGIS-CD,AEGIS-CD,92.178771,85.492228,92.092468,112,1,0.0,0.992095,26.479888,True,94.969342,primary_best_F1;has_change_gt;low_false_alarm_tendency,92.178771,85.492228,99.829102,92.092468,95.238095,89.309878,112,33,79,1.057434,81.475541,68.741543,99.647522,81.303772,100.0,68.741543,231,0,231,0.775146,0.0,0.0,98.872375,0.0,0.0,0.0,739,0,739,0.0,91.186676,83.80102,99.806213,91.088771,93.589744,88.903924,127,45,82,1.071167,25.707547,14.749662,99.038696,25.491559,100.0,14.749662,630,0,630,0.166321,83.084186,71.063257,99.671936,82.922983,99.24812,71.447903,215,4,211,0.811768,87.924016,78.450363,99.728394,87.78667,88.163265,87.686062,178,87,91,1.121521,83.990719,72.4,99.684143,83.834514,98.01444,73.477673,207,11,196,0.845337,0.0,0.0,98.872375,0.0,0.0,0.0,739,0,739,0.0,86.996198,76.985195,99.739075,86.866458,99.305556,77.401894,171,4,167,0.878906,88.135593,78.787879,99.754333,88.012472,96.763754,80.920162,161,20,141,0.942993,33.513514,20.12987,99.061584,33.210632,83.333333,20.97429,615,31,584,0.283813,88.38897,79.193758,99.755859,88.266259,95.305164,82.40866,160,30,130,0.975037,78.353909,64.411367,99.598694,78.160953,100.0,64.411367,263,0,263,0.726318,91.027496,83.532537,99.810791,90.93235,97.822706,85.11502,124,14,110,0.98114
test_25_14.png,6125,9.346008,15,AEGIS-CD,AEGIS-CD,94.017632,88.710636,93.376475,760,1,0.0,0.076285,1.789083,True,94.952902,primary_best_F1;has_change_gt,94.017632,88.710636,98.840332,93.376475,90.773674,97.502041,760,607,153,10.038757,90.692358,82.969824,98.260498,89.732956,90.70717,90.677551,1140,569,571,9.342957,90.118969,82.015038,98.175049,89.113818,91.219267,89.044898,1196,525,671,9.12323,91.514671,84.356725,98.36731,90.612242,88.974557,94.204082,1070,715,355,9.895325,92.66911,86.339646,98.657227,91.930378,94.607927,90.808163,880,317,563,8.970642,92.732723,86.450151,98.631287,91.977268,92.039241,93.436735,897,495,402,9.487915,92.327427,85.748325,98.539734,91.520791,90.705734,94.008163,957,590,367,9.686279,92.152755,85.447482,98.513794,91.332077,90.965484,93.371429,974,568,406,9.593201,91.134868,83.713552,98.355103,90.22837,91.814416,90.465306,1078,494,584,9.208679,92.176157,85.487732,98.519897,91.358921,91.088793,93.289796,970,559,411,9.571838,91.931097,85.067114,98.506165,91.10807,92.826232,91.053061,979,431,548,9.16748,93.436602,87.681702,98.745728,92.743579,91.436162,95.526531,822,548,274,9.764099,93.438748,87.685483,98.771667,92.761158,93.294271,93.583673,805,412,393,9.375,92.932862,86.79868,98.657227,92.191213,91.449344,94.465306,880,541,339,9.654236,93.941347,88.574901,98.852539,93.307723,92.731032,95.183673,752,457,295,9.593201
test_111_7.png,2653,4.048157,15,AEGIS-CD,AEGIS-CD,93.901968,88.504911,93.651105,316,1,0.0,0.045048,2.246453,True,94.944472,primary_best_F1;has_change_gt;low_false_alarm_tendency,93.901968,88.504911,99.517822,93.651105,96.204033,91.707501,316,96,220,3.858948,93.255814,87.363834,99.468994,92.979661,95.97128,90.689785,348,101,247,3.825378,92.174248,85.484448,99.380493,91.851903,94.319527,90.124387,406,144,262,3.868103,93.249608,87.352941,99.475098,92.977022,97.25747,89.55899,344,67,277,3.727722,92.037471,85.249458,99.377441,91.713953,95.426953,88.880513,408,113,295,3.770447,91.72641,84.717251,99.34845,91.38756,94.37799,89.219751,427,141,286,3.826904,93.04058,86.986804,99.458313,92.759243,96.936275,89.44591,355,75,280,3.735352,89.597781,81.155779,99.198914,89.182338,94.444444,85.224274,525,133,392,3.652954,93.856921,88.424908,99.517822,93.606243,96.908872,90.991331,316,77,239,3.800964,92.612885,86.242083,99.403381,92.302024,92.840909,92.385978,391,189,202,4.02832,92.467228,85.989811,99.412537,92.16204,96.135069,89.068979,385,95,290,3.75061,93.19929,87.264673,99.473572,92.926079,97.68595,89.106672,345,56,289,3.692627,89.29185,80.655172,99.143982,88.846097,90.448569,88.164342,561,247,314,3.945923,93.704415,88.154568,99.499512,93.443904,95.463434,92.009046,328,116,212,3.901672,82.96271,70.885706,98.480225,82.174448,75.947385,91.405956,996,768,228,4.872131
test_85_6.png,2002,3.05481,15,AEGIS-CD,AEGIS-CD,93.680104,88.111546,93.489443,243,1,0.0,0.177727,1.058785,True,94.938298,primary_best_F1;has_change_gt;low_false_alarm_tendency,93.680104,88.111546,99.629211,93.489443,97.721107,89.96004,243,42,201,2.812195,92.352321,85.791279,99.557495,92.12521,97.821229,87.462537,290,39,251,2.731323,92.474787,86.002886,99.555969,92.246318,95.871314,89.310689,291,77,214,2.845764,93.137768,87.156863,99.60022,92.932384,97.907489,88.811189,262,38,224,2.770996,92.722943,86.433152,99.580383,92.507694,98.593134,87.512488,275,25,250,2.711487,93.343774,87.518355,99.610901,93.143788,97.758338,89.310689,255,41,214,2.790833,93.502377,87.797619,99.624634,93.309771,99.215247,88.411588,246,14,232,2.722168,91.53605,84.393064,99.505615,91.281976,95.947426,87.512488,324,74,250,2.786255,92.815637,86.594381,99.584961,92.602674,98.486547,87.762238,272,27,245,2.722168,92.372881,85.826772,99.560547,92.147486,98.308906,87.112887,288,30,258,2.706909,92.090546,85.340573,99.546814,91.858326,98.630918,86.363636,297,24,273,2.674866,92.422228,85.912012,99.565125,92.199329,98.80614,86.813187,285,21,264,2.684021,91.111111,83.673469,99.499512,90.855536,99.585308,83.966034,328,7,321,2.575684,93.326462,87.487923,99.604797,93.123042,96.381054,90.45954,259,68,191,2.867126,93.489583,87.775061,99.61853,93.293461,97.660501,89.66034,250,43,207,2.804565
test_12_13.png,8492,12.957764,15,AEGIS-CD,AEGIS-CD,93.01608,86.943982,91.985675,1177,1,0.0,0.648221,1.268545,True,94.914633,primary_best_F1;has_change_gt;low_false_alarm_tendency,93.01608,86.943982,98.204041,91.985675,93.744767,92.298634,1177,523,654,12.757874,91.840078,84.911375,97.947693,90.667558,94.719059,89.130947,1345,422,923,12.193298,92.336758,85.764422,98.019409,91.199508,92.588207,92.08667,1298,626,672,12.887573,92.18141,85.496769,97.979736,91.021422,92.454395,91.910033,1324,637,687,12.88147,90.817686,83.179851,97.686768,89.495633,93.50212,88.28309,1516,521,995,12.234497,91.602777,84.506572,97.877502,90.388894,93.979933,89.342911,1391,486,905,12.31842,92.125653,85.400891,97.999573,90.980436,94.017408,90.308526,1311,488,823,12.446594,90.105573,81.992851,97.540283,88.70404,94.102564,86.434291,1612,460,1152,11.901855,91.929204,85.063872,97.912598,90.730492,92.113975,91.745172,1368,667,701,12.905884,91.295392,83.98484,97.743225,89.998945,91.257795,91.333019,1479,743,736,12.968445,92.36786,85.818102,98.034668,91.240027,92.962786,91.780499,1288,590,698,12.792969,91.855633,84.937973,97.906494,90.654598,92.614316,91.109279,1372,617,755,12.747192,91.536948,84.394589,97.834778,90.29577,92.73716,90.367405,1419,601,818,12.626648,92.357897,85.800904,98.034668,91.230306,93.075819,91.650966,1288,579,709,12.759399,92.112626,85.378504,97.97821,90.953283,93.138317,91.109279,1325,570,755,12.675476
test_100_14.png,11766,17.953491,15,AEGIS-CD,AEGIS-CD,94.256874,89.137591,93.036489,1320,1,0.0,0.130096,0.958719,True,94.869391,primary_best_F1;has_change_gt;low_false_alarm_tendency,94.256874,89.137591,97.98584,93.036489,96.559101,92.061873,1320,386,934,17.11731,92.653293,86.31219,97.434998,91.101083,95.366622,90.09009,1681,515,1166,16.960144,93.868958,88.44628,97.822571,92.54537,94.917021,92.843787,1427,585,842,17.56134,92.991867,86.901682,97.528076,91.491846,94.696035,91.347952,1620,602,1018,17.318726,93.321784,87.479701,97.647095,91.894404,95.143059,91.568927,1542,550,992,17.279053,93.243706,87.342584,97.592163,91.778844,93.951682,92.54632,1578,701,877,17.684937,93.545254,87.873258,97.769165,92.19929,97.335538,90.039096,1462,290,1172,16.607666,91.848088,84.925071,97.160339,90.130782,94.766338,89.104199,1861,579,1282,16.880798,94.012448,88.701406,97.915649,92.752161,97.067343,91.143974,1366,324,1042,16.85791,93.478449,87.755433,97.695923,92.079691,95.029856,91.976883,1510,566,944,17.376709,93.601494,87.972565,97.75238,92.239064,95.726344,91.568927,1473,481,992,17.173767,93.442908,87.69281,97.698975,92.04848,95.664174,91.322455,1508,487,1021,17.138672,93.621265,88.0075,97.755432,92.260056,95.573263,91.747408,1471,500,971,17.234802,94.126779,88.905181,97.921753,92.864622,95.535714,92.758797,1362,510,852,17.431641,92.417879,85.904496,97.383118,90.839661,96.305169,88.832228,1715,401,1314,16.560364
test_30_11.png,5509,8.406067,15,AEGIS-CD,AEGIS-CD,91.834862,84.90246,91.094352,890,1,0.0,1.092275,3.206034,True,94.849108,primary_best_F1;has_change_gt;low_false_alarm_tendency,91.834862,84.90246,98.641968,91.094352,92.839918,90.851334,890,386,504,8.226013,90.524968,82.690058,98.419189,89.662682,91.225806,89.834816,1036,476,560,8.277893,90.667878,82.928856,98.432922,89.812524,90.775109,90.5609,1027,507,520,8.38623,90.365449,82.424242,98.406982,89.497423,91.909142,88.872754,1044,431,613,8.128357,84.6994,73.459635,97.627258,83.42317,92.479587,78.126702,1555,350,1205,7.10144,88.082192,78.70257,97.875977,86.920395,83.357641,93.374478,1392,1027,365,9.416199,90.312442,82.336086,98.400879,89.441278,92.013562,88.67308,1048,424,624,8.100891,83.566188,71.771409,97.505188,82.233168,93.626126,75.458341,1635,283,1352,6.774902,90.742588,83.053942,98.442078,89.89206,90.652174,90.833182,1021,516,505,8.422852,87.319392,77.492829,97.964478,86.215511,91.658352,83.372663,1334,418,916,7.646179,90.163013,82.088025,98.397827,89.291891,93.165537,87.347976,1050,353,697,7.881165,86.412529,76.075758,97.590637,85.094552,82.149869,91.141768,1579,1091,488,9.326172,88.626292,79.575597,98.120117,87.602004,90.174714,87.130151,1232,523,709,8.122253,90.601154,82.817285,98.458862,89.762353,92.953981,88.364494,1010,369,641,7.991028,88.720117,79.727005,98.005676,87.629149,84.567292,93.30187,1307,938,369,9.274292
test_92_10.png,4312,6.57959,15,AEGIS-CD,AEGIS-CD,93.382865,87.587108,92.9174,570,1,0.0,0.21795,2.002099,True,94.739785,primary_best_F1;has_change_gt;low_false_alarm_tendency,93.382865,87.587108,99.130249,92.9174,93.491399,93.274583,570,280,290,6.564331,92.684047,86.365582,99.028015,92.163524,91.808874,93.576067,637,360,277,6.706238,91.067327,83.599645,98.872375,90.466687,95.102247,87.360853,739,194,545,6.044006,91.582572,84.472186,98.918152,91.004851,93.821455,89.448052,709,254,455,6.272888,88.14824,78.808094,98.545837,87.377975,95.038884,82.189239,953,185,768,5.690002,92.808808,86.582495,99.043274,92.296422,91.808486,93.831169,627,361,266,6.724548,93.04912,87.001733,99.084473,92.559084,92.962963,93.135436,600,304,296,6.591797,90.646651,82.893347,98.764038,89.984964,90.271389,91.025046,810,423,387,6.634521,93.164916,87.20442,99.116516,92.692817,94.878577,91.512059,579,213,366,6.34613,91.436007,84.223142,98.895264,90.84581,93.312409,89.633581,724,277,447,6.32019,91.996748,85.179609,98.948669,91.434131,92.157319,91.836735,689,337,352,6.556702,86.653968,76.450818,98.396301,85.809069,95.761998,79.128015,1051,151,900,5.436707,91.78744,84.821429,98.962402,91.234678,95.766129,88.12616,680,168,512,6.054688,92.617759,86.250536,99.021912,92.094045,91.992679,93.251391,641,350,291,6.669617,91.687127,84.650259,98.9151,91.106852,92.45461,90.932282,711,320,391,6.471252
test_118_9.png,12924,19.720459,15,AEGIS-CD,AEGIS-CD,94.372161,89.344023,92.981069,1462,1,0.0,0.025198,0.819371,True,94.686533,primary_best_F1;has_change_gt,94.372161,89.344023,97.769165,92.981069,93.902252,94.846797,1462,796,666,19.918823,93.615681,87.997632,97.525024,92.081232,95.273193,92.014856,1622,590,1032,19.046021,93.314333,87.466607,97.422791,91.719121,95.52638,91.202414,1689,552,1137,18.82782,93.602952,87.975141,97.460938,92.019174,93.016504,94.196843,1664,914,750,19.970703,92.797871,86.563458,97.192383,91.05449,93.900507,91.720829,1840,770,1070,19.262695,93.669595,88.092955,97.537231,92.1412,94.98091,92.393996,1614,631,983,19.18335,94.277355,89.174231,97.761536,92.886122,95.067265,93.500464,1467,627,840,19.395447,92.737342,86.45818,97.198486,91.002946,94.86889,90.699474,1836,634,1202,18.85376,94.287621,89.192602,97.779846,92.910168,95.704152,92.912411,1455,539,916,19.145203,93.206179,87.276753,97.369385,91.575786,94.972695,91.504178,1724,626,1098,19.000244,94.017361,88.710153,97.665405,92.567304,95.035573,93.020737,1530,628,902,19.302368,92.232157,85.584117,97.03064,90.398945,95.258905,89.391829,1946,575,1371,18.505859,93.754985,88.244126,97.610474,92.279302,96.733048,90.954813,1566,397,1169,18.54248,93.878659,88.463506,97.590637,92.378814,94.071945,93.686165,1579,763,816,19.639587,94.346963,89.298866,97.782898,92.968055,94.882229,93.817703,1453,654,799,19.499207
test_23_6.png,10728,16.369629,15,AEGIS-CD,AEGIS-CD,93.148096,87.174951,91.829138,1450,1,0.0,0.539021,2.607291,True,94.657657,primary_best_F1;has_change_gt;low_false_alarm_tendency,93.148096,87.174951,97.787476,91.829138,94.460418,91.871738,1450,578,872,15.921021,89.265482,80.612155,96.646118,87.283461,93.752565,85.188292,2198,609,1589,14.874268,90.028736,81.865691,96.82312,88.141016,92.582742,87.611857,2082,753,1329,15.490723,92.101384,85.359189,97.465515,90.592715,94.01029,90.268456,1661,617,1044,15.718079,90.840034,83.217352,97.166443,89.170773,96.469356,85.831469,1857,337,1520,14.564514,88.26756,78.999044,96.311951,86.084125,92.089537,84.750186,2417,781,1636,15.065002,91.892658,85.001311,97.381592,90.331673,93.169189,90.650634,1716,713,1003,15.927124,88.829967,79.904597,96.464539,86.732831,91.992012,85.878076,2317,802,1515,15.281677,91.173637,83.778998,97.20459,89.515196,94.355804,88.199105,1832,566,1266,15.301514,86.675303,76.484037,95.605469,84.044325,86.046298,87.313572,2880,1519,1361,16.610718,90.913375,83.340534,97.058105,89.158582,91.944709,89.904922,1928,845,1083,16.00647,91.6113,84.52108,97.322083,90.019272,94.015501,89.326995,1755,610,1145,15.553284,92.08966,85.339051,97.496033,90.604339,95.357892,89.038031,1641,465,1176,15.284729,92.609074,86.235474,97.668457,91.227342,96.249749,89.233781,1528,373,1155,15.176392,91.273096,83.947112,97.239685,89.636057,94.590541,88.180462,1809,541,1268,15.260315
test_54_6.png,7169,10.939026,15,AEGIS-CD,AEGIS-CD,93.102469,87.095061,92.271842,972,1,0.0,0.425999,1.989933,True,94.657516,primary_best_F1;has_change_gt;low_false_alarm_tendency,93.102469,87.095061,98.516846,92.271842,94.756608,91.505091,972,363,609,10.56366,90.968634,83.433453,98.106384,89.913172,95.100426,87.180918,1241,322,919,10.028076,90.92528,83.360544,98.13385,89.889999,97.130628,85.465197,1223,181,1042,9.625244,90.575954,82.775183,98.03009,89.478714,95.007657,86.539266,1291,326,965,9.963989,90.853477,83.239918,98.129272,89.817194,97.65838,84.935137,1226,146,1080,9.513855,91.509019,84.347121,98.233032,90.525832,96.46004,87.041428,1158,229,929,9.870911,92.117978,85.387701,98.332214,91.186627,95.356823,89.091924,1093,311,782,10.220337,88.134588,78.786273,97.557068,86.778901,94.02277,82.940438,1601,378,1223,9.649658,92.045203,85.262726,98.356628,91.132422,97.817896,86.915888,1077,139,938,9.719849,92.411848,85.894074,98.358154,91.491468,93.453145,91.3935,1076,459,617,10.697937,92.676471,86.352425,98.480225,91.831394,97.994091,87.906263,996,129,867,9.812927,90.366248,82.425573,98.045349,89.285995,98.041775,83.805273,1281,120,1161,9.350586,89.359129,80.765027,97.851562,88.173567,97.509484,82.466174,1408,151,1257,9.251404,92.081058,85.324278,98.318481,91.141399,94.960723,89.370902,1102,340,762,10.295105,91.550631,84.417854,98.231506,90.565289,95.891875,87.585437,1159,269,890,9.991455
test_30_16.png,13957,21.296692,15,AEGIS-CD,AEGIS-CD,93.559515,87.89843,91.800579,1811,1,0.0,0.429853,1.841897,True,94.604387,primary_best_F1;has_change_gt,93.559515,87.89843,97.236633,91.800579,92.882361,94.246615,1811,1008,803,21.609497,91.269332,83.940745,96.261597,88.891007,90.7905,91.753242,2450,1299,1151,21.522522,91.344657,84.06826,96.2677,88.966012,90.23981,92.476893,2446,1396,1050,21.824646,91.577921,84.464274,96.440125,89.321171,92.287544,90.879129,2333,1060,1273,20.97168,91.4292,84.211593,96.434021,89.179464,93.65139,89.310024,2337,845,1492,20.309448,91.19039,83.807293,96.307373,88.855299,92.688522,89.739915,2420,988,1432,20.619202,92.49276,86.033983,96.914673,90.55434,95.985205,89.24554,2022,521,1501,19.801331,90.482131,82.618601,96.04187,87.985377,92.727683,88.342767,2594,967,1627,20.289612,92.761471,86.500133,96.899414,90.788734,92.242295,93.286523,2032,1095,937,21.537781,90.737088,83.044728,96.130371,88.292616,92.54899,88.99477,2536,1000,1536,20.478821,92.398837,85.871596,96.769714,90.347911,92.60832,92.190299,2117,1027,1090,21.200562,91.448906,84.245033,96.369934,89.144844,91.755626,91.144229,2379,1143,1236,21.154785,92.238313,85.59472,96.769714,90.200169,94.451119,90.126818,2117,739,1378,20.321655,91.545983,84.409951,96.490479,89.333483,93.991999,89.224045,2300,796,1504,20.21637,93.129662,87.142665,97.076416,91.272787,93.216567,93.042918,1916,945,971,21.257019
test_126_2.png,4315,6.584167,15,AEGIS-CD,AEGIS-CD,92.751929,86.48354,92.245924,620,1,0.0,0.422077,1.335378,True,94.516874,primary_best_F1;has_change_gt;low_false_alarm_tendency,92.751929,86.48354,99.053955,92.245924,93.583392,91.93511,620,272,348,6.468201,91.657867,84.60039,98.9151,91.077789,92.823194,90.521437,711,302,409,6.420898,90.922019,83.355063,98.831177,90.297742,93.039049,88.899189,766,287,479,6.291199,91.117682,83.684554,98.854065,90.505486,93.043478,89.269988,751,288,463,6.317139,92.036242,85.24735,98.980713,91.492238,94.770439,89.455388,668,213,455,6.214905,90.639589,82.881537,98.776245,89.984953,91.300259,89.988413,802,370,432,6.489563,92.329852,85.752508,99.024963,91.80996,95.766932,89.130939,639,170,469,6.12793,90.376066,82.441911,98.777771,89.724463,93.837325,87.161066,801,247,554,6.115723,91.521432,84.368215,98.901367,90.934226,93.033277,90.057937,720,291,429,6.373596,91.145896,83.732162,98.869324,90.542626,94.079921,88.38934,741,240,501,6.185913,91.717608,84.702236,98.945618,91.15529,94.985104,88.667439,691,202,489,6.14624,90.102389,81.987578,98.760986,89.443418,95.037285,85.654693,812,193,619,5.934143,92.143366,85.431338,98.989868,91.603939,94.429579,89.965238,662,229,433,6.272888,92.117937,85.387631,98.976135,91.570556,93.40162,90.869061,671,277,394,6.40564,92.003763,85.191638,98.962402,91.449099,93.387443,90.660487,680,277,403,6.391907
test_8_15.png,17734,27.059937,15,AEGIS-CD,AEGIS-CD,94.283216,89.184719,92.163256,2027,1,0.0,0.078979,0.60366,True,94.441175,primary_best_F1;has_change_gt;low_false_alarm_tendency,94.283216,89.184719,96.907043,92.163256,94.312475,94.253975,2027,1008,1019,27.043152,94.078338,88.818789,96.781921,91.869018,93.691628,94.468253,2109,1128,981,27.284241,94.047021,88.762979,96.746826,91.809176,93.147124,94.964475,2132,1239,893,27.587891,93.490593,87.77684,96.463013,91.062454,93.119266,93.864892,2318,1230,1088,27.276611,93.180287,87.231359,96.292114,90.634259,92.75338,93.611142,2430,1297,1133,27.310181,93.13323,87.148914,96.299744,90.600843,93.538479,92.731476,2425,1136,1289,26.826477,94.136892,88.923227,96.882629,92.014712,95.850622,92.483365,2043,710,1333,26.109314,92.424898,85.916626,95.994568,89.704453,94.650984,90.301116,2625,905,1720,25.816345,93.854749,88.421053,96.676636,91.577222,93.92365,93.785948,2178,1076,1102,27.020264,93.36198,87.550369,96.369934,90.864265,92.405413,94.338559,2379,1375,1004,27.626038,94.170454,88.983141,96.84906,92.011524,94.290237,94.050976,2065,1010,1055,26.991272,94.07917,88.820273,96.795654,91.882609,94.07917,94.07917,2100,1050,1050,27.059937,93.625938,88.015759,96.565247,91.275256,94.033331,93.222059,2251,1049,1202,26.826477,94.204237,89.043487,96.839905,92.032153,93.510751,94.908086,2071,1168,903,27.464294,93.726,88.192784,96.609497,91.403099,93.863816,93.588587,2222,1085,1137,26.980591
test_20_10.png,19967,30.467224,15,AEGIS-CD,AEGIS-CD,93.833967,88.384169,91.099749,2483,1,0.0,0.22426,1.482724,True,94.282487,primary_best_F1;has_change_gt,93.833967,88.384169,96.211243,91.099749,93.059797,94.621125,2483,1409,1074,30.978394,93.113535,87.11443,95.761108,90.052219,92.185736,94.060199,2778,1592,1186,31.086731,93.295967,87.43434,95.802307,90.243757,90.858174,95.868183,2751,1926,825,32.147217,92.698491,86.390669,95.495605,89.442432,91.575038,93.849852,2952,1724,1228,31.22406,90.98443,83.460032,94.522095,87.050316,91.245656,90.724696,3590,1738,1852,30.293274,91.630642,84.554015,94.918823,87.982757,91.968115,91.295638,3330,1592,1738,30.244446,93.609706,87.987074,96.086121,90.789054,93.134047,94.090249,2565,1385,1180,30.780029,90.854815,83.242166,94.483948,86.906445,91.795317,89.93339,3615,1605,2010,29.849243,91.766062,84.784924,94.985962,88.161571,91.825886,91.706315,3286,1630,1656,30.427551,92.559075,86.148807,95.483398,89.316801,92.918791,92.202134,2960,1403,1557,30.232239,93.480185,87.758493,95.953369,90.547842,91.805495,95.217108,2652,1697,955,31.599426,90.51418,82.672057,94.37561,86.521311,93.091949,88.075324,3686,1305,2381,28.825378,92.709144,86.409176,95.570374,89.527988,92.982368,92.437522,2903,1393,1510,30.288696,92.773674,86.521358,95.536804,89.54586,91.545588,94.035158,2925,1734,1191,31.295776,92.927484,86.789298,95.6604,89.79761,92.289454,93.574398,2844,1561,1283,30.891418
test_55_10.png,13987,21.342468,15,AEGIS-CD,AEGIS-CD,93.520949,87.830375,91.71615,1851,1,0.0,0.26121,1.336172,True,94.226247,primary_best_F1;has_change_gt,93.520949,87.830375,97.175598,91.71615,91.612947,95.510117,1851,1223,628,22.250366,92.177198,85.489522,96.650696,90.046424,91.898806,92.457282,2195,1140,1055,21.472168,92.300157,85.701293,96.641541,90.153823,90.368544,94.316151,2201,1406,795,22.27478,92.455379,85.96932,96.762085,90.394181,91.958413,92.957746,2122,1137,985,21.574402,90.529156,82.697048,96.037292,88.024922,92.392437,88.739544,2597,1022,1575,20.498657,92.848074,86.650869,96.905518,90.874156,91.613891,94.115965,2028,1205,823,21.925354,93.203745,87.272485,97.087097,91.350081,92.823713,93.586902,1909,1012,897,21.517944,92.061237,85.290246,96.589661,89.889738,91.479599,92.650318,2235,1207,1028,21.615601,91.681121,84.64002,96.340942,89.338423,89.049127,94.47344,2398,1625,773,22.642517,92.75197,86.483611,96.897888,90.778642,92.504622,93.000643,2033,1054,979,21.456909,93.062702,87.025484,97.016907,91.162763,92.384106,93.751341,1955,1081,874,21.658325,91.857102,84.940484,96.563721,89.679854,92.925598,90.812898,2252,967,1285,20.857239,93.259739,87.370724,97.093201,91.407035,92.315775,94.223207,1905,1097,808,21.783447,90.478947,82.613291,95.983887,87.934641,91.572088,89.411596,2632,1151,1481,20.838928,91.92035,85.048711,96.557617,89.733253,92.091855,91.749482,2256,1102,1154,21.263123
test_13_6.png,9933,15.156555,15,AEGIS-CD,AEGIS-CD,93.312054,87.462603,92.104296,1341,1,0.0,0.204042,1.807344,True,94.212311,primary_best_F1;has_change_gt,93.312054,87.462603,97.953796,92.104296,92.458984,94.181013,1341,763,578,15.438843,92.311601,85.721027,97.691345,90.953491,93.197209,91.442666,1513,663,850,14.871216,91.905267,85.022891,97.554016,90.464631,92.198582,91.613813,1603,770,833,15.060425,90.874719,83.275588,97.27478,89.27335,92.260608,89.52985,1786,746,1040,14.707947,90.258014,82.245654,97.148132,88.590044,93.579767,87.163999,1869,594,1275,14.117432,89.960846,81.753487,97.065735,88.24538,93.428757,86.741166,1923,606,1317,14.071655,93.108012,87.104762,97.93396,91.893035,94.162463,92.076915,1354,567,787,14.820862,91.267372,83.937428,97.43042,89.762558,94.107582,88.593577,1684,551,1133,14.268494,91.397351,84.15757,97.453308,89.903789,93.641741,89.258029,1669,602,1067,14.447021,91.689172,84.653745,97.511292,90.225956,92.829137,90.576865,1631,695,936,14.788818,91.562707,84.438392,97.471619,90.075948,92.633423,90.51646,1657,715,942,14.810181,91.57547,84.460103,97.509766,90.115528,93.971819,89.298299,1632,569,1063,14.402771,90.865038,83.259329,97.296143,89.27936,93.111463,88.724454,1772,652,1120,14.442444,92.192284,85.515479,97.665405,90.820098,93.480286,90.939293,1530,630,900,14.744568,92.098093,85.353535,97.654724,90.721848,94.105905,90.174167,1537,561,976,14.523315
test_38_16.png,15280,23.31543,15,AEGIS-CD,AEGIS-CD,93.832758,88.382025,91.96768,1877,1,0.0,0.106224,0.785991,True,94.129434,primary_best_F1;has_change_gt;low_false_alarm_tendency,93.832758,88.382025,97.135925,91.96768,94.219729,93.448953,1877,876,1001,23.124695,92.334706,85.760882,96.336365,89.929541,90.139001,94.640052,2401,1582,819,24.479675,93.682843,88.116391,96.958923,91.682881,90.835331,96.71466,1993,1491,502,24.824524,93.103225,87.096384,96.743774,90.972421,91.96782,94.267016,2134,1258,876,23.898315,92.064418,85.295707,96.263123,89.620878,91.175149,92.971204,2449,1375,1074,23.774719,92.948184,86.825416,96.640015,90.744105,91.007149,94.973822,2202,1434,768,24.331665,93.477473,87.753713,96.980286,91.512967,94.157094,92.807592,1979,880,1099,22.981262,91.575699,84.460493,96.125793,89.060807,92.873006,90.314136,2539,1059,1480,22.673035,93.428423,87.667298,96.920776,91.417802,92.980296,93.88089,2018,1083,935,23.54126,93.049517,87.002427,96.731567,90.913139,92.276998,93.835079,2142,1200,942,23.709106,93.339796,87.511362,96.855164,91.281828,92.192786,94.515707,2061,1223,838,23.902893,93.274087,87.395914,96.789551,91.167135,91.169854,95.477749,2104,1413,691,24.417114,93.557692,87.895212,96.932983,91.546227,91.677136,95.517016,2010,1325,685,24.291992,93.092138,87.07698,96.818542,91.025929,94.26961,91.943717,2085,854,1231,22.740173,93.726535,88.193732,97.016907,91.770715,91.947365,95.575916,1955,1279,676,24.235535
test_55_9.png,20834,31.790161,15,AEGIS-CD,AEGIS-CD,94.008823,88.694952,91.168323,2526,1,0.0,0.059333,0.449919,True,94.127488,primary_best_F1;has_change_gt,94.008823,88.694952,96.14563,91.168323,92.920105,95.123356,2526,1510,1016,32.543945,93.123312,87.131547,95.610046,89.899318,92.748655,93.501008,2877,1523,1354,32.048035,92.833107,86.6248,95.417786,89.465573,92.319742,93.352213,3003,1618,1385,32.145691,93.693393,88.135061,95.962524,90.724435,93.054635,94.340981,2646,1467,1179,32.229614,93.235372,87.327961,95.729065,90.115023,93.895731,92.584237,2799,1254,1545,31.34613,93.862436,88.4347,96.080017,90.982962,93.440518,94.288183,2569,1379,1190,32.078552,93.949491,88.589382,96.176147,91.154449,94.520016,93.385812,2506,1128,1378,31.408691,92.913235,86.764444,95.469666,89.584045,92.412516,93.419411,2969,1598,1371,32.136536,93.857984,88.426795,96.051025,90.948555,92.826965,94.912163,2588,1528,1060,32.504272,93.426973,87.664746,95.787048,90.327353,92.683388,94.182586,2761,1549,1212,32.304382,93.764919,88.261729,96.014404,90.836135,93.266217,94.268983,2612,1418,1194,32.131958,93.763029,88.258379,96.028137,90.849353,93.612746,93.913795,2603,1335,1268,31.892395,93.917753,88.53296,96.127319,91.077056,93.782904,94.05299,2538,1299,1239,31.881714,93.78673,88.300388,95.999146,90.837111,92.619114,94.984161,2622,1577,1045,32.601929,93.696926,88.141314,95.979309,90.745154,93.390873,94.004992,2635,1386,1249,31.999207
test_30_5.png,4098,6.253052,15,AEGIS-CD,AEGIS-CD,91.033624,83.542857,90.448724,720,1,0.0,1.071455,3.260015,True,94.113881,primary_best_F1;has_change_gt;low_false_alarm_tendency,91.033624,83.542857,98.901367,90.448724,92.955239,89.189849,720,277,443,5.999756,88.677087,79.657534,98.640442,87.955219,92.521877,85.139092,891,282,609,5.754089,87.540432,77.841694,98.530579,86.762711,93.169926,82.552465,963,248,715,5.540466,88.410682,79.228625,98.635864,87.688968,94.303097,83.211323,894,206,688,5.517578,86.997761,76.987643,98.493958,86.203835,94.531921,80.575891,987,191,796,5.329895,86.093603,75.582764,98.417664,85.263439,95.564156,78.330893,1037,149,888,5.125427,89.962169,81.755673,98.7854,89.316535,93.084551,87.04246,796,265,531,5.847168,84.395723,73.00398,98.240662,83.475277,94.743239,76.085896,1153,173,980,5.021667,87.141923,77.213723,98.500061,86.349893,93.910347,81.283553,983,216,767,5.412292,87.378882,77.586587,98.449707,86.553303,88.992915,85.822352,1016,435,581,6.030273,89.536966,81.056044,98.751831,88.874945,94.086022,85.407516,818,220,598,5.67627,86.892641,76.823154,98.448181,86.07069,92.078667,82.259639,1017,290,727,5.586243,87.552083,77.86012,98.54126,86.781031,93.85818,82.04002,956,220,736,5.465698,88.670714,79.64725,98.661804,87.96223,94.20807,83.74817,877,211,666,5.558777,89.579854,81.126367,98.762512,88.924018,94.599729,85.065886,811,199,612,5.622864
test_45_16.png,20747,31.65741,15,AEGIS-CD,AEGIS-CD,93.303636,87.447811,90.173426,2796,1,0.0,0.362318,1.601243,True,94.028271,primary_best_F1;has_change_gt,93.303636,87.447811,95.733643,90.173426,92.726234,93.888273,2796,1528,1268,32.054138,91.392374,84.149132,94.60907,87.46868,92.403192,90.403432,3533,1542,1991,30.97229,91.934326,85.072644,94.857788,88.16037,91.304968,92.57242,3370,1829,1541,32.096863,90.96413,83.425877,94.261169,86.759559,90.683081,91.246927,3761,1945,1816,31.854248,90.654921,82.90718,94.042969,86.283238,90.047078,91.271027,3904,2093,1811,32.087708,91.598449,84.499205,94.644165,87.66788,90.979982,92.225382,3510,1897,1613,32.090759,92.694506,86.383747,95.397949,89.33561,93.168428,92.225382,3016,1403,1613,31.336975,90.247845,82.228768,93.92395,85.836852,91.735126,88.80802,3982,1660,2322,30.647278,92.146471,85.436677,95.002747,88.482104,91.691324,92.60616,3275,1741,1534,31.973267,91.345136,84.069072,94.509888,87.325045,91.17407,91.516846,3598,1838,1760,31.776428,91.852566,84.932727,94.839478,88.076411,91.817175,91.887984,3382,1699,1683,31.681824,92.135814,85.418355,95.059204,88.534271,92.857493,91.425266,3238,1459,1779,31.169128,91.485565,84.307276,94.685364,87.623803,92.81746,90.191353,3483,1448,2035,30.761719,92.440077,85.942862,95.187378,88.910369,91.942021,92.943558,3154,1690,1464,32.002258,92.941318,86.813433,95.51239,89.651947,92.56143,93.324336,2941,1556,1385,31.918335
test_110_9.png,5833,8.900452,15,AEGIS-CD,AEGIS-CD,92.35039,85.787947,91.612687,882,1,0.0,0.430836,10.041589,True,94.017039,primary_best_F1;has_change_gt;low_false_alarm_tendency,92.35039,85.787947,98.654175,91.612687,93.452694,91.273787,882,373,509,8.692932,83.262301,71.324262,97.363281,81.857432,95.702516,73.684211,1728,193,1535,6.852722,79.422978,65.869082,96.95282,77.849871,99.535124,66.072347,1997,18,1979,5.908203,81.141713,68.26761,97.12677,79.634231,97.567437,69.449683,1883,101,1782,6.335449,78.692244,64.86992,96.847534,77.065725,98.757442,65.403737,2066,48,2018,5.89447,81.148344,68.276999,97.064209,79.591764,94.694718,70.992628,1924,232,1692,6.672668,91.919555,85.04735,98.626709,91.170985,96.493874,87.759301,900,186,714,8.094788,73.736609,58.39904,96.296692,71.891325,99.970657,58.409052,2427,1,2426,5.200195,86.04807,75.512605,97.776794,84.858213,97.462039,77.027259,1457,117,1340,7.034302,79.983743,66.644091,96.994019,78.41891,98.179097,67.478142,1970,73,1897,6.117249,85.329869,74.413335,97.587585,84.025339,93.001618,78.827362,1581,346,1235,7.543945,80.268784,67.040816,97.042847,78.731161,98.82176,67.581005,1938,47,1891,6.086731,83.606716,71.831221,97.422791,82.234703,96.353468,73.838505,1689,163,1526,6.820679,88.753515,79.78096,98.168945,87.7663,97.891255,81.176067,1200,102,1098,7.380676,79.008774,65.301243,96.678162,77.235641,90.282063,70.238299,2177,441,1736,6.924438
test_75_11.png,12260,18.707275,15,AEGIS-CD,AEGIS-CD,93.5828,87.939543,92.117074,1564,1,0.0,0.04671,2.167227,True,93.990856,primary_best_F1;has_change_gt;low_false_alarm_tendency,93.5828,87.939543,97.613525,92.117074,94.154557,93.017945,1564,708,856,18.481445,90.610427,82.832783,96.589661,88.52919,93.424586,87.960848,2235,759,1476,17.61322,90.263528,82.254811,96.510315,88.142715,94.407338,86.468189,2287,628,1659,17.134094,92.939729,86.810662,97.372437,91.325643,93.437758,92.446982,1722,796,926,18.508911,89.433782,80.887078,96.278381,87.185834,95.370969,84.192496,2439,501,1938,16.514587,91.058141,83.584163,96.754456,89.077871,93.953327,88.336052,2127,697,1430,17.588806,92.978874,86.878991,97.428894,91.406089,95.042167,91.003263,1685,582,1103,17.912292,88.887944,79.998468,96.014404,86.465171,92.895252,85.212072,2612,799,1813,17.160034,92.598438,86.217031,97.280884,90.933649,94.338186,90.921697,1782,669,1113,18.029785,89.702479,81.327738,96.266174,87.424974,92.65409,86.933116,2447,845,1602,17.552185,91.732105,84.726969,96.931458,89.848399,92.481141,90.995106,2011,907,1104,18.406677,91.821747,84.880043,97.009277,89.992981,93.994533,89.747145,1960,703,1257,17.861938,91.846553,84.922447,97.077942,90.070759,96.071969,87.977162,1915,441,1474,17.131042,92.408183,85.887743,97.180176,90.676825,93.088893,91.737357,1848,835,1013,18.435669,93.53609,87.857087,97.645569,92.098038,96.150202,91.060359,1543,447,1096,17.71698
test_57_3.png,8723,13.310242,15,AEGIS-CD,AEGIS-CD,92.701101,86.395202,91.560761,1293,1,0.0,0.346257,1.002153,True,93.978102,primary_best_F1;has_change_gt,92.701101,86.395202,98.027039,91.560761,91.314502,94.13046,1293,781,512,13.720703,91.312511,84.013819,97.669983,89.967163,90.637,91.998166,1527,829,698,13.510132,92.160911,85.461507,97.85614,90.920204,89.771739,94.680729,1405,941,464,14.038086,91.778203,84.805654,97.769165,90.488242,90.076167,93.545798,1462,899,563,13.822937,91.646559,84.581124,97.781372,90.36738,91.857653,91.436432,1454,707,747,13.249207,92.294442,85.691438,97.952271,91.11369,92.453698,92.135733,1342,656,686,13.264465,92.343813,85.776596,97.9599,91.166971,92.254005,92.433796,1337,677,660,13.336182,90.772839,83.10464,97.538757,89.352839,90.591459,90.954947,1613,824,789,13.363647,92.244031,85.604567,97.883606,91.019494,90.043668,94.554626,1387,912,475,13.977051,91.540717,84.400998,97.711182,90.217664,90.08769,93.041385,1500,893,607,13.746643,92.354844,85.795634,97.944641,91.167701,91.456835,93.270664,1347,760,587,13.574219,91.704289,84.679521,97.756958,90.407802,90.30788,93.14456,1470,872,598,13.728333,91.315593,84.019038,97.694397,89.986353,91.562932,91.069586,1511,732,779,13.238525,92.054024,85.277865,97.845459,90.808276,90.405659,93.763613,1412,868,544,13.804626,90.262499,82.253102,97.271729,88.680716,85.973649,95.00172,1788,1352,436,14.707947
test_105_8.png,13007,19.847107,15,AEGIS-CD,AEGIS-CD,92.704722,86.401493,90.90281,1894,1,0.0,0.48663,1.430429,True,93.935626,primary_best_F1;has_change_gt;low_false_alarm_tendency,92.704722,86.401493,97.109985,90.90281,92.890776,92.519413,1894,921,973,19.767761,90.79845,83.147583,96.377563,88.543532,91.557883,90.051511,2374,1080,1294,19.520569,92.218093,85.5599,96.90094,90.283335,91.918729,92.519413,2031,1058,973,19.976807,91.513264,84.354335,96.714783,89.478058,93.900663,89.244253,2153,754,1399,18.862915,90.99418,83.476441,96.505737,88.82795,93.140649,88.944415,2290,852,1438,18.952942,91.522009,84.369196,96.661377,89.44359,92.258417,90.797263,2188,991,1197,19.532776,91.947722,85.095588,96.907043,90.036277,95.12576,88.975167,2027,593,1434,18.563843,89.478006,80.959457,95.89386,86.928156,91.040738,87.968017,2691,1126,1565,19.177246,91.647856,84.583333,96.781921,89.657121,94.50343,88.959791,2109,673,1436,18.682861,91.272584,83.946247,96.609497,89.169893,93.302819,89.328823,2222,834,1388,19.00177,91.281447,83.961241,96.615601,89.18303,93.388563,89.267318,2218,822,1396,18.971252,91.284816,83.966942,96.595764,89.170273,92.789072,89.828554,2231,908,1323,19.213867,90.849752,83.233666,96.534729,88.71851,95.44531,86.676405,2271,538,1733,18.023682,91.204213,83.830648,96.585083,89.086776,93.294203,89.205812,2238,834,1404,18.977356,91.827719,84.89025,96.838379,89.869435,94.282012,89.497963,2072,706,1366,18.840027
test_28_14.png,18035,27.519226,15,AEGIS-CD,AEGIS-CD,93.610387,87.988276,91.081455,2377,1,0.0,0.158788,2.064333,True,93.927963,primary_best_F1;has_change_gt,93.610387,87.988276,96.372986,91.081455,90.848377,96.545606,2377,1754,623,29.244995,91.910462,85.031783,95.472717,88.768482,90.414119,93.457167,2967,1787,1180,28.445435,91.73493,84.731788,95.196533,88.362782,87.119134,96.867203,3148,2583,565,30.59845,91.326476,84.037466,95.059204,87.877758,88.340157,94.521763,3238,2250,988,29.444885,91.660312,84.604555,95.327759,88.41655,90.075478,93.301913,3062,1854,1208,28.504944,90.214347,82.173167,94.454956,86.350202,87.696979,92.88051,3634,2350,1284,29.145813,93.451599,87.708119,96.350098,90.922111,92.294382,94.638203,2392,1425,967,28.218079,88.538037,79.433409,93.475342,83.984743,85.698718,91.571943,4276,2756,1520,29.405212,90.983929,83.459189,94.752502,87.298653,86.294012,96.212919,3439,2756,683,30.682373,90.306638,82.326438,94.433594,86.411897,86.703403,94.222345,3648,2606,1042,29.905701,91.91266,85.035546,95.439148,88.739249,89.753752,94.177987,2989,1939,1050,28.875732,92.549537,86.132283,95.863342,89.68666,91.750218,93.362905,2711,1514,1197,28.00293,92.834824,86.62779,95.941162,90.006653,90.271884,95.547546,2660,1857,803,29.127502,92.68994,86.375815,95.887756,89.831017,90.728547,94.738009,2695,1746,949,28.735352,91.531069,84.384596,95.266724,88.247641,90.157586,92.947047,3102,1830,1272,28.370667
test_38_3.png,9625,14.686584,15,AEGIS-CD,AEGIS-CD,93.359914,87.546736,92.195336,1299,1,0.0,0.002364,0.797844,True,93.880312,primary_best_F1;has_change_gt,93.359914,87.546736,98.017883,92.195336,91.889716,94.877922,1299,806,493,15.164185,92.074846,85.313611,97.666931,90.706976,91.870087,92.280519,1529,786,743,14.752197,91.927016,85.060125,97.63031,90.538363,91.98918,91.864935,1553,770,783,14.666748,92.424476,85.915896,97.746277,91.100952,91.268233,93.61039,1477,862,615,15.063477,92.469694,85.994077,97.763062,91.156314,91.445697,93.516883,1466,842,624,15.019226,92.970078,86.863632,97.917175,91.747668,92.177288,93.776623,1365,766,599,14.941406,93.066111,87.031448,97.967529,91.875365,93.260303,92.872727,1332,646,686,14.625549,91.862888,84.950381,97.616577,90.466712,92.122035,91.605195,1562,754,808,14.604187,92.431845,85.928633,97.767639,91.122594,92.046157,92.820779,1463,772,691,14.810181,92.344673,85.77808,97.764587,91.035931,92.893188,91.802597,1465,676,789,14.51416,92.944013,86.818137,97.946167,91.742302,93.799598,92.103896,1346,586,760,14.421082,92.806962,86.579282,97.906494,91.582063,93.671288,91.958442,1372,598,774,14.41803,92.238193,85.594512,97.692871,90.883479,91.161847,93.34026,1512,871,641,15.037537,92.950634,86.829691,97.912598,91.725645,92.209386,93.703896,1368,762,606,14.924622,93.357551,87.542579,98.046875,92.212671,93.260757,93.454545,1280,650,630,14.717102
test_85_5.png,9756,14.886475,15,AEGIS-CD,AEGIS-CD,93.235202,87.327662,92.077633,1296,1,0.0,0.040554,0.467502,True,93.821987,primary_best_F1;has_change_gt;low_false_alarm_tendency,93.235202,87.327662,98.022461,92.077633,94.990428,91.543665,1296,471,825,14.346313,92.449336,85.95887,97.822571,91.178757,95.548507,89.544895,1427,407,1020,13.951111,93.009151,86.931875,97.994995,91.840803,96.692478,89.596146,1314,299,1015,13.793945,93.020338,86.951422,97.962952,91.828354,94.931171,91.184912,1335,475,860,14.299011,92.806022,86.577646,97.929382,91.598344,96.11288,89.719147,1357,354,1003,13.896179,92.886319,86.717512,97.953796,91.693071,96.261682,89.739647,1341,340,1001,13.877869,92.67538,86.350532,97.904968,91.455443,96.629213,89.03239,1373,303,1070,13.716125,92.612403,86.241247,97.871399,91.370577,95.803659,89.626896,1395,383,1012,13.926697,92.801351,86.569516,97.918701,91.586101,95.64839,90.118901,1364,400,964,14.025879,92.478041,86.008516,97.843933,91.221858,96.20113,89.03239,1413,343,1070,13.777161,92.941114,86.813078,97.975159,91.761158,96.605109,89.544895,1327,307,1020,13.798523,92.519035,86.079461,97.85614,91.270034,96.265928,89.052891,1405,337,1068,13.771057,92.187162,85.506665,97.793579,90.906959,97.474863,87.443624,1446,221,1225,13.354492,93.194648,87.256533,98.013306,92.032062,95.083191,91.379664,1302,461,841,14.306641,93.167506,87.20896,98.013306,92.005951,95.451613,90.99016,1302,423,879,14.190674
test_19_14.png,14172,21.624756,15,AEGIS-CD,AEGIS-CD,92.918477,86.773586,90.927958,2037,1,0.0,0.355791,2.109639,True,93.798822,primary_best_F1;has_change_gt,92.918477,86.773586,96.891785,90.927958,91.578154,94.298617,2037,1229,808,22.267151,92.30606,85.711472,96.679688,90.189136,92.508859,92.104149,2176,1057,1119,21.530151,91.336547,84.054523,96.21582,88.91606,90.445551,92.245272,2480,1381,1099,22.055054,92.463031,85.982553,96.788025,90.422748,93.857672,91.109229,2105,845,1260,20.991516,89.849063,81.569042,95.741272,87.1577,92.711852,87.157776,2791,971,1820,20.329285,90.4847,82.622885,96.018982,87.97127,93.643844,87.531753,2609,842,1767,20.213318,92.441299,85.944976,96.772766,90.390153,93.656311,91.257409,2115,876,1239,21.070862,90.364574,82.422787,95.979309,87.828468,93.783681,87.186001,2635,819,1816,20.103455,92.285584,85.676168,96.641541,90.139243,91.684658,92.89444,2201,1194,1007,21.910095,91.491841,84.317938,96.435547,89.240346,94.549834,88.625459,2336,724,1612,20.269775,82.941904,70.855333,93.261719,78.790529,91.63537,75.75501,4416,980,3436,17.877197,89.995688,81.811054,95.751953,87.30034,91.695958,88.357324,2784,1134,1650,20.837402,90.333907,82.371774,95.883179,87.719348,91.754003,88.957099,2698,1133,1565,20.965576,92.562686,86.155063,96.795654,90.520638,92.918089,92.209992,2100,996,1104,21.459961,92.466849,85.989156,96.766663,90.408582,93.17905,91.765453,2119,952,1167,21.296692
test_42_12.png,16363,24.967957,15,AEGIS-CD,AEGIS-CD,93.498471,87.79073,91.281052,2168,1,0.0,0.095172,0.662974,True,93.690417,primary_best_F1;has_change_gt,93.498471,87.79073,96.691895,91.281052,91.791792,95.269816,2168,1394,774,25.914001,92.274061,85.656307,96.063232,89.634148,90.464447,94.157551,2580,1624,956,25.987244,92.84408,86.643911,96.298218,90.351475,89.731456,96.180407,2426,1801,625,26.76239,92.977847,86.877197,96.411133,90.569169,90.893701,95.159812,2352,1560,792,26.139832,92.035765,85.246531,95.895386,89.274604,89.260897,94.988694,2690,1870,820,26.570129,92.09907,85.355215,95.901489,89.337377,88.782397,95.673165,2686,1978,708,26.905823,93.199207,87.264528,96.595764,90.92888,92.975307,93.424189,2231,1155,1076,25.088501,91.99856,85.182717,95.928955,89.269792,90.32448,93.735868,2668,1643,1025,25.91095,93.230197,87.318881,96.554565,90.920565,91.507269,95.019251,2258,1443,815,25.926208,92.964989,86.854749,96.409607,90.55625,91.003278,95.013139,2353,1537,816,26.068115,92.923169,86.78177,96.401978,90.51197,91.29563,94.60979,2358,1476,882,25.874329,93.403298,87.623066,96.643066,91.153071,91.687761,95.184257,2200,1412,788,25.920105,93.179377,87.229764,96.511841,90.837856,91.033638,95.428711,2286,1538,748,26.173401,93.267072,87.383597,96.568298,90.965666,91.414319,95.19648,2249,1463,786,26.000977,93.300263,87.441887,96.578979,91.00482,91.287059,95.404266,2242,1490,752,26.094055
test_24_9.png,7097,10.829163,15,AEGIS-CD,AEGIS-CD,92.320687,85.736698,91.387132,1091,1,0.0,0.307542,3.524933,True,93.644313,primary_best_F1;has_change_gt,92.320687,85.736698,98.335266,91.387132,92.236287,92.405242,1091,552,539,10.848999,90.862106,83.254407,98.057556,89.775815,92.610477,89.178526,1273,505,768,10.427856,89.781732,81.458123,97.756958,88.522193,88.599259,90.996196,1470,831,639,11.122131,88.690141,79.678603,97.549438,87.315988,88.652682,88.727631,1606,806,800,10.838318,89.039105,80.243679,97.698975,87.755108,91.95316,86.304072,1508,536,972,10.163879,89.036878,80.240062,97.663879,87.72992,90.521258,87.600395,1531,651,880,10.479736,92.013145,85.207727,98.294067,91.058403,93.319809,90.742567,1118,461,657,10.53009,87.521018,77.810997,97.395325,86.069228,90.945002,84.345498,1707,596,1111,10.043335,90.558711,82.746386,97.996521,89.438604,92.46696,88.727631,1313,513,800,10.391235,85.533778,74.724034,96.925354,83.814355,87.192623,83.936875,2015,875,1140,10.424805,89.114718,80.366589,97.564697,87.745275,86.358229,92.05298,1596,1032,564,11.543274,80.610022,67.518248,95.518494,78.087821,75.838509,86.022263,2937,1945,992,12.283325,89.731321,81.375167,97.871399,88.546617,93.942663,85.881358,1395,393,1002,9.899902,89.962056,81.755486,97.779846,88.714559,88.131928,91.869804,1455,878,577,11.288452,90.68583,82.958897,97.962952,89.542374,89.814815,91.573904,1335,737,598,11.04126
test_80_14.png,11466,17.495728,15,AEGIS-CD,AEGIS-CD,93.147452,87.173824,91.698158,1568,1,0.0,0.048886,1.3837,True,93.620437,primary_best_F1;has_change_gt;low_false_alarm_tendency,93.147452,87.173824,97.607422,91.698158,93.351437,92.944357,1568,759,809,17.419434,92.011438,85.204799,97.271729,90.36759,94.329425,89.80464,1788,619,1169,16.656494,92.707874,86.406969,97.476196,91.182127,93.741084,91.697192,1654,702,952,17.114258,92.057425,85.283703,97.273254,90.412263,93.863863,90.319205,1787,677,1110,16.835022,92.044337,85.26124,97.283936,90.408001,94.398607,89.80464,1780,611,1169,16.644287,88.282697,79.023298,96.139526,85.982421,94.124037,83.124019,2530,595,1935,15.45105,93.098567,87.08823,97.619629,91.66072,94.469384,91.766963,1560,616,944,16.995239,90.110093,82.000335,96.723938,88.154369,95.489603,85.304378,2147,462,1685,15.629578,92.856824,86.666111,97.557068,91.38436,95.058007,90.755276,1601,541,1060,16.703796,93.01258,86.937866,97.584534,91.552741,94.163911,91.889063,1583,653,930,17.073059,92.855881,86.664469,97.531128,91.363875,94.035056,91.705913,1618,667,951,17.062378,89.275065,80.627788,96.487427,87.186591,95.829166,83.560091,2302,417,1885,15.255737,91.724798,84.714502,97.23053,90.065923,96.102035,87.728938,1815,408,1407,15.971375,92.807465,86.580158,97.506714,91.299607,93.690011,91.941392,1634,710,924,17.169189,91.847486,84.924042,97.213745,90.168383,94.090743,89.708704,1826,646,1180,16.680908
test_13_3.png,11709,17.866516,15,AEGIS-CD,AEGIS-CD,92.808548,86.582042,91.20097,1723,1,0.0,0.215955,1.542835,True,93.597133,primary_best_F1;has_change_gt,92.808548,86.582042,97.370911,91.20097,90.759184,94.952601,1723,1132,591,18.692017,92.118013,85.387762,97.219849,90.430639,93.337424,90.930054,1822,760,1062,17.405701,92.592593,86.206897,97.302246,90.944117,90.879184,94.371851,1768,1109,659,18.553162,91.070461,83.604927,96.730042,89.070459,88.917819,93.329917,2143,1362,781,18.753052,90.239201,82.214417,96.600342,88.182602,92.6419,87.957981,2228,818,1410,16.963196,90.836688,83.211736,96.734619,88.850037,91.086303,90.588436,2140,1038,1102,17.76886,91.498796,84.329752,96.928406,89.62465,90.501253,92.518575,2013,1137,876,18.264771,90.071521,81.936475,96.589661,88.016804,93.85299,86.58297,2235,664,1571,16.482544,92.039801,85.253456,97.119141,90.281477,90.890166,93.218891,1888,1094,794,18.32428,91.920553,85.049059,97.163391,90.200919,93.584071,90.315142,1859,725,1134,17.242432,91.791139,84.827747,97.02301,89.973436,90.462763,93.159108,1951,1150,801,18.399048,90.946786,83.396705,96.801758,89.004918,92.003845,89.913742,2096,915,1181,17.460632,90.175395,82.108553,96.418762,87.986722,88.431856,91.989068,2347,1409,938,18.585205,92.167281,85.472463,97.210693,90.470533,92.484306,91.852421,1828,874,954,17.744446,90.251748,82.235248,96.531677,88.142381,90.644383,89.862499,2273,1086,1187,17.712402
test_87_3.png,12313,18.788147,15,AEGIS-CD,AEGIS-CD,91.529116,84.381276,89.64527,2022,1,0.0,0.82117,1.563178,True,93.482049,primary_best_F1;has_change_gt;low_false_alarm_tendency,91.529116,84.381276,96.914673,89.64527,94.5228,88.71924,2022,633,1389,17.634583,89.771674,81.441565,96.295166,87.513441,93.260394,86.534557,2428,770,1658,17.433167,89.985316,81.793914,96.357727,87.762401,93.074119,87.09494,2387,798,1589,17.581177,90.211629,82.168656,96.421814,88.024482,92.80316,87.760903,2345,838,1507,17.767334,87.406238,77.629734,95.619202,84.775289,95.030523,80.914481,2871,521,2350,15.997314,90.707946,82.99592,96.629333,88.65245,94.08377,87.565987,2209,678,1531,17.486572,90.620221,82.849153,96.630859,88.572203,95.003117,86.623893,2208,561,1647,17.131042,88.571799,79.487776,95.967102,86.135809,94.71056,83.180378,2643,572,2071,16.500854,90.134396,82.040596,96.44928,87.974563,94.287742,86.33152,2327,644,1683,17.202759,90.237623,82.211797,96.470642,88.087646,93.936731,86.818809,2313,690,1623,17.364502,90.182832,82.120886,96.452332,88.021993,93.922603,86.729473,2325,691,1634,17.349243,90.646004,82.892264,96.665955,88.624722,95.84465,85.982295,2185,459,1726,16.854858,89.896854,81.647852,96.427917,87.737656,95.920059,84.585398,2341,443,1898,16.567993,90.485388,82.624032,96.542358,88.375671,93.671216,87.509137,2266,728,1538,17.552185,90.665214,82.924398,96.601868,88.590717,93.685031,87.833997,2227,729,1498,17.614746
test_14_14.png,3828,5.841064,15,AEGIS-CD,AEGIS-CD,91.968035,85.130391,91.489301,593,1,0.0,0.263337,2.367215,True,93.452655,primary_best_F1;has_change_gt;low_false_alarm_tendency,91.968035,85.130391,99.095154,91.489301,95.499297,88.68861,593,160,433,5.4245,88.807339,79.867987,98.789978,88.172146,96.591956,82.183908,793,111,682,4.969788,89.604846,81.167373,98.847961,88.996926,94.730713,85.005225,755,181,574,5.241394,91.704698,84.680218,99.057007,91.205192,94.312535,89.2372,618,206,412,5.526733,88.830883,79.90608,98.75946,88.176007,93.68299,84.456635,813,218,595,5.265808,89.788586,81.469408,98.872375,89.193941,95.306542,84.874608,739,160,579,5.201721,90.77286,83.104675,98.985291,90.238189,96.803788,85.449321,665,108,557,5.155945,87.629304,77.982346,98.667908,86.930715,95.7572,80.77325,873,137,736,4.927063,89.392068,80.818859,98.820496,88.769294,94.160162,85.083595,773,202,571,5.278015,87.936026,78.469488,98.664856,87.231659,93.109489,83.30721,875,236,639,5.226135,89.852271,81.574329,98.878479,89.260753,95.285505,85.005225,735,161,574,5.210876,90.138549,82.047478,98.892212,89.552684,93.887946,86.677116,726,216,510,5.392456,88.780352,79.824341,98.773193,88.134681,95.296585,83.098224,804,157,647,5.093384,91.044574,83.561303,98.991394,90.510964,94.567971,87.774295,661,193,468,5.421448,90.129113,82.031842,98.9151,89.557521,96.177778,84.796238,711,129,582,5.149841
test_45_12.png,20669,31.538391,15,AEGIS-CD,AEGIS-CD,93.28031,87.406842,90.140666,2805,1,0.0,0.05659,0.676665,True,93.39349,primary_best_F1;has_change_gt,93.28031,87.406842,95.71991,90.140666,92.38398,94.194204,2805,1605,1200,32.156372,92.663741,86.330324,95.332336,89.241456,91.872741,93.468479,3059,1709,1350,32.086182,92.882241,86.710404,95.425415,89.513596,91.189222,94.639315,2998,1890,1108,32.731628,91.890725,84.998003,94.841003,88.108359,91.114916,92.679859,3381,1868,1513,32.080078,91.259835,83.92468,94.372559,87.112763,89.441167,93.153999,3688,2273,1415,32.847595,92.443768,85.949244,95.150757,88.875084,90.88784,94.053897,3178,1949,1229,32.637024,93.146812,87.172703,95.709229,90.024009,93.846683,92.457303,2812,1253,1559,31.071472,91.023826,83.526355,94.291687,86.839434,90.289414,91.770284,3741,2040,1701,32.055664,92.969012,86.861771,95.52002,89.682221,92.043245,93.91359,2936,1678,1258,32.17926,92.678067,86.355198,95.289612,89.208006,90.903592,94.523199,3087,1955,1132,32.794189,93.196806,87.260317,95.671082,90.022751,92.392545,94.015192,2837,1600,1237,32.092285,93.047128,86.998251,95.576477,89.803913,92.257205,93.850694,2899,1628,1271,32.08313,93.024947,86.959478,95.610046,89.822076,93.230635,92.820165,2877,1393,1484,31.399536,93.000404,86.916593,95.500183,89.686453,91.282266,94.78446,2949,1871,1078,32.748413,93.223721,87.307519,95.698547,90.073163,92.638066,93.816827,2819,1541,1278,31.939697
test_22_12.png,9408,14.355469,15,AEGIS-CD,AEGIS-CD,91.481359,84.300133,90.121088,1540,1,0.0,0.62248,3.340369,True,93.258545,primary_best_F1;has_change_gt;low_false_alarm_tendency,91.481359,84.300133,97.650146,90.121088,95.374856,87.893282,1540,401,1139,13.22937,90.568878,82.763365,97.323608,89.009657,91.64309,89.519558,1754,768,986,14.022827,87.755216,78.181999,96.659851,85.82756,92.620144,83.37585,2189,625,1564,12.922668,87.788961,78.235584,96.630859,85.838541,91.503343,84.364371,2208,737,1471,13.235474,86.438809,76.116505,96.434021,84.405829,95.182109,79.166667,2337,377,1960,11.940002,88.182577,78.863003,96.760559,86.310472,92.567489,84.194303,2123,636,1487,13.056946,89.215964,80.531426,97.093201,87.54441,95.434177,83.758503,1905,377,1528,12.599182,87.307846,77.474645,96.611023,85.365048,94.413546,81.196854,2221,452,1769,12.345886,84.618943,73.338679,95.941162,82.301892,92.784682,77.774235,2660,569,2091,12.033081,87.853902,78.338796,96.772766,86.00699,95.55278,81.303146,2115,356,1759,12.214661,90.858879,83.248988,97.47467,89.39647,94.572841,87.425595,1655,472,1183,13.270569,88.526098,79.414191,96.954346,86.783707,96.394592,81.845238,1996,288,1708,12.188721,88.05832,78.664461,96.850586,86.260816,96.622651,80.888605,2064,266,1798,12.017822,89.110264,80.359343,97.080994,87.434706,95.930874,83.195153,1913,332,1581,12.449646,87.689203,78.077269,96.64917,85.756601,92.775801,83.131378,2196,609,1587,12.863159
test_80_5.png,8519,12.998962,15,AEGIS-CD,AEGIS-CD,92.019479,85.218591,90.794237,1393,1,0.0,0.319074,2.592504,True,93.257678,primary_best_F1;has_change_gt,92.019479,85.218591,97.874451,90.794237,89.872426,94.271628,1393,905,488,13.635254,89.583333,81.132075,97.299194,88.031804,89.826508,89.341472,1770,862,908,12.928772,88.240679,78.95599,97.059631,86.563454,91.891205,84.869116,1927,638,1289,12.005615,90.29656,82.309689,97.503662,88.864319,91.260041,89.35321,1636,729,907,12.727356,90.279436,82.281236,97.515869,88.855903,91.870215,88.74281,1628,669,959,12.556458,87.649775,78.014775,96.775818,85.795701,87.287544,88.015025,2113,1092,1021,13.1073,91.700405,84.672897,97.872925,90.480842,93.040957,90.397934,1394,576,818,12.6297,88.213414,78.912343,96.905518,86.432569,87.360424,89.083226,2028,1098,930,13.25531,90.658049,82.912413,97.573853,89.26395,90.754029,90.562273,1590,786,804,12.971497,89.409248,80.846948,97.280884,87.84974,90.550138,88.296748,1782,785,997,12.675476,90.54567,82.724613,97.567749,89.150199,91.511809,89.599718,1594,708,886,12.727356,83.944518,72.331369,96.131897,81.761213,91.155433,77.790821,2535,643,1892,11.09314,89.572671,81.114586,97.419739,88.104684,94.349182,85.256486,1691,435,1256,11.746216,91.269934,83.941762,97.711182,89.95298,90.51137,92.041319,1500,822,678,13.218689,90.613949,82.838669,97.529602,89.19181,89.5189,91.736119,1619,915,704,13.320923
test_17_9.png,6406,9.77478,15,AEGIS-CD,AEGIS-CD,92.227734,85.576502,91.394003,987,1,0.0,0.120644,1.49567,True,93.230283,primary_best_F1;has_change_gt;low_false_alarm_tendency,92.227734,85.576502,98.493958,91.394003,93.055776,91.414299,987,437,550,9.602356,90.504563,82.656013,98.078918,89.437271,87.552897,93.662192,1259,853,406,10.456848,91.276081,83.952162,98.239136,90.297897,88.493111,94.239775,1154,785,369,10.409546,90.216354,82.176496,98.123169,89.178798,91.972105,88.526382,1230,495,735,9.408569,91.353561,84.083345,98.321533,90.424166,92.004433,90.711833,1100,505,595,9.637451,90.720189,83.016422,98.200989,89.724212,91.490713,89.962535,1179,536,643,9.611511,91.342952,84.065373,98.33374,90.421358,92.799613,89.931314,1092,447,645,9.472656,89.620011,81.192263,98.01178,88.521127,91.508053,87.808305,1303,522,781,9.379578,91.271899,83.945087,98.304749,90.333146,91.870947,90.680612,1111,514,597,9.648132,90.680063,82.949246,98.103333,89.626123,87.245708,94.395879,1243,884,359,10.575867,92.082021,85.325932,98.426819,91.20892,90.627362,93.58414,1031,620,411,10.093689,89.3753,80.79145,97.970581,88.254132,91.524869,87.324383,1330,518,812,9.326172,89.150306,80.424494,97.917175,87.998749,90.817814,87.542929,1365,567,798,9.422302,90.548517,82.729364,98.167419,89.533935,91.302968,89.806431,1201,548,653,9.614563,92.107091,85.368993,98.439026,91.241083,91.060259,93.17827,1023,586,437,10.002136
test_119_5.png,813,1.24054,15,AEGIS-CD,AEGIS-CD,91.22807,83.870968,91.116061,145,1,0.0,0.566351,17.932434,True,93.172799,primary_best_F1;has_change_gt,91.22807,83.870968,99.778748,91.116061,89.761905,92.742927,145,86,59,1.281738,81.782946,69.180328,99.569702,81.565785,86.122449,77.859779,282,102,180,1.121521,87.898856,78.410311,99.693298,87.743607,86.084906,89.790898,201,118,83,1.293945,81.837161,69.257951,99.601746,81.639347,94.230769,72.324723,261,36,225,0.952148,0.0,0.0,98.75946,0.0,0.0,0.0,813,0,813,0.0,83.428571,71.568627,99.601746,83.227236,86.220472,80.811808,261,105,156,1.16272,90.661719,82.918552,99.769592,90.54508,91.169154,90.159902,151,71,80,1.226807,78.521351,64.637985,99.485779,78.261473,81.481481,75.768758,337,140,197,1.153564,86.565272,76.312849,99.676514,86.401712,89.281046,84.00984,212,82,130,1.167297,82.247765,69.848156,99.575806,82.033422,85.524568,79.212792,278,109,169,1.148987,86.483254,76.185458,99.655151,86.308735,84.167637,88.929889,226,136,90,1.31073,0.0,0.0,98.75946,0.0,0.0,0.0,813,0,813,0.0,88.836105,79.91453,99.713135,88.69098,85.878301,92.00492,188,123,65,1.329041,88.468362,79.321315,99.702454,88.31787,85.193622,92.00492,195,130,65,1.339722,89.40754,80.844156,99.729919,89.270857,87.062937,91.881919,177,111,66,1.309204
test_85_13.png,6594,10.061646,15,AEGIS-CD,AEGIS-CD,92.057517,85.283861,91.161899,1055,1,0.0,0.1776,0.78223,True,93.159634,primary_best_F1;has_change_gt,92.057517,85.283861,98.390198,91.161899,91.403797,92.720655,1055,575,480,10.206604,90.862407,83.254913,98.153687,89.835523,90.493381,91.234456,1210,632,578,10.144043,91.108906,83.66975,98.222351,90.121405,91.703795,90.521686,1165,540,625,9.931946,91.619614,84.535234,98.278809,90.660964,89.804835,93.509251,1128,700,428,10.476685,91.031322,83.538979,98.208618,90.036317,91.71798,90.354868,1174,538,636,9.912109,91.738149,84.737281,98.324585,90.805979,91.039427,92.44768,1098,600,498,10.217285,90.518084,82.678571,98.075867,89.447463,89.768829,91.279951,1261,686,575,10.231018,90.932369,83.372462,98.162842,89.910298,90.320168,91.552927,1204,647,557,10.198975,91.519619,84.365134,98.262024,90.551772,89.893228,93.205945,1139,691,448,10.432434,91.541673,84.402623,98.330688,90.616034,93.375394,89.778587,1094,420,674,9.674072,91.751707,84.76042,98.35968,90.841134,92.856034,90.673339,1075,460,615,9.825134,90.862716,83.25543,98.141479,89.828381,89.904988,91.841068,1218,680,538,10.27832,91.879918,84.979511,98.377991,90.97898,92.5658,91.204125,1063,483,580,9.913635,91.632745,84.557596,98.306274,90.690555,91.097122,92.174704,1110,594,516,10.180664,90.854797,83.242134,98.130798,89.814088,89.472136,92.280861,1225,716,509,10.377502
test_92_16.png,23207,35.411072,15,AEGIS-CD,AEGIS-CD,93.028289,86.965319,89.233243,3221,1,0.0,0.057162,0.925566,True,93.142614,primary_best_F1;has_change_gt;low_false_alarm_tendency,93.028289,86.965319,95.085144,89.233243,93.459163,92.60137,3221,1504,1717,35.08606,91.927368,85.060729,94.369507,87.606176,93.365329,90.533029,3690,1493,2197,34.336853,92.161224,85.462046,94.622803,88.075617,95.250356,89.26617,3524,1033,2491,33.18634,92.896271,86.734861,95.053101,89.103211,94.503143,91.343129,3242,1233,2009,34.22699,91.25489,83.916317,94.099426,86.819076,96.021321,86.939286,3867,836,3031,32.061768,92.887671,86.719869,95.048523,89.091737,94.522259,91.308657,3245,1228,2017,34.207153,92.971127,86.865464,95.100403,89.212167,94.483004,91.506873,3211,1240,1971,34.295654,91.490627,84.315875,94.10553,86.985188,93.587201,89.485931,3863,1423,2440,33.859253,91.949927,85.099365,94.554138,87.848847,96.473874,87.831258,3569,745,2824,32.23877,91.712584,84.693667,94.33136,87.413287,95.078631,88.576723,3715,1064,2651,32.989502,92.186878,85.506176,94.610596,88.077974,94.717942,89.787564,3532,1162,2370,33.56781,91.841009,84.912967,94.471741,87.673568,96.193037,87.86573,3623,807,2816,32.345581,91.498958,84.330027,94.334412,87.275404,97.616023,86.103331,3713,488,3225,31.234741,92.531796,86.101556,94.821167,88.570799,94.545618,90.601974,3394,1213,2181,33.934021,92.127801,85.404583,94.586182,88.007904,94.959521,89.460077,3548,1102,2446,33.360291
test_119_11.png,10181,15.534973,15,AEGIS-CD,AEGIS-CD,92.239179,85.596211,90.843563,1551,1,0.0,0.135642,1.061774,True,92.983715,primary_best_F1;has_change_gt;low_false_alarm_tendency,92.239179,85.596211,97.633362,90.843563,94.012648,90.531382,1551,587,964,14.959717,91.025316,83.528864,97.30072,89.438827,94.134313,88.115116,1769,559,1210,14.541626,91.08182,83.624075,97.264099,89.466337,92.261185,89.932227,1793,768,1025,15.142822,92.103537,85.362888,97.612,90.698077,94.69807,89.647382,1565,511,1054,14.706421,90.924479,83.359197,97.218323,89.282278,92.186554,89.696493,1823,774,1049,15.115356,91.627479,84.548627,97.50061,90.161398,95.52382,88.036539,1638,420,1218,14.317322,91.705328,84.681292,97.517395,90.248061,95.336019,88.341027,1627,440,1187,14.395142,88.48033,79.34056,96.510315,86.42562,90.808519,86.268539,2287,889,1398,14.758301,91.783977,84.815516,97.550964,90.348023,95.841351,88.056183,1605,389,1216,14.273071,91.27241,83.945951,97.407532,89.753854,95.670902,87.260583,1699,402,1297,14.169312,90.630446,82.866248,97.210693,88.995565,94.769,86.838228,1828,488,1340,14.234924,91.193416,83.812405,97.387695,89.663854,95.733881,87.064139,1712,395,1317,14.128113,91.137424,83.717864,97.361755,89.591107,95.30446,87.319517,1729,438,1291,14.233398,91.554529,84.424484,97.433472,90.042235,93.651772,89.54916,1682,618,1064,14.854431,91.96319,85.12209,97.601318,90.556261,95.895085,88.341027,1572,385,1187,14.311218
test_87_2.png,16838,25.692749,15,AEGIS-CD,AEGIS-CD,91.230574,83.8752,88.377804,2827,1,0.0,0.842986,2.463184,True,92.916546,primary_best_F1;has_change_gt;low_false_alarm_tendency,91.230574,83.8752,95.68634,88.377804,95.493214,87.332225,2827,694,2133,23.497009,88.810158,79.872547,94.554138,85.226356,94.062562,84.113315,3569,894,2675,22.975159,89.450675,80.914718,94.918823,86.123811,95.858229,83.846062,3330,610,2720,22.473145,89.842015,81.557424,95.114136,86.645287,96.43149,84.095498,3202,524,2678,22.406006,86.158313,75.682569,93.598938,82.061831,96.9337,77.5389,4195,413,3782,20.552063,90.02721,81.863168,95.19043,86.876176,96.336674,84.493408,3152,541,2611,22.53418,89.265003,80.611374,94.802856,85.853543,95.104097,84.101437,3406,729,2677,22.720337,86.411643,76.074385,93.560791,82.231586,94.37333,79.688799,4220,800,3420,21.694946,89.422498,80.868619,94.90509,86.08659,95.824564,83.822307,3339,615,2724,22.47467,88.8896,80.001153,94.7052,85.441927,96.436015,82.438532,3470,513,2957,21.963501,89.375374,80.791572,94.85321,85.995977,95.157288,84.25585,3373,722,2651,22.749329,87.881698,78.383008,94.223022,84.119416,95.306859,81.529873,3786,676,3110,21.97876,86.681359,76.493469,93.821716,82.719906,97.146649,78.251574,4049,387,3662,20.695496,90.140319,82.050411,95.16449,86.946749,94.661178,86.031595,3169,817,2352,23.350525,90.387587,82.461087,95.254517,87.244179,94.238206,86.839292,3110,894,2216,23.675537
test_28_13.png,15646,23.873901,15,AEGIS-CD,AEGIS-CD,92.388418,85.853601,90.005061,2379,1,0.0,0.144589,1.578256,True,92.7339,primary_best_F1;has_change_gt;low_false_alarm_tendency,92.388418,85.853601,96.369934,90.005061,92.497918,92.279177,2379,1171,1208,23.817444,91.173605,83.778945,95.852661,88.464067,92.6723,89.722613,2718,1110,1608,23.114014,92.243829,85.60422,96.29364,89.808866,92.170251,92.317525,2429,1227,1202,23.912048,91.209742,83.839991,95.814514,88.463117,91.464747,90.956155,2743,1328,1415,23.74115,89.836618,81.548529,95.396423,86.872155,94.978275,85.22306,3017,705,2312,21.421814,90.805148,83.158818,95.606995,87.919252,90.75008,90.860284,2879,1449,1430,23.902893,92.041003,85.255519,96.279907,89.615153,94.067797,90.099706,2438,889,1549,22.866821,89.1778,80.469257,94.944763,85.882054,91.200641,87.242746,3313,1317,1996,22.83783,91.556917,84.428546,96.047974,88.978491,93.433134,89.75457,2590,987,1603,22.93396,89.332565,80.721638,94.91272,85.992493,89.441312,89.224083,3334,1648,1686,23.815918,90.856994,83.245823,95.715332,88.06037,92.605868,89.172952,2808,1114,1694,22.988892,90.230189,82.199458,95.492554,87.305323,93.495545,87.185223,2954,949,2005,22.262573,90.750332,83.066918,95.748901,87.996027,94.424485,87.3514,2786,807,1979,22.085571,91.209607,83.839763,95.845032,88.48956,92.146631,90.291448,2723,1204,1519,23.39325,90.917921,83.348175,95.71991,88.118793,92.13203,89.735396,2805,1199,1606,23.252869
test_13_11.png,15743,24.021912,15,AEGIS-CD,AEGIS-CD,92.045745,85.263656,89.550066,2490,1,0.0,0.180482,1.4709,True,92.455612,primary_best_F1;has_change_gt;low_false_alarm_tendency,92.045745,85.263656,96.200562,89.550066,92.584024,91.513689,2490,1154,1336,23.744202,90.367889,82.428303,95.437622,87.379587,91.679195,89.093565,2990,1273,1717,23.344421,91.314871,84.017816,95.783997,88.531633,90.385812,92.263228,2763,1545,1218,24.520874,91.325539,84.03588,95.845032,88.593858,91.602761,91.04999,2723,1314,1409,23.876953,88.914542,80.041568,94.871521,85.585088,92.47393,85.619005,3361,1097,2264,22.241211,86.987783,76.972018,94.035339,83.13028,91.38341,82.995617,3909,1232,2677,21.817017,91.531207,84.38483,95.985413,88.900965,92.782563,90.313155,2631,1106,1525,23.382568,89.67341,81.279962,95.233154,86.581518,93.486801,86.158928,3124,945,2179,22.138977,91.301872,83.99581,95.803833,88.536892,90.927991,91.678841,2750,1440,1310,24.220276,90.828412,83.197848,95.61615,87.948225,91.297651,90.363971,2873,1356,1517,23.776245,91.214241,83.847594,95.918274,88.559887,94.436888,88.204281,2675,818,1857,22.436523,90.429448,82.530795,95.477295,87.469544,91.961647,88.947469,2964,1224,1740,23.234558,90.606483,82.82619,95.573425,87.712399,92.410832,88.871244,2901,1149,1752,23.101807,91.68687,84.64982,96.02356,89.073724,92.092278,91.285016,2606,1234,1372,23.81134,91.865263,84.954443,96.11969,89.317621,92.531254,91.208791,2543,1159,1384,23.678589
test_31_1.png,7238,11.044312,15,AEGIS-CD,AEGIS-CD,91.58235,84.471808,90.557354,1198,1,0.0,0.028199,2.056401,True,92.336531,primary_best_F1;has_change_gt;low_false_alarm_tendency,91.58235,84.471808,98.171997,90.557354,93.179868,90.038685,1198,477,721,10.671997,88.893499,80.007469,97.549438,87.516284,88.991969,88.795247,1606,795,811,11.019897,89.890543,81.637441,97.731018,88.613007,88.488823,91.337386,1487,860,627,11.399841,90.839535,83.216516,97.990417,89.711012,91.469393,90.218292,1317,609,708,10.89325,90.349489,82.397692,97.952271,89.206258,94.211158,86.791931,1342,386,956,10.174561,88.029855,78.619042,97.406006,86.575854,89.761631,86.363636,1700,713,987,10.626221,90.602274,82.819156,97.969055,89.464405,92.649819,88.643272,1331,509,822,10.566711,87.335808,77.518692,97.293091,85.822291,90.354505,84.512296,1774,653,1121,10.3302,89.876336,81.614008,97.789001,88.635499,90.911661,88.864327,1449,643,806,10.795593,89.629255,81.207438,97.810364,88.408136,93.968783,85.672838,1435,398,1037,10.069275,89.048149,80.258372,97.598267,87.699471,89.697225,88.4084,1574,735,839,10.88562,87.986038,78.549171,97.373962,86.512094,88.923381,87.068251,1721,785,936,10.813904,91.554151,84.423841,98.205566,90.552058,95.333533,88.063001,1176,312,864,10.202026,90.821393,83.186071,98.025513,89.716055,93.323615,88.449848,1294,458,836,10.467529,88.506952,79.383381,97.489929,87.098272,89.526502,87.510362,1645,741,904,10.795593
test_87_10.png,8236,12.567139,15,AEGIS-CD,AEGIS-CD,90.955285,83.410997,89.723545,1424,1,0.0,0.321113,1.148594,True,92.219154,primary_best_F1;has_change_gt;low_false_alarm_tendency,90.955285,83.410997,97.827148,89.723545,95.364944,86.935406,1424,348,1076,11.456299,88.983929,80.154098,97.406006,87.521413,95.414119,83.365712,1700,330,1370,10.980225,89.903661,81.659083,97.601318,88.547827,95.432233,84.980573,1572,335,1237,11.190796,90.634171,82.872477,97.76001,89.365796,95.496101,86.243322,1468,335,1133,11.349487,89.879843,81.619792,97.596741,88.521589,95.455166,84.919864,1575,333,1242,11.180115,90.36532,82.424029,97.714233,89.073814,96.074945,85.29626,1498,287,1211,11.157227,90.165295,82.091807,97.648621,88.833956,95.035652,85.769791,1541,369,1172,11.341858,87.590759,77.921315,97.131348,85.982928,95.964709,80.560952,1880,279,1601,10.549927,89.921684,81.688827,97.60437,88.567385,95.39635,85.041282,1570,338,1232,11.203003,90.248419,82.229722,97.669983,88.929394,95.190624,85.794075,1527,357,1170,11.326599,89.346154,80.74383,97.463989,87.911946,94.636067,84.616319,1662,395,1267,11.236572,89.62661,81.203096,97.554016,88.24699,95.953998,84.082079,1603,292,1311,11.012268,89.923772,81.692272,97.599792,88.566109,95.172881,85.223409,1573,356,1217,11.253357,90.629956,82.865429,97.746277,89.351995,94.898366,86.728995,1477,384,1093,11.485291,90.074093,81.940732,97.628784,88.731812,95.026954,85.611948,1554,369,1185,11.322021
test_21_6.png,10786,16.45813,15,AEGIS-CD,AEGIS-CD,91.461276,84.266032,89.770365,1850,1,0.0,0.137374,3.001752,True,92.163118,primary_best_F1;has_change_gt,91.461276,84.266032,97.177124,89.770365,91.066176,91.859818,1850,972,878,16.601562,88.165454,78.835616,96.228027,85.924795,91.150267,85.369924,2472,894,1578,15.414429,85.933161,75.335796,95.516968,83.270182,88.851485,83.200445,2938,1126,1812,15.411377,89.12753,80.38743,96.524048,87.061033,91.845367,86.565919,2278,829,1449,15.512085,85.707243,74.989216,95.576477,83.10305,91.523639,80.585945,2899,805,2094,14.491272,88.327052,79.094404,96.266174,86.106941,90.969834,85.833488,2447,919,1528,15.52887,89.569841,81.109944,96.707153,87.619029,93.558158,85.907658,2158,638,1520,15.112305,84.25839,72.798702,95.140076,81.399723,90.229703,79.02837,3185,923,2262,14.414978,89.629076,81.207145,96.612549,87.604893,90.329567,88.939366,2220,1027,1193,16.204834,88.496744,79.36696,96.279907,86.278762,90.103766,86.946041,2438,1030,1408,15.881348,90.381995,82.451779,96.876526,88.51792,91.626179,89.171148,2047,879,1168,16.017151,90.05285,81.905579,96.783447,88.135129,91.697098,88.466531,2108,864,1244,15.878296,89.617859,81.188731,96.749878,87.697282,94.480987,85.230855,2130,537,1593,14.846802,91.323901,84.033106,97.174072,89.636287,92.301136,90.367143,1852,813,1039,16.113281,87.842236,78.320246,96.124268,85.539822,90.797546,85.073243,2540,930,1610,15.420532
test_114_3.png,948,1.446533,15,AEGIS-CD,AEGIS-CD,90.056672,81.911903,89.907293,193,1,0.0,0.631273,8.377052,True,92.141545,primary_best_F1;has_change_gt,90.056672,81.911903,99.705505,89.907293,88.016113,92.194093,193,119,74,1.515198,87.285223,77.439024,99.604797,87.085479,81.634527,93.776371,259,200,59,1.661682,88.62087,79.566855,99.668884,88.452874,88.112617,89.135021,217,114,103,1.463318,60.685631,43.560209,99.177551,60.331547,98.345154,43.881857,539,7,532,0.645447,87.002398,76.994907,99.586487,86.794053,79.771328,95.675105,271,230,41,1.734924,86.919831,76.865672,99.57428,86.706165,78.227848,97.78481,279,258,21,1.808167,89.425398,80.873362,99.665833,89.256864,82.457703,97.679325,219,197,22,1.713562,85.630499,74.871795,99.551392,85.403882,79.781421,92.405063,294,222,72,1.675415,88.601533,79.535684,99.636841,88.418599,81.140351,97.57384,238,215,23,1.739502,87.705382,78.102926,99.668884,87.538502,94.736842,81.64557,217,43,174,1.246643,86.056972,75.526316,99.57428,85.841416,81.766382,90.822785,279,192,87,1.60675,65.17134,48.336414,99.147034,64.753933,79.604262,55.168776,559,134,425,1.002502,56.15967,39.043062,99.028015,55.714376,80.792079,43.037975,637,97,540,0.770569,88.535645,79.429559,99.636841,88.352553,81.471631,96.940928,238,209,29,1.721191,85.714286,75.0,99.530029,85.478902,76.490066,97.468354,308,284,24,1.843262
test_87_5.png,17769,27.113342,15,AEGIS-CD,AEGIS-CD,90.902669,83.322542,87.728254,3091,1,0.0,0.46318,1.625035,True,91.82903,primary_best_F1;has_change_gt;low_false_alarm_tendency,90.902669,83.322542,95.283508,87.728254,95.280109,86.909787,3091,765,2326,24.731445,89.732395,81.376933,94.725037,86.197924,95.006289,85.013225,3457,794,2663,24.261475,89.608044,81.172621,94.732666,86.10335,96.336332,83.758231,3452,566,2886,23.573303,89.6985,81.321197,94.770813,86.216438,96.270487,83.966458,3427,578,2849,23.648071,88.820177,79.888756,94.372559,85.090099,96.261252,82.446958,3688,569,3119,23.222351,87.852123,78.335967,93.933105,83.848656,96.096518,80.910575,3976,584,3392,22.828674,90.247035,82.227424,95.018005,86.918584,96.167558,85.013225,3265,602,2663,23.968506,87.991687,78.558175,94.004822,84.036314,96.287625,81.011875,3929,555,3374,22.81189,89.337857,80.730279,94.628906,85.776135,96.733355,82.992853,3520,498,3022,23.262024,88.953896,80.105373,94.468689,85.298274,96.996279,82.143058,3625,452,3173,22.961426,89.11579,80.368332,94.502258,85.464671,96.19147,83.009736,3603,584,3019,23.397827,88.962459,80.119263,94.454956,85.29099,96.634774,82.418819,3634,510,3124,23.124695,89.231329,80.556468,94.58313,85.642162,96.78226,82.773369,3550,489,3061,23.188782,89.896095,81.646599,94.836426,86.445533,95.745087,84.720581,3384,669,2715,23.991394,90.439489,82.547524,95.040894,87.100984,94.742681,86.510214,3250,853,2397,24.757385
test_39_15.png,12967,19.786072,15,AEGIS-CD,AEGIS-CD,91.142936,83.727167,89.020914,2245,1,0.0,0.009198,1.386439,True,91.422028,primary_best_F1;has_change_gt;low_false_alarm_tendency,91.142936,83.727167,96.574402,89.020914,93.303716,89.079972,2245,829,1416,18.890381,88.355675,79.14032,95.52002,85.584948,90.952886,85.902676,2936,1108,1828,18.687439,89.580546,81.127503,95.959473,87.075648,91.451755,87.784376,2648,1064,1584,18.992615,89.893575,81.642443,96.087646,87.469374,91.937434,87.938613,2564,1000,1564,18.925476,89.745987,81.399293,95.983887,87.249262,90.685773,88.82548,2632,1183,1449,19.380188,88.44314,79.280773,95.613098,85.741886,92.367758,84.838436,2875,909,1966,18.173218,91.133738,83.711645,96.638489,89.064734,95.30303,87.313951,2203,558,1645,18.127441,88.278183,79.016064,95.535278,85.52583,91.85494,84.969538,2926,977,1949,18.302917,90.567543,82.761134,96.391296,88.339642,93.788204,87.560731,2365,752,1613,18.47229,89.069151,80.292499,95.846558,86.510772,92.919983,85.524794,2722,845,1877,18.211365,90.964923,83.42721,96.498108,88.794273,92.914589,89.095396,2295,881,1414,18.972778,89.496322,80.989451,96.012878,87.041234,93.467674,85.848693,2613,778,1835,18.173218,90.901134,83.319962,96.510315,88.745002,93.885602,88.100563,2287,744,1543,18.566895,91.055838,83.580282,96.482849,88.866984,91.635426,90.483535,2305,1071,1234,19.537354,89.105201,80.351109,95.918274,86.603681,94.415674,84.360299,2675,647,2028,17.678833
test_77_7.png,3128,4.772949,15,AEGIS-CD,AEGIS-CD,90.035753,81.877297,89.521877,641,1,0.0,0.032443,5.29656,True,91.089287,primary_best_F1;has_change_gt,90.035753,81.877297,99.021912,89.521877,87.624811,92.58312,641,409,232,5.04303,87.76303,78.194404,98.846436,87.157818,88.885246,86.668798,756,339,417,4.653931,86.925903,76.875169,98.696899,86.241468,83.40188,90.76087,854,565,289,5.194092,86.613387,76.387665,98.773193,85.971693,90.375261,83.152174,804,277,527,4.391479,90.00331,81.823653,99.078369,89.520861,93.308167,86.924552,604,195,409,4.446411,87.825811,78.294134,98.831177,87.211951,87.326169,88.331202,766,401,365,4.827881,79.707142,66.26091,97.758484,78.543995,70.177572,92.231458,1469,1226,243,6.272888,82.499203,70.211612,98.324585,81.619389,82.263191,82.736573,1098,558,540,4.800415,81.542248,68.836565,98.283386,80.642741,83.754634,79.443734,1125,482,643,4.527283,81.710442,69.076631,98.257446,80.795587,81.867779,81.553708,1142,565,577,4.754639,84.132506,72.610966,98.399353,83.292231,79.844961,88.90665,1049,702,347,5.314636,85.870853,75.240073,98.544312,85.107843,79.994481,92.679028,954,725,229,5.529785,88.852079,79.940387,98.973083,88.314572,92.196631,85.741688,673,227,446,4.438782,82.071713,69.594595,98.146057,81.10029,76.212661,88.90665,1215,868,347,5.567932,80.83108,67.828995,97.944641,79.758987,72.83919,90.792839,1347,1059,288,5.949402
test_87_1.png,4767,7.273865,15,AEGIS-CD,AEGIS-CD,87.787157,78.232718,86.848416,1143,1,0.0,1.136565,4.531787,True,90.946593,primary_best_F1;has_change_gt;low_false_alarm_tendency,87.787157,78.232718,98.25592,86.848416,89.45993,86.175792,1143,484,659,7.006836,85.233771,74.267292,97.990417,84.161113,91.546243,79.735683,1317,351,966,6.335449,83.121159,71.117371,97.653198,81.862996,87.157652,79.441997,1538,558,980,6.629944,82.626853,70.396727,97.460938,81.257269,82.249013,83.008181,1664,854,810,7.341003,79.641485,66.170213,97.331238,78.231905,89.461297,71.764212,1749,403,1346,5.834961,84.072581,72.521739,97.8302,82.914135,90.194665,78.72876,1422,408,1014,6.349182,86.650592,76.445562,98.141479,85.653973,90.727565,82.924271,1218,404,814,6.648254,82.717329,70.528176,97.709656,81.503434,91.679428,75.351374,1501,326,1175,5.978394,85.717464,75.004867,98.040771,84.669845,91.238456,80.826516,1284,370,914,6.443787,83.684554,71.946208,97.70813,82.453735,86.776301,80.805538,1502,587,915,6.773376,85.745164,75.047295,97.987366,84.663484,88.430673,83.217957,1319,519,800,6.845093,78.893319,65.143655,97.33429,77.505592,93.019943,68.491714,1747,245,1502,5.355835,84.104671,72.569509,97.756958,82.899254,86.788663,81.581708,1470,592,878,6.837463,82.772964,70.609107,97.724915,81.568436,92.12963,75.141598,1491,306,1185,5.932617,80.593269,67.494745,97.40448,79.213972,88.344172,74.092721,1701,466,1235,6.100464
test_56_4.png,1000,1.525879,15,AEGIS-CD,AEGIS-CD,88.909258,80.033003,88.722829,242,1,0.0,0.57444,6.519813,True,90.884432,primary_best_F1;has_change_gt,88.909258,80.033003,99.630737,88.722829,82.064298,97.0,242,212,30,1.803589,62.674911,45.63981,98.249817,61.890359,46.454414,96.3,1147,1110,37,3.163147,65.342602,48.525074,98.402405,64.620298,48.837209,98.7,1047,1034,13,3.083801,88.334817,79.106858,99.60022,88.133924,79.614767,99.2,262,254,8,1.901245,83.856894,72.201352,99.435425,83.574327,74.380805,96.1,370,331,39,1.971436,83.578104,71.788991,99.436951,83.29519,75.300722,93.9,369,308,61,1.902771,87.5,77.777778,99.56665,87.282718,78.144654,99.4,284,278,6,1.940918,87.544484,77.848101,99.62616,87.35477,89.038263,86.1,245,106,139,1.475525,85.805568,75.139888,99.525452,85.566125,78.925273,94.0,311,251,60,1.817322,80.740741,67.701863,99.285889,80.38854,68.601399,98.1,468,449,19,2.182007,82.761542,70.592486,99.378967,82.452854,71.785452,97.7,407,384,23,2.076721,88.037286,78.630897,99.647522,87.858644,91.299678,85.0,231,81,150,1.420593,87.487969,77.758768,99.603271,87.286698,84.32282,90.9,260,169,91,1.644897,86.361656,75.996933,99.5224,86.122686,76.525097,99.1,313,304,9,1.976013,83.42565,71.564327,99.406433,83.130179,72.68003,97.9,389,368,21,2.055359
test_33_10.png,1437,2.192688,15,AEGIS-CD,AEGIS-CD,89.152166,80.427522,88.924877,293,1,0.0,0.382112,15.855146,True,90.776025,primary_best_F1;has_change_gt;low_false_alarm_tendency,89.152166,80.427522,99.552917,88.924877,95.253165,83.785665,293,60,233,1.928711,86.020682,75.47043,99.443054,85.73949,95.655877,78.148921,365,51,314,1.791382,83.184466,71.210106,99.339294,82.852126,94.112478,74.530271,433,67,366,1.73645,74.274274,59.076433,98.823547,73.673321,71.346154,77.453027,771,447,324,2.380371,40.599002,25.469729,98.365784,40.065459,100.0,25.469729,1071,0,1071,0.558472,74.96732,59.958181,98.831177,74.371202,70.671596,79.819068,766,476,290,2.476501,57.70751,40.555556,98.693848,57.162685,99.488927,40.640223,856,3,853,0.895691,80.310515,67.099057,99.14856,79.875475,81.460272,79.192763,558,259,299,2.131653,86.916603,76.860622,99.478149,86.653055,96.516568,79.053584,342,41,301,1.795959,85.288348,74.350205,99.427795,85.001408,97.751799,75.643702,375,25,350,1.696777,70.620605,54.584121,98.53363,69.880011,62.977099,80.375783,961,679,282,2.798462,22.663551,12.779974,97.979736,22.114908,70.545455,13.500348,1324,81,1243,0.419617,87.129485,77.194195,99.49646,86.876519,99.112689,77.731385,330,10,320,1.719666,88.770053,79.807692,99.551392,88.54341,98.391194,80.862909,294,19,275,1.802063,87.70586,78.103683,99.510193,87.458565,97.529813,79.679889,321,29,292,1.791382
test_121_14.png,12829,19.5755,15,AEGIS-CD,AEGIS-CD,90.396192,82.475411,88.086099,2441,1,0.0,0.051309,2.562834,True,90.770035,primary_best_F1;has_change_gt;low_false_alarm_tendency,90.396192,82.475411,96.27533,88.086099,91.261519,89.54712,2441,1100,1341,19.207764,89.513289,81.017244,96.002197,87.045861,91.995064,87.161899,2620,973,1647,18.547058,87.265286,77.407645,95.15686,84.278323,89.913187,84.768883,3174,1220,1954,18.455505,88.658873,79.628144,95.736694,86.039382,92.495977,85.127446,2794,886,1908,18.016052,87.529947,77.825114,95.314026,84.651113,91.354467,84.012784,3071,1020,2051,18.002319,78.161336,64.151504,92.634583,73.86875,93.142118,67.331826,4827,636,4191,14.151001,90.19403,82.13946,96.27533,87.897762,93.053714,87.504872,2441,838,1603,18.408203,87.479916,77.746046,95.362854,84.645745,92.773506,82.757814,3039,827,2212,17.462158,89.951963,81.738817,96.138,87.562615,91.658576,88.30774,2531,1031,1500,18.859863,88.152668,78.815173,95.585632,85.44871,92.864538,83.895861,2893,827,2066,17.684937,90.050765,81.90213,96.202087,87.705774,92.418773,87.801076,2489,924,1565,18.597412,88.822948,79.893238,95.861816,86.294089,94.236992,83.997194,2712,659,2053,17.448425,87.856389,78.34275,95.437622,85.053679,91.715424,84.308987,2990,977,2013,17.99469,90.344882,82.390028,96.292114,88.051428,92.138747,88.619534,2430,970,1460,18.82782,85.684707,74.95472,94.725037,82.467002,91.39576,80.645413,3457,974,2483,17.272949
test_37_5.png,16655,25.413513,15,AEGIS-CD,AEGIS-CD,90.43878,82.546343,87.045145,3286,1,0.0,0.007704,1.157781,True,90.454187,primary_best_F1;has_change_gt,90.43878,82.546343,94.985962,87.045145,87.73782,93.311318,3286,2172,1114,27.027893,88.883634,79.991488,94.261169,85.01709,87.530562,90.279195,3761,2142,1619,26.211548,87.624953,77.975454,93.482971,83.209042,84.673536,90.789553,4271,2737,1534,27.249146,89.038161,80.242146,94.223022,85.122955,85.981099,92.320624,3786,2507,1279,27.287292,88.536571,79.431049,94.064331,84.533786,86.937901,90.195137,3890,2257,1633,26.365662,88.728191,79.740045,94.006348,84.656873,84.977739,92.824977,3928,2733,1195,27.760315,90.341394,82.384227,94.996643,86.966877,88.672372,92.074452,3279,1959,1320,26.38855,88.256751,78.98173,93.908691,84.146841,86.515947,90.069048,3992,2338,1654,26.457214,90.431077,82.533509,94.929504,86.989821,86.88579,94.277995,3323,2370,953,27.575684,88.74184,79.762096,94.236755,84.869172,88.114123,89.378565,3777,2008,1769,25.778198,89.470416,80.94703,94.566345,85.80995,88.143789,90.837586,3561,2035,1526,26.190186,90.166169,82.093257,94.825745,86.660928,87.19991,93.341339,3391,2282,1109,27.203369,89.288755,80.650123,94.241333,85.366902,84.665483,94.446112,3774,2849,925,28.349304,90.163743,82.089236,94.848633,86.678446,87.581366,92.903032,3376,2194,1182,26.957703,90.262336,82.252832,94.908142,86.818783,87.805155,92.861003,3337,2148,1189,26.876831
test_80_13.png,8590,13.1073,15,AEGIS-CD,AEGIS-CD,88.006736,78.58217,86.266645,1994,1,0.0,0.667825,4.281456,True,89.937021,primary_best_F1;has_change_gt;low_false_alarm_tendency,88.006736,78.58217,96.957397,86.266645,91.040319,85.168801,1994,720,1274,12.261963,85.275091,74.330058,96.492004,83.306647,94.788552,77.49709,2299,366,1933,10.716248,83.853139,72.195785,96.255493,81.775973,96.428571,74.179278,2454,236,2218,10.083008,86.628906,76.411811,96.794128,84.825651,95.549628,79.231665,2101,317,1784,10.868835,83.451817,71.602846,96.16394,81.324257,96.016359,73.795111,2514,263,2251,10.073853,83.138389,71.1426,96.084595,80.965093,95.443573,73.643772,2566,302,2264,10.113525,87.211424,77.322922,96.897888,85.459356,94.867935,80.698487,2033,375,1658,11.149597,80.171391,66.90505,95.410156,77.627503,92.416413,70.791618,3008,499,2509,10.040283,82.828283,70.689655,95.979309,80.58818,94.07846,73.981374,2635,400,2235,10.307312,84.457253,73.096109,96.296692,82.37911,93.864769,76.763679,2427,431,1996,10.719299,85.942553,75.350233,96.617126,84.037187,94.374043,78.894063,2217,404,1813,10.957336,71.817384,56.027397,94.122314,68.776401,96.652225,57.136205,3852,170,3682,7.748413,82.769791,70.604491,96.104431,80.636525,98.474386,71.385332,2553,95,2458,9.501648,87.269589,77.414415,96.84906,85.478776,92.753243,82.398137,2065,553,1512,11.643982,87.338912,77.523582,96.836853,85.536588,91.866889,83.236321,2073,633,1440,11.875916
test_21_5.png,8754,13.357544,15,AEGIS-CD,AEGIS-CD,87.552223,77.860342,85.637603,2175,1,0.0,0.854649,3.262463,True,89.843643,primary_best_F1;has_change_gt;low_false_alarm_tendency,87.552223,77.860342,96.681213,85.637603,87.72795,87.377199,2175,1070,1105,13.304138,83.764035,72.063784,95.829773,81.376095,87.263275,80.534613,2733,1029,1704,12.327576,85.579788,74.794292,96.307373,83.466911,89.449427,82.031072,2420,847,1573,12.249756,85.862089,75.226617,96.330261,83.755636,88.446167,83.42472,2405,954,1451,12.599182,83.874886,72.228033,95.948792,81.568899,89.5474,78.878227,2655,806,1849,11.766052,79.822616,66.420664,95.140076,77.097308,89.603186,71.967101,3185,731,2454,10.728455,86.697575,76.518728,96.585083,84.742392,90.371747,83.310487,2238,777,1461,12.313843,84.538668,73.218165,96.0495,82.2795,88.574646,80.854467,2589,913,1676,12.193298,83.553805,71.753144,95.921326,81.241626,90.545406,77.564542,2673,709,1964,11.442566,85.212854,74.235537,96.194458,83.032712,88.584813,82.088188,2494,926,1568,12.37793,85.743393,75.044582,96.369934,83.669342,90.18026,81.722641,2379,779,1600,12.104797,84.193978,72.70259,96.011353,81.920666,89.439877,79.529358,2614,822,1792,11.877441,85.255066,74.299635,96.136475,83.033043,86.956522,83.618917,2532,1098,1434,12.844849,85.309078,74.381718,96.253967,83.167962,89.581501,81.425634,2455,829,1626,12.141418,80.648812,67.572693,95.303345,78.00696,89.681208,73.269363,3078,738,2340,10.913086
test_19_9.png,3969,6.056213,15,AEGIS-CD,AEGIS-CD,86.332698,75.952096,85.526808,1004,1,0.0,0.606727,9.054892,True,88.493341,primary_best_F1;has_change_gt;low_false_alarm_tendency,86.332698,75.952096,98.468018,85.526808,93.899911,79.89418,1004,206,798,5.152893,84.489314,73.144154,98.194885,83.532684,88.080919,81.179138,1183,436,747,5.581665,78.497791,64.606061,97.772217,77.358403,94.470046,67.145377,1460,156,1304,4.304504,76.604872,62.080954,97.669983,75.438963,97.732604,62.988158,1527,58,1469,3.903198,75.98729,61.273792,97.57843,74.766394,95.113636,63.265306,1587,129,1458,4.02832,75.767008,60.987831,97.505188,74.495036,92.008639,64.399093,1635,222,1413,4.238892,74.912093,59.887558,97.496033,73.657463,95.25661,61.728395,1641,122,1519,3.924561,75.098814,60.126582,97.40448,73.767579,89.622642,64.62585,1701,297,1404,4.367065,77.78103,63.640719,97.683716,76.592934,92.80475,66.943815,1518,206,1312,4.368591,77.656227,63.473787,97.724915,76.50296,95.821006,65.280927,1491,113,1378,4.125977,76.228344,61.587884,97.445679,74.90174,87.34136,67.624087,1674,389,1285,4.689026,71.861241,56.0808,96.781921,70.160935,76.375496,67.850844,2109,833,1276,5.380249,85.725971,75.017895,98.402405,84.885877,93.404635,79.213908,1047,222,825,5.136108,72.52142,56.889102,97.259521,71.148937,92.325672,59.712774,1796,197,1599,3.916931,78.757876,64.959169,97.839355,77.663247,97.330367,66.137566,1416,72,1344,4.115295
test_37_6.png,13360,20.385742,15,AEGIS-CD,AEGIS-CD,87.416367,77.645716,84.234684,3329,1,0.0,0.064725,1.867584,True,87.776531,primary_best_F1;has_change_gt;low_false_alarm_tendency,87.416367,77.645716,94.920349,84.234684,88.300878,86.549401,3329,1532,1797,19.981384,86.089451,75.576364,94.229126,82.450213,84.632629,87.597305,3782,2125,1657,21.099854,84.909065,73.775632,93.618774,80.869584,81.974638,88.061377,4182,2587,1595,21.899414,86.069429,75.545508,94.30542,82.490702,85.845123,86.29491,3732,1901,1831,20.492554,84.642912,73.374695,93.844604,80.795247,86.124884,83.211078,4034,1791,2243,19.696045,82.514618,70.233944,92.835999,78.009902,82.114002,82.919162,4695,2413,2282,20.585632,87.351642,77.543644,94.975281,84.219264,89.712032,85.112275,3293,1304,1989,19.340515,85.129934,74.109764,93.809509,81.223144,83.408748,86.923653,4057,2310,1747,21.244812,86.84891,76.754816,94.567871,83.42662,85.740336,87.986527,3560,1955,1605,20.9198,84.664549,73.407221,93.885803,80.848725,86.623855,82.791916,4007,1708,2299,19.483948,85.712101,74.996655,94.297791,82.152314,87.604533,83.899701,3737,1586,2151,19.523621,85.561737,74.766721,94.099426,81.853797,85.360948,85.763473,3867,1965,1902,20.481873,86.857018,76.767482,94.47937,83.366661,84.380294,89.483533,3618,2213,1405,21.618652,86.661527,76.462585,94.720459,83.374135,89.348172,84.131737,3460,1340,2120,19.195557,84.670081,73.415538,93.650818,80.667612,83.370819,86.010479,4161,2292,1869,21.031189
test_93_9.png,645,0.984192,15,AEGIS-CD,AEGIS-CD,84.201077,72.713178,84.069057,176,1,0.0,0.208271,12.933243,True,85.41683,primary_best_F1;has_change_gt;low_false_alarm_tendency,84.201077,72.713178,99.731445,84.069057,100.0,72.713178,176,0,176,0.715637,81.868132,69.302326,99.697876,81.72085,100.0,69.302326,198,0,198,0.682068,83.468835,71.627907,99.720764,83.331907,100.0,71.627907,183,0,183,0.704956,81.427264,68.67284,99.690247,81.2762,99.330357,68.992248,203,3,200,0.683594,0.0,0.0,99.015808,0.0,0.0,0.0,645,0,645,0.0,82.513661,70.232558,99.707031,82.370493,100.0,70.232558,192,0,192,0.691223,80.333952,67.131783,99.676514,80.177225,100.0,67.131783,212,0,212,0.660706,42.105263,26.666667,99.278259,41.864351,100.0,26.666667,473,0,473,0.262451,82.833787,70.697674,99.711609,82.692691,100.0,70.697674,189,0,189,0.695801,78.071834,64.031008,99.645996,77.902038,100.0,64.031008,232,0,232,0.630188,82.513661,70.232558,99.707031,82.370493,100.0,70.232558,192,0,192,0.691223,55.865922,38.75969,99.397278,55.621919,100.0,38.75969,395,0,395,0.38147,80.886427,67.906977,99.684143,80.733047,100.0,67.906977,207,0,207,0.668335,81.868132,69.302326,99.697876,81.72085,100.0,69.302326,198,0,198,0.682068,83.992806,72.403101,99.728394,83.859379,100.0,72.403101,178,0,178,0.712585
test_111_12.png,3186,4.86145,15,AEGIS-CD,AEGIS-CD,62.790211,45.762195,61.542783,1779,1,0.0,0.9265,30.690243,True,65.636284,primary_best_F1;has_change_gt;low_false_alarm_tendency,62.790211,45.762195,97.285461,61.542783,94.106583,47.112367,1779,94,1685,2.433777,61.863711,44.784547,97.164917,60.535862,89.383155,47.300691,1858,179,1679,2.572632,44.486512,28.606208,96.420288,43.125644,90.384615,29.50408,2346,100,2246,1.586914,40.108268,25.084641,96.286011,38.823208,92.824601,25.580665,2434,63,2371,1.339722,0.0,0.0,95.13855,0.0,0.0,0.0,3186,0,3186,0.0,33.990895,20.47532,96.017456,32.720308,87.5,21.092279,2610,96,2514,1.171875,54.309979,37.277762,96.716309,52.825877,83.923885,40.144382,2152,245,1907,2.325439,12.780858,6.826683,95.439148,12.180389,90.871369,6.873823,2989,22,2967,0.367737,10.861002,5.742339,95.166016,9.954459,52.445652,6.057753,3168,175,2993,0.561523,26.977248,15.591735,95.88623,25.991039,98.418972,15.630885,2696,8,2688,0.772095,60.077821,42.936596,96.868896,58.545576,79.0174,48.462021,2052,410,1642,2.981567,0.0,0.0,95.13855,0.0,0.0,0.0,3186,0,3186,0.0,44.808999,28.873452,96.406555,43.415205,88.436633,30.006277,2355,125,2230,1.649475,56.104901,38.99014,96.884155,54.717439,89.017735,40.960452,2042,161,1881,2.236938,3.029366,1.537979,95.213318,2.886346,100.0,1.537979,3137,0,3137,0.074768
test_25_2.png,470,0.717163,15,AEGIS-CD,AEGIS-CD,0.847458,0.425532,0.841431,468,1,0.0,0.847458,0.847458,True,3.328231,primary_best_F1;has_change_gt;low_false_alarm_tendency,0.847458,0.425532,99.285889,0.841431,100.0,0.425532,468,0,468,0.003052,0.0,0.0,99.282837,0.0,0.0,0.0,470,0,470,0.0,0.0,0.0,99.282837,0.0,0.0,0.0,470,0,470,0.0,0.0,0.0,99.282837,0.0,0.0,0.0,470,0,470,0.0,0.0,0.0,99.282837,0.0,0.0,0.0,470,0,470,0.0,0.0,0.0,99.282837,0.0,0.0,0.0,470,0,470,0.0,0.0,0.0,99.282837,0.0,0.0,0.0,470,0,470,0.0,0.0,0.0,99.282837,0.0,0.0,0.0,470,0,470,0.0,0.0,0.0,99.282837,0.0,0.0,0.0,470,0,470,0.0,0.0,0.0,99.282837,0.0,0.0,0.0,470,0,470,0.0,0.0,0.0,99.282837,0.0,0.0,0.0,470,0,470,0.0,0.0,0.0,98.995972,-0.411494,0.0,0.0,658,188,470,0.286865,0.0,0.0,99.282837,0.0,0.0,0.0,470,0,470,0.0,0.0,0.0,99.282837,0.0,0.0,0.0,470,0,470,0.0,0.0,0.0,99.282837,0.0,0.0,0.0,470,0,470,0.0
test_32_9.png,667,1.017761,15,AEGIS-CD,AEGIS-CD,0.0,0.0,0.0,667,1,0.0,0.0,0.0,True,0.800888,primary_best_F1;has_change_gt;low_false_alarm_tendency,0.0,0.0,98.982239,0.0,0.0,0.0,667,0,667,0.0,0.0,0.0,98.982239,0.0,0.0,0.0,667,0,667,0.0,0.0,0.0,98.982239,0.0,0.0,0.0,667,0,667,0.0,0.0,0.0,98.982239,0.0,0.0,0.0,667,0,667,0.0,0.0,0.0,98.982239,0.0,0.0,0.0,667,0,667,0.0,0.0,0.0,98.982239,0.0,0.0,0.0,667,0,667,0.0,0.0,0.0,98.982239,0.0,0.0,0.0,667,0,667,0.0,0.0,0.0,98.982239,0.0,0.0,0.0,667,0,667,0.0,0.0,0.0,98.982239,0.0,0.0,0.0,667,0,667,0.0,0.0,0.0,98.982239,0.0,0.0,0.0,667,0,667,0.0,0.0,0.0,98.982239,0.0,0.0,0.0,667,0,667,0.0,0.0,0.0,98.982239,0.0,0.0,0.0,667,0,667,0.0,0.0,0.0,98.982239,0.0,0.0,0.0,667,0,667,0.0,0.0,0.0,98.982239,0.0,0.0,0.0,667,0,667,0.0,0.0,0.0,97.412109,-1.250439,0.0,0.0,1696,1029,667,1.570129
test_79_5.png,292,0.445557,15,AEGIS-CD,AEGIS-CD,0.0,0.0,0.0,292,1,0.0,0.0,0.0,True,0.772278,primary_best_F1;has_change_gt;low_false_alarm_tendency,0.0,0.0,99.554443,0.0,0.0,0.0,292,0,292,0.0,0.0,0.0,99.554443,0.0,0.0,0.0,292,0,292,0.0,0.0,0.0,99.554443,0.0,0.0,0.0,292,0,292,0.0,0.0,0.0,99.554443,0.0,0.0,0.0,292,0,292,0.0,0.0,0.0,99.554443,0.0,0.0,0.0,292,0,292,0.0,0.0,0.0,99.554443,0.0,0.0,0.0,292,0,292,0.0,0.0,0.0,99.554443,0.0,0.0,0.0,292,0,292,0.0,0.0,0.0,99.554443,0.0,0.0,0.0,292,0,292,0.0,0.0,0.0,99.554443,0.0,0.0,0.0,292,0,292,0.0,0.0,0.0,99.554443,0.0,0.0,0.0,292,0,292,0.0,0.0,0.0,99.554443,0.0,0.0,0.0,292,0,292,0.0,0.0,0.0,99.406433,-0.2227,0.0,0.0,389,97,292,0.14801,0.0,0.0,99.554443,0.0,0.0,0.0,292,0,292,0.0,0.0,0.0,99.554443,0.0,0.0,0.0,292,0,292,0.0,0.0,0.0,99.554443,0.0,0.0,0.0,292,0,292,0.0
