sample,GT_change_pixels,GT_change_ratio_percent,available_method_count,best_method_by_F1,primary_method,primary_F1_percent,primary_IoU_percent,primary_Kappa_percent,primary_Error_pixels,primary_rank_by_F1,primary_margin_to_best_F1,primary_margin_to_second_F1,primary_mean_F1_advantage,primary_wins_all_available,recommendation_score,selection_reason,AEGIS-CD_F1_percent,AEGIS-CD_IoU_percent,AEGIS-CD_OA_percent,AEGIS-CD_Kappa_percent,AEGIS-CD_Precision_percent,AEGIS-CD_Recall_percent,AEGIS-CD_Error_pixels,AEGIS-CD_FP,AEGIS-CD_FN,AEGIS-CD_Pred_change_ratio_percent,RS-Mamba_F1_percent,RS-Mamba_IoU_percent,RS-Mamba_OA_percent,RS-Mamba_Kappa_percent,RS-Mamba_Precision_percent,RS-Mamba_Recall_percent,RS-Mamba_Error_pixels,RS-Mamba_FP,RS-Mamba_FN,RS-Mamba_Pred_change_ratio_percent,CDMamba_F1_percent,CDMamba_IoU_percent,CDMamba_OA_percent,CDMamba_Kappa_percent,CDMamba_Precision_percent,CDMamba_Recall_percent,CDMamba_Error_pixels,CDMamba_FP,CDMamba_FN,CDMamba_Pred_change_ratio_percent,ChangeMamba-tiny_F1_percent,ChangeMamba-tiny_IoU_percent,ChangeMamba-tiny_OA_percent,ChangeMamba-tiny_Kappa_percent,ChangeMamba-tiny_Precision_percent,ChangeMamba-tiny_Recall_percent,ChangeMamba-tiny_Error_pixels,ChangeMamba-tiny_FP,ChangeMamba-tiny_FN,ChangeMamba-tiny_Pred_change_ratio_percent,DSIFN_F1_percent,DSIFN_IoU_percent,DSIFN_OA_percent,DSIFN_Kappa_percent,DSIFN_Precision_percent,DSIFN_Recall_percent,DSIFN_Error_pixels,DSIFN_FP,DSIFN_FN,DSIFN_Pred_change_ratio_percent,SNUNet_F1_percent,SNUNet_IoU_percent,SNUNet_OA_percent,SNUNet_Kappa_percent,SNUNet_Precision_percent,SNUNet_Recall_percent,SNUNet_Error_pixels,SNUNet_FP,SNUNet_FN,SNUNet_Pred_change_ratio_percent,Change3D_F1_percent,Change3D_IoU_percent,Change3D_OA_percent,Change3D_Kappa_percent,Change3D_Precision_percent,Change3D_Recall_percent,Change3D_Error_pixels,Change3D_FP,Change3D_FN,Change3D_Pred_change_ratio_percent,BIT_F1_percent,BIT_IoU_percent,BIT_OA_percent,BIT_Kappa_percent,BIT_Precision_percent,BIT_Recall_percent,BIT_Error_pixels,BIT_FP,BIT_FN,BIT_Pred_change_ratio_percent,ELGC-Net_F1_percent,ELGC-Net_IoU_percent,ELGC-Net_OA_percent,ELGC-Net_Kappa_percent,ELGC-Net_Precision_percent,ELGC-Net_Recall_percent,ELGC-Net_Error_pixels,ELGC-Net_FP,ELGC-Net_FN,ELGC-Net_Pred_change_ratio_percent,BiFA_F1_percent,BiFA_IoU_percent,BiFA_OA_percent,BiFA_Kappa_percent,BiFA_Precision_percent,BiFA_Recall_percent,BiFA_Error_pixels,BiFA_FP,BiFA_FN,BiFA_Pred_change_ratio_percent,MaskCD_F1_percent,MaskCD_IoU_percent,MaskCD_OA_percent,MaskCD_Kappa_percent,MaskCD_Precision_percent,MaskCD_Recall_percent,MaskCD_Error_pixels,MaskCD_FP,MaskCD_FN,MaskCD_Pred_change_ratio_percent,ChangeRD_F1_percent,ChangeRD_IoU_percent,ChangeRD_OA_percent,ChangeRD_Kappa_percent,ChangeRD_Precision_percent,ChangeRD_Recall_percent,ChangeRD_Error_pixels,ChangeRD_FP,ChangeRD_FN,ChangeRD_Pred_change_ratio_percent,CAIFNet_F1_percent,CAIFNet_IoU_percent,CAIFNet_OA_percent,CAIFNet_Kappa_percent,CAIFNet_Precision_percent,CAIFNet_Recall_percent,CAIFNet_Error_pixels,CAIFNet_FP,CAIFNet_FN,CAIFNet_Pred_change_ratio_percent,WDMF-Net_F1_percent,WDMF-Net_IoU_percent,WDMF-Net_OA_percent,WDMF-Net_Kappa_percent,WDMF-Net_Precision_percent,WDMF-Net_Recall_percent,WDMF-Net_Error_pixels,WDMF-Net_FP,WDMF-Net_FN,WDMF-Net_Pred_change_ratio_percent,MambaFedCD_F1_percent,MambaFedCD_IoU_percent,MambaFedCD_OA_percent,MambaFedCD_Kappa_percent,MambaFedCD_Precision_percent,MambaFedCD_Recall_percent,MambaFedCD_Error_pixels,MambaFedCD_FP,MambaFedCD_FN,MambaFedCD_Pred_change_ratio_percent
test_00639.jpg,99,0.151062,15,AEGIS-CD,AEGIS-CD,56.521739,39.393939,56.484584,60,1,0.0,42.771739,55.539596,True,142.82277,primary_best_F1;clear_margin_ge_2pct;has_change_gt;low_false_alarm_tendency,56.521739,39.393939,99.908447,56.484584,100.0,39.393939,60,0,60,0.059509,0.0,0.0,99.848938,0.0,0.0,0.0,99,0,99,0.0,0.0,0.0,99.803162,-0.070311,0.0,0.0,129,30,99,0.045776,0.0,0.0,99.848938,0.0,0.0,0.0,99,0,99,0.0,0.0,0.0,99.848938,0.0,0.0,0.0,99,0,99,0.0,0.0,0.0,99.827576,-0.037445,0.0,0.0,113,14,99,0.021362,0.0,0.0,99.848938,0.0,0.0,0.0,99,0,99,0.0,0.0,0.0,99.848938,0.0,0.0,0.0,99,0,99,0.0,0.0,0.0,99.848938,0.0,0.0,0.0,99,0,99,0.0,0.0,0.0,99.848938,0.0,0.0,0.0,99,0,99,0.0,13.75,7.38255,99.789429,13.650539,18.032787,11.111111,138,50,88,0.093079,0.0,0.0,99.848938,0.0,0.0,0.0,99,0,99,0.0,0.0,0.0,99.848938,0.0,0.0,0.0,99,0,99,0.0,0.0,0.0,99.848938,0.0,0.0,0.0,99,0,99,0.0,0.0,0.0,99.848938,0.0,0.0,0.0,99,0,99,0.0
test_02714.jpg,47,0.071716,15,AEGIS-CD,AEGIS-CD,88.372093,79.166667,88.364525,10,1,0.0,23.583361,83.744326,True,136.2924,primary_best_F1;clear_margin_ge_2pct;has_change_gt;low_false_alarm_tendency,88.372093,79.166667,99.984741,88.364525,97.435897,80.851064,10,1,9,0.059509,0.0,0.0,99.928284,0.0,0.0,0.0,47,0,47,0.0,0.0,0.0,99.928284,0.0,0.0,0.0,47,0,47,0.0,0.0,0.0,99.928284,0.0,0.0,0.0,47,0,47,0.0,0.0,0.0,99.928284,0.0,0.0,0.0,47,0,47,0.0,0.0,0.0,99.798584,-0.092447,0.0,0.0,132,85,47,0.1297,0.0,0.0,99.928284,0.0,0.0,0.0,47,0,47,0.0,0.0,0.0,99.928284,0.0,0.0,0.0,47,0,47,0.0,0.0,0.0,99.928284,0.0,0.0,0.0,47,0,47,0.0,0.0,0.0,99.928284,0.0,0.0,0.0,47,0,47,0.0,64.788732,47.916667,99.923706,64.754912,48.421053,97.87234,50,49,1,0.144958,0.0,0.0,99.919128,-0.01624,0.0,0.0,53,6,47,0.009155,0.0,0.0,99.928284,0.0,0.0,0.0,47,0,47,0.0,0.0,0.0,98.680115,-0.135823,0.0,0.0,865,818,47,1.248169,0.0,0.0,99.928284,0.0,0.0,0.0,47,0,47,0.0
test_00176.jpg,218,0.332642,15,AEGIS-CD,AEGIS-CD,89.956332,81.746032,89.921195,46,1,0.0,22.73411,56.63175,True,136.191183,primary_best_F1;clear_margin_ge_2pct;has_change_gt,89.956332,81.746032,99.92981,89.921195,85.833333,94.495413,46,34,12,0.366211,67.222222,50.627615,99.819946,67.135981,85.211268,55.504587,118,21,97,0.216675,35.636364,21.681416,99.729919,35.547487,85.964912,22.477064,177,8,169,0.086975,5.357143,2.752294,99.676514,5.340274,100.0,2.752294,212,0,212,0.009155,22.48996,12.669683,99.705505,22.425708,90.322581,12.844037,193,3,190,0.047302,52.20339,35.321101,99.784851,52.120247,100.0,35.321101,141,0,141,0.117493,62.536873,45.493562,99.806213,62.447701,87.603306,48.623853,127,15,112,0.184631,0.0,0.0,99.667358,0.0,0.0,0.0,218,0,218,0.0,50.684932,33.944954,99.780273,50.601646,100.0,33.944954,144,0,144,0.112915,34.285714,20.689655,99.719238,34.188766,77.419355,22.018349,184,14,170,0.094604,25.876011,14.860681,99.580383,25.672083,31.372549,22.018349,275,105,170,0.233459,0.0,0.0,99.403381,-0.295227,0.0,0.0,391,173,218,0.263977,56.774194,39.63964,99.795532,56.68868,95.652174,40.366972,134,4,130,0.140381,52.564103,35.652174,99.77417,52.468832,87.234043,37.614679,148,12,136,0.143433,0.913242,0.458716,99.668884,0.910232,100.0,0.458716,217,0,217,0.001526
test_02400.jpg,757,1.15509,15,AEGIS-CD,AEGIS-CD,81.886792,69.329073,81.664882,288,1,0.0,23.378465,43.033496,True,129.451477,primary_best_F1;clear_margin_ge_2pct;has_change_gt,81.886792,69.329073,99.560547,81.664882,78.151261,85.997358,288,182,106,1.271057,57.122905,39.98045,99.06311,56.650856,60.592593,54.029062,614,266,348,1.029968,38.909674,24.153948,98.25592,38.057664,32.675045,48.084544,1143,750,393,1.699829,14.285714,7.692308,98.919678,14.119982,85.507246,7.793923,708,10,698,0.105286,13.519814,7.25,98.301697,12.689176,16.415094,11.492734,1113,443,670,0.808716,41.323972,26.042984,99.107361,40.995843,85.833333,27.212682,585,34,551,0.366211,56.093979,38.979592,99.087524,55.638752,63.140496,50.462351,598,223,375,0.923157,8.312343,4.336399,98.88916,8.213531,89.189189,4.359313,728,4,724,0.056458,42.264914,26.794872,99.128723,41.950329,90.086207,27.608983,571,23,548,0.354004,52.246256,35.36036,99.124146,51.834311,70.561798,41.479524,574,131,443,0.679016,53.681392,36.688015,98.944092,53.147448,54.409769,52.972259,692,336,356,1.124573,5.56962,2.864583,98.861694,5.478406,66.666667,2.906209,746,11,735,0.050354,58.508327,41.351075,99.125671,58.070649,64.74359,53.36856,573,220,353,0.952148,49.860982,33.209877,99.1745,49.512917,83.540373,35.535007,541,53,488,0.491333,52.246256,35.36036,99.124146,51.834311,70.561798,41.479524,574,131,443,0.679016
test_02876.jpg,92,0.140381,15,AEGIS-CD,AEGIS-CD,70.422535,54.347826,70.393266,42,1,0.0,25.044384,67.181239,True,121.268322,primary_best_F1;clear_margin_ge_2pct;has_change_gt;low_false_alarm_tendency,70.422535,54.347826,99.935913,70.393266,100.0,54.347826,42,0,42,0.076294,0.0,0.0,99.859619,0.0,0.0,0.0,92,0,92,0.0,0.0,0.0,99.859619,0.0,0.0,0.0,92,0,92,0.0,0.0,0.0,99.859619,0.0,0.0,0.0,92,0,92,0.0,0.0,0.0,99.859619,0.0,0.0,0.0,92,0,92,0.0,0.0,0.0,99.859619,0.0,0.0,0.0,92,0,92,0.0,0.0,0.0,99.859619,0.0,0.0,0.0,92,0,92,0.0,0.0,0.0,99.859619,0.0,0.0,0.0,92,0,92,0.0,45.378151,29.347826,99.900818,45.343334,100.0,29.347826,65,0,65,0.041199,0.0,0.0,99.859619,0.0,0.0,0.0,92,0,92,0.0,0.0,0.0,99.859619,0.0,0.0,0.0,92,0,92,0.0,0.0,0.0,99.859619,0.0,0.0,0.0,92,0,92,0.0,0.0,0.0,99.859619,0.0,0.0,0.0,92,0,92,0.0,0.0,0.0,99.859619,0.0,0.0,0.0,92,0,92,0.0,0.0,0.0,99.859619,0.0,0.0,0.0,92,0,92,0.0
test_00116.jpg,523,0.798035,15,AEGIS-CD,AEGIS-CD,87.400881,77.621283,87.29151,143,1,0.0,16.106965,56.985419,True,120.404713,primary_best_F1;clear_margin_ge_2pct;has_change_gt,87.400881,77.621283,99.781799,87.29151,81.045752,94.837476,143,116,27,0.933838,18.042813,9.915966,99.182129,17.779954,45.038168,11.281071,536,72,464,0.19989,55.26057,38.179348,99.305725,54.911005,56.882591,53.728489,455,213,242,0.753784,0.0,0.0,99.201965,0.0,0.0,0.0,523,0,523,0.0,0.0,0.0,99.050903,-0.254684,0.0,0.0,622,99,523,0.151062,0.0,0.0,99.153137,-0.09211,0.0,0.0,555,32,523,0.048828,59.782609,42.635659,99.435425,59.503695,69.269521,52.581262,370,122,248,0.605774,0.0,0.0,99.134827,-0.124011,0.0,0.0,567,44,523,0.067139,57.71028,40.558292,99.447632,57.446063,74.174174,47.227533,362,86,276,0.508118,35.497835,21.578947,99.317932,35.244296,72.352941,23.518164,447,47,400,0.259399,71.293916,55.39281,99.488831,71.038832,64.596273,79.541109,335,228,107,0.982666,11.420205,6.055901,99.076843,11.087766,24.375,7.456979,605,121,484,0.244141,33.43465,20.072993,99.331665,33.215959,81.481481,21.032505,438,25,413,0.205994,28.892456,16.885553,99.324036,28.709817,90.0,17.208413,443,10,433,0.152588,54.481132,37.439222,99.411011,54.200979,71.076923,44.16826,386,94,292,0.495911
test_01438.jpg,278,0.424194,15,AEGIS-CD,AEGIS-CD,72.687225,57.093426,72.597099,124,1,0.0,22.32543,60.755772,True,118.109295,primary_best_F1;clear_margin_ge_2pct;has_change_gt;low_false_alarm_tendency,72.687225,57.093426,99.810791,72.597099,93.75,59.352518,124,11,113,0.268555,41.142857,25.899281,99.685669,41.039957,100.0,25.899281,206,0,206,0.109863,4.181185,2.135231,99.580383,4.155686,66.666667,2.158273,275,3,272,0.013733,0.0,0.0,99.575806,0.0,0.0,0.0,278,0,278,0.0,0.0,0.0,99.575806,0.0,0.0,0.0,278,0,278,0.0,14.507772,7.821229,99.49646,14.304354,25.925926,10.071942,330,80,250,0.164795,0.0,0.0,99.575806,0.0,0.0,0.0,278,0,278,0.0,0.0,0.0,99.575806,0.0,0.0,0.0,278,0,278,0.0,10.135135,5.338078,99.594116,10.088749,83.333333,5.395683,266,3,263,0.027466,20.125786,11.188811,99.612427,20.040457,80.0,11.510791,254,8,246,0.061035,50.361795,33.655706,99.476624,50.108812,42.130751,62.589928,343,239,104,0.630188,0.0,0.0,99.575806,0.0,0.0,0.0,278,0,278,0.0,25.157233,14.388489,99.455261,24.891393,30.150754,21.582734,357,139,218,0.30365,0.0,0.0,99.569702,-0.012035,0.0,0.0,282,4,278,0.006104,1.428571,0.719424,99.578857,1.422598,100.0,0.719424,276,0,276,0.003052
test_00306.jpg,118,0.180054,15,AEGIS-CD,AEGIS-CD,88.549618,79.452055,88.526911,30,1,0.0,14.010873,73.789094,True,117.330367,primary_best_F1;clear_margin_ge_2pct;has_change_gt,88.549618,79.452055,99.954224,88.526911,80.555556,98.305085,30,28,2,0.219727,48.826291,32.298137,99.833679,48.743968,54.736842,44.067797,109,43,66,0.144958,0.0,0.0,99.819946,0.0,0.0,0.0,118,0,118,0.0,0.0,0.0,99.819946,0.0,0.0,0.0,118,0,118,0.0,0.0,0.0,99.819946,0.0,0.0,0.0,118,0,118,0.0,0.0,0.0,99.819946,0.0,0.0,0.0,118,0,118,0.0,74.538745,59.411765,99.894714,74.486875,66.013072,85.59322,69,52,17,0.233459,0.0,0.0,99.819946,0.0,0.0,0.0,118,0,118,0.0,3.333333,1.694915,99.822998,3.327531,100.0,1.694915,116,0,116,0.003052,12.698413,6.779661,99.832153,12.678448,100.0,6.779661,110,0,110,0.012207,0.0,0.0,99.635315,-0.182647,0.0,0.0,239,121,118,0.184631,0.0,0.0,99.819946,0.0,0.0,0.0,118,0,118,0.0,3.157895,1.604278,99.719238,3.025562,4.166667,2.542373,184,69,115,0.109863,0.0,0.0,99.819946,0.0,0.0,0.0,118,0,118,0.0,64.092664,47.159091,99.858093,64.022132,58.865248,70.338983,93,58,35,0.215149
test_01217.jpg,145,0.221252,15,AEGIS-CD,AEGIS-CD,89.726027,81.36646,89.703089,30,1,0.0,11.993234,69.801187,True,114.473558,primary_best_F1;clear_margin_ge_2pct;has_change_gt,89.726027,81.36646,99.954224,89.703089,89.115646,90.344828,30,16,14,0.224304,72.156863,56.441718,99.891663,72.103613,83.636364,63.448276,71,18,53,0.167847,0.0,0.0,99.778748,0.0,0.0,0.0,145,0,145,0.0,0.0,0.0,99.768066,-0.020383,0.0,0.0,152,7,145,0.010681,0.0,0.0,99.778748,0.0,0.0,0.0,145,0,145,0.0,65.612648,48.823529,99.867249,65.547569,76.851852,57.241379,87,25,62,0.164795,77.732794,63.576159,99.916077,77.692029,94.117647,66.206897,55,6,49,0.15564,0.0,0.0,99.769592,-0.017586,0.0,0.0,151,6,145,0.009155,0.0,0.0,99.778748,0.0,0.0,0.0,145,0,145,0.0,22.459893,12.650602,99.778748,22.382752,50.0,14.482759,145,21,124,0.064087,35.616438,21.666667,99.784851,35.520026,52.702703,26.896552,141,35,106,0.112915,0.0,0.0,99.778748,0.0,0.0,0.0,145,0,145,0.0,0.0,0.0,99.778748,0.0,0.0,0.0,145,0,145,0.0,0.0,0.0,99.778748,0.0,0.0,0.0,145,0,145,0.0,5.369128,2.758621,99.784851,5.357885,100.0,2.758621,141,0,141,0.006104
test_00792.jpg,1568,2.392578,15,AEGIS-CD,AEGIS-CD,94.523077,89.614936,94.383996,178,1,0.0,7.976124,17.246624,True,111.344953,primary_best_F1;clear_margin_ge_2pct;has_change_gt,94.523077,89.614936,99.728394,94.383996,91.319857,97.959184,178,146,32,2.566528,81.516588,68.8,99.107361,81.059263,80.776456,82.270408,585,307,278,2.436829,79.909561,66.541151,99.050903,79.423615,80.955497,78.890306,622,291,331,2.331543,73.469388,58.064516,98.968506,72.971951,95.510204,59.693878,676,44,632,1.495361,64.985531,48.132272,98.707581,64.386002,92.361927,50.127551,847,65,782,1.298523,76.179337,61.523929,99.067688,75.727885,97.993982,62.308673,611,20,591,1.521301,85.549484,74.748011,99.273682,85.177842,81.633835,89.859694,476,317,159,2.633667,74.682599,59.594756,98.965454,74.170295,90.09009,63.77551,678,110,568,1.693726,86.296959,75.89679,99.415588,86.002926,98.288509,76.913265,383,21,362,1.872253,79.105572,65.433596,99.130249,78.671593,93.017241,68.813776,570,81,489,1.77002,79.899857,66.527695,99.142456,79.468357,90.960912,71.237245,562,111,451,1.873779,42.633823,27.092113,98.152161,41.918928,82.872928,28.69898,1211,93,1118,0.828552,86.546953,76.28438,99.302673,86.191182,80.371788,93.75,457,359,98,2.790833,86.220472,75.778547,99.252319,85.841715,77.112676,97.767857,490,455,35,3.033447,84.874224,73.723042,99.293518,84.512759,87.006028,82.844388,463,194,269,2.278137
test_01162.jpg,300,0.457764,15,AEGIS-CD,AEGIS-CD,83.171521,71.191136,83.091867,104,1,0.0,13.268608,48.780637,True,110.481626,primary_best_F1;clear_margin_ge_2pct;has_change_gt,83.171521,71.191136,99.841309,83.091867,80.81761,85.666667,104,61,43,0.485229,52.648475,35.729847,99.549866,52.422643,50.773994,54.666667,295,159,136,0.492859,29.55665,17.34104,99.563599,29.387867,56.603774,20.0,286,46,240,0.161743,0.0,0.0,99.542236,0.0,0.0,0.0,300,0,300,0.0,0.0,0.0,99.542236,0.0,0.0,0.0,300,0,300,0.0,19.57672,10.85044,99.536133,19.424498,47.435897,12.333333,304,41,263,0.119019,69.902913,53.731343,99.668884,69.741153,59.857482,84.0,217,169,48,0.642395,30.640669,18.092105,99.620056,30.536151,93.220339,18.333333,249,4,245,0.090027,34.932821,21.162791,99.482727,34.679146,41.176471,30.333333,339,130,209,0.337219,39.29471,24.451411,99.632263,39.158612,80.412371,26.0,241,19,222,0.14801,39.02439,24.242424,99.542236,38.805756,50.0,32.0,300,96,204,0.292969,0.0,0.0,99.542236,0.0,0.0,0.0,300,0,300,0.0,65.142857,48.305085,99.627686,64.95954,57.0,76.0,244,172,72,0.610352,47.715736,31.333333,99.685669,47.601284,100.0,31.333333,206,0,206,0.143433,53.036437,36.088154,99.645996,52.866976,67.525773,43.666667,232,63,169,0.296021
test_02285.jpg,650,0.991821,15,AEGIS-CD,AEGIS-CD,93.040293,86.986301,92.967219,95,1,0.0,8.022372,34.863494,True,109.884628,primary_best_F1;clear_margin_ge_2pct;has_change_gt,93.040293,86.986301,99.855042,92.967219,88.811189,97.692308,95,80,15,1.091003,72.352941,56.682028,99.42627,72.063638,69.295775,75.692308,376,218,158,1.083374,52.054795,35.185185,99.252319,51.706098,71.505376,40.923077,490,106,384,0.567627,55.263158,38.181818,99.377441,55.006758,96.183206,38.769231,408,10,398,0.39978,0.0,0.0,99.008179,0.0,0.0,0.0,650,0,650,0.0,46.8849,30.62069,99.232483,46.552395,74.747475,34.153846,503,75,428,0.453186,85.017921,73.94015,99.681091,84.857507,79.597315,91.230769,209,152,57,1.13678,54.831933,37.771346,99.343872,54.545906,86.423841,40.153846,430,41,389,0.460815,74.249318,59.044863,99.568176,74.038923,90.868597,62.769231,283,41,242,0.68512,83.22884,71.275168,99.673462,83.064025,84.824281,81.692308,214,95,119,0.9552,78.704342,64.886364,99.528503,78.468565,71.285893,87.846154,309,230,79,1.222229,2.919708,1.481481,98.985291,2.821213,28.571429,1.538462,665,25,640,0.053406,68.164062,51.703704,99.502563,67.93173,93.315508,53.692308,326,25,301,0.570679,81.491525,68.764302,99.583435,81.283871,72.848485,92.461538,273,224,49,1.25885,59.311741,42.158273,99.386597,59.033738,86.686391,45.076923,402,45,357,0.515747
test_01303.jpg,7337,11.195374,15,AEGIS-CD,AEGIS-CD,95.339975,91.094928,94.73995,697,1,0.0,6.339216,15.993079,True,108.708638,primary_best_F1;clear_margin_ge_2pct;has_change_gt,95.339975,91.094928,98.936462,94.73995,93.569554,97.178683,697,490,207,11.627197,88.372093,79.166667,97.184753,86.780892,82.192263,95.556767,1845,1519,326,13.015747,69.740988,53.540241,93.992615,66.466645,79.961227,61.837263,3937,1137,2800,8.657837,79.500975,65.976446,95.988464,77.328772,92.893586,69.48344,2629,390,2239,8.374023,66.260616,49.54458,93.998718,63.207642,89.398148,52.637318,3933,458,3475,6.591797,83.793844,72.107922,96.54541,81.865981,88.240615,79.773749,2264,780,1484,10.121155,89.000759,80.181412,97.566223,87.632713,90.075377,87.951479,1595,711,884,10.931396,78.075427,64.035841,95.529175,75.612821,86.560478,71.105356,2930,810,2120,9.196472,87.571956,77.891558,97.43042,86.150021,95.49332,80.864113,1684,280,1404,9.480286,77.229587,62.905699,95.570374,74.837943,90.964523,67.098269,2903,489,2414,8.258057,80.229348,66.985816,95.73822,77.845058,83.460972,77.238653,2793,1123,1670,10.360718,73.723216,58.38224,95.022583,71.074436,90.131968,62.368816,3262,501,2761,7.746887,75.79955,61.030013,94.908142,72.967388,80.99814,71.228022,3337,1226,2111,9.844971,83.74033,72.0287,96.311951,81.660808,82.678002,84.830312,2417,1304,1113,11.486816,77.817847,63.690028,95.588684,75.411697,89.027388,69.115442,2891,625,2266,8.691406
test_02864.jpg,203,0.309753,15,AEGIS-CD,AEGIS-CD,88.546256,79.44664,88.506891,52,1,0.0,9.409565,48.451114,True,108.130873,primary_best_F1;clear_margin_ge_2pct;has_change_gt,88.546256,79.44664,99.920654,88.506891,80.079681,99.014778,52,50,2,0.382996,77.453581,63.203463,99.8703,77.38893,83.908046,71.921182,85,28,57,0.265503,42.635659,27.093596,99.77417,42.5598,100.0,27.093596,148,0,148,0.083923,50.184502,33.497537,99.794006,50.106944,100.0,33.497537,135,0,135,0.10376,6.666667,3.448276,99.700928,6.647389,100.0,3.448276,196,0,196,0.010681,0.0,0.0,99.690247,0.0,0.0,0.0,203,0,203,0.0,70.428894,54.355401,99.80011,70.329312,65.0,76.847291,131,84,47,0.366211,7.582938,3.940887,99.702454,7.561226,100.0,3.940887,195,0,195,0.012207,43.646409,27.915194,99.688721,43.49265,49.685535,38.916256,204,80,124,0.242615,79.136691,65.47619,99.867249,79.07015,77.102804,81.280788,87,49,38,0.326538,33.913043,20.418848,99.072266,33.59242,21.757322,76.847291,608,561,47,1.094055,34.285714,20.689655,99.754333,34.215851,100.0,20.689655,161,0,161,0.064087,32.982456,19.747899,99.708557,32.862788,57.317073,23.152709,191,35,156,0.125122,12.903226,6.896552,99.711609,12.868401,100.0,6.896552,189,0,189,0.021362,69.512195,53.271028,99.847412,69.440045,91.2,56.157635,100,11,89,0.190735
test_02652.jpg,1120,1.708984,15,AEGIS-CD,AEGIS-CD,91.285956,83.968872,91.126352,206,1,0.0,7.915668,36.540353,True,107.952741,primary_best_F1;clear_margin_ge_2pct;has_change_gt,91.285956,83.968872,99.685669,91.126352,86.736334,96.339286,206,165,41,1.898193,74.148472,58.917418,99.09668,73.689003,72.564103,75.803571,592,321,271,1.785278,44.036697,28.235294,98.603821,43.427635,69.902913,32.142857,915,155,760,0.785828,10.118044,5.328597,98.373413,9.946756,90.909091,5.357143,1066,6,1060,0.100708,10.613599,5.604203,98.355103,10.3952,74.418605,5.714286,1078,22,1056,0.131226,58.11365,40.957886,98.908997,57.615477,84.497445,44.285714,715,91,624,0.895691,83.370288,71.48289,99.427795,83.079191,82.819383,83.928571,375,195,180,1.731873,33.546553,20.153715,98.573303,33.079988,82.229965,21.071429,935,51,884,0.437927,70.837989,54.844291,99.203491,70.460069,94.626866,56.607143,522,36,486,1.022339,59.057354,41.901692,98.899841,58.541556,81.123245,46.428571,721,121,600,0.978088,77.029961,62.641243,99.19281,76.619461,74.978867,79.196429,529,296,233,1.805115,22.204848,12.489006,98.48175,21.872879,89.308176,12.678571,995,17,978,0.242615,78.328742,64.377358,99.279785,77.962851,80.623819,76.160714,472,205,267,1.61438,68.115942,51.648352,99.060059,67.65124,81.034483,58.75,616,154,462,1.239014,76.9163,62.491052,99.200439,76.509546,75.913043,77.946429,524,277,247,1.754761
test_01420.jpg,307,0.468445,15,AEGIS-CD,AEGIS-CD,95.527157,91.437309,95.5057,28,1,0.0,5.511309,13.039288,True,107.323196,primary_best_F1;clear_margin_ge_2pct;has_change_gt,95.527157,91.437309,99.957275,95.5057,93.730408,97.394137,28,20,8,0.486755,90.015848,81.84438,99.90387,89.967585,87.654321,92.508143,63,40,23,0.494385,81.324503,68.526786,99.784851,81.2201,68.526786,100.0,141,141,0,0.683594,79.452055,65.909091,99.816895,79.360336,83.754513,75.570033,120,45,75,0.422668,65.836299,49.071618,99.707031,65.690449,72.54902,60.260586,192,70,122,0.389099,84.651163,73.387097,99.848938,84.575434,80.769231,88.925081,99,65,34,0.515747,89.442815,80.901857,99.890137,89.388148,81.333333,99.348534,72,70,2,0.572205,76.551724,62.011173,99.79248,76.447863,81.318681,72.312704,136,51,85,0.416565,88.054608,78.658537,99.893188,88.001085,92.473118,84.039088,70,21,49,0.42572,88.753799,79.781421,99.887085,88.697312,83.190883,95.114007,74,59,15,0.535583,82.647585,70.426829,99.85199,82.573985,91.666667,75.2443,97,21,76,0.384521,78.834951,65.064103,99.833679,78.75456,97.596154,66.123779,109,5,104,0.317383,85.396384,74.514563,99.839783,85.31756,74.514563,100.0,105,105,0,0.628662,79.578393,66.083151,99.763489,79.463814,66.814159,98.371336,155,150,5,0.689697,84.29003,72.845953,99.841309,84.210703,78.591549,90.879479,104,76,28,0.541687
test_00549.jpg,320,0.488281,15,AEGIS-CD,AEGIS-CD,87.319885,77.493606,87.252799,88,1,0.0,9.605599,47.480175,True,107.305497,primary_best_F1;clear_margin_ge_2pct;has_change_gt,87.319885,77.493606,99.865723,87.252799,81.016043,94.6875,88,71,17,0.570679,61.875,44.79638,99.627686,61.687929,61.875,61.875,244,122,122,0.488281,74.594595,59.482759,99.713135,74.452996,65.714286,86.25,188,144,44,0.640869,0.0,0.0,99.511719,0.0,0.0,0.0,320,0,320,0.0,0.0,0.0,99.511719,0.0,0.0,0.0,320,0,320,0.0,0.0,0.0,99.511719,0.0,0.0,0.0,320,0,320,0.0,47.181628,30.874317,99.613953,47.009855,71.069182,35.3125,253,46,207,0.242615,0.0,0.0,99.511719,0.0,0.0,0.0,320,0,320,0.0,77.179963,62.839879,99.812317,77.089056,94.977169,65.0,123,11,112,0.334167,19.786096,10.979228,99.542236,19.672834,68.518519,11.5625,300,17,283,0.082397,47.706422,31.325301,99.304199,47.381137,37.681159,65.0,456,344,112,0.842285,17.114914,9.358289,99.482727,16.938405,39.325843,10.9375,339,54,285,0.135803,63.052782,46.041667,99.604797,62.85563,58.005249,69.0625,259,160,99,0.58136,77.714286,63.551402,99.761963,77.595512,71.578947,85.0,156,108,48,0.579834,71.550256,55.702918,99.745178,71.423319,78.651685,65.625,167,57,110,0.40741
test_01247.jpg,266,0.405884,15,AEGIS-CD,AEGIS-CD,81.326353,68.529412,81.244781,107,1,0.0,12.567437,46.785089,True,107.23152,primary_best_F1;clear_margin_ge_2pct;has_change_gt,81.326353,68.529412,99.836731,81.244781,75.895765,87.593985,107,74,33,0.468445,58.187599,41.03139,99.598694,57.990796,50.413223,68.796992,263,180,83,0.553894,56.559767,39.430894,99.545288,56.34279,46.190476,72.932331,298,226,72,0.640869,16.613419,9.059233,99.601746,16.511651,55.319149,9.774436,261,21,240,0.071716,18.0,9.89011,99.499512,17.776399,26.865672,13.533835,328,98,230,0.204468,48.0,31.578947,99.583435,47.790917,48.648649,47.368421,273,133,140,0.395203,68.758916,52.391304,99.665833,68.600747,55.402299,90.601504,219,194,25,0.663757,27.54491,15.972222,99.630737,27.424965,67.647059,17.293233,242,22,220,0.10376,32.515337,19.413919,99.664307,32.414361,88.333333,19.924812,220,7,213,0.091553,24.824356,14.171123,99.510193,24.593555,32.919255,19.924812,321,108,213,0.245667,48.902821,32.365145,99.502563,48.659818,41.935484,58.646617,326,216,110,0.567627,0.0,0.0,99.594116,0.0,0.0,0.0,266,0,266,0.0,8.247423,4.301075,99.59259,8.18339,48.0,4.511278,267,13,254,0.038147,23.9819,13.624679,99.487305,23.735384,30.113636,19.924812,336,123,213,0.268555,51.441242,34.626866,99.665833,51.279007,62.702703,43.609023,219,69,150,0.282288
test_02207.jpg,1685,2.571106,15,AEGIS-CD,AEGIS-CD,92.384593,85.846995,92.181745,259,1,0.0,6.872225,15.442582,True,107.007599,primary_best_F1;clear_margin_ge_2pct;has_change_gt,92.384593,85.846995,99.604797,92.181745,91.550117,93.234421,259,145,114,2.618408,79.660537,66.196521,98.902893,79.098042,76.108108,83.560831,719,442,277,2.822876,82.491881,70.201005,99.095154,82.027469,82.079906,82.908012,593,305,288,2.597046,64.350572,47.438882,98.622131,63.726112,96.108491,48.367953,903,33,870,1.293945,75.797267,61.027052,98.703003,75.132033,72.851669,78.991098,850,496,354,2.787781,80.157429,66.885605,99.076843,79.690219,89.589443,72.522255,605,142,463,2.081299,85.512367,74.691358,99.249268,85.12704,84.862653,86.172107,492,259,233,2.610779,64.647096,47.761883,98.272705,63.764319,68.226763,61.424332,1132,482,650,2.314758,84.797862,73.607889,99.305725,84.448378,97.018349,75.311573,455,39,416,1.99585,84.387917,72.992299,99.250793,84.006117,90.890411,78.753709,491,133,358,2.227783,83.904707,72.272272,99.154663,83.470834,82.185544,85.697329,554,313,241,2.680969,43.41441,27.725674,98.118591,42.746961,95.748988,28.071217,1233,21,1212,0.753784,80.937411,67.978877,98.982239,80.415303,78.059537,84.035608,667,398,269,2.767944,83.722304,72.002033,99.159241,83.290789,83.352941,84.094955,551,283,268,2.593994,83.406387,71.535983,99.191284,82.993219,88.270378,79.050445,530,177,353,2.302551
test_01837.jpg,150,0.228882,15,AEGIS-CD,AEGIS-CD,83.890578,72.251309,83.850356,53,1,0.0,11.101462,40.862588,True,106.854945,primary_best_F1;clear_margin_ge_2pct;has_change_gt,83.890578,72.251309,99.919128,83.850356,77.094972,92.0,53,41,12,0.273132,57.507987,40.358744,99.797058,57.406449,55.214724,60.0,133,73,60,0.248718,55.367232,38.28125,99.758911,55.249181,48.039216,65.333333,158,106,52,0.311279,6.232295,3.216374,99.494934,5.984803,5.418719,7.333333,331,192,139,0.309753,26.589595,15.333333,99.806213,26.544892,100.0,15.333333,127,0,127,0.035095,24.230769,13.785558,99.398804,23.98317,17.027027,42.0,394,307,87,0.564575,70.322581,54.228856,99.859619,70.252297,68.125,72.666667,92,51,41,0.244141,17.073171,9.333333,99.79248,17.040752,100.0,9.333333,136,0,136,0.021362,36.458333,22.292994,99.813843,36.394642,83.333333,23.333333,122,7,115,0.064087,72.789116,57.219251,99.87793,72.727969,74.305556,71.333333,80,37,43,0.219727,71.957672,56.198347,99.838257,71.88003,59.649123,90.666667,106,92,14,0.3479,0.0,0.0,99.771118,0.0,0.0,0.0,150,0,150,0.0,60.0,42.857143,99.829102,59.914806,64.615385,56.0,112,46,66,0.198364,51.231527,34.437086,99.848938,51.173172,98.113208,34.666667,99,1,98,0.080872,52.631579,35.714286,99.821472,52.546272,67.010309,43.333333,117,32,85,0.14801
test_02622.jpg,556,0.848389,15,AEGIS-CD,AEGIS-CD,90.367776,82.428115,90.283174,110,1,0.0,7.737084,19.35096,True,106.634364,primary_best_F1;clear_margin_ge_2pct;has_change_gt,90.367776,82.428115,99.832153,90.283174,88.054608,92.805755,110,70,40,0.894165,81.677019,69.028871,99.639893,81.498606,71.857923,94.604317,236,206,30,1.116943,74.250441,59.046283,99.554443,74.025804,72.83737,75.719424,292,157,135,0.881958,63.088719,46.08,99.485779,62.842187,80.672269,51.798561,337,69,268,0.544739,70.960452,54.991243,99.607849,70.776114,95.440729,56.47482,257,15,242,0.502014,75.62724,60.806916,99.584961,75.417941,75.357143,75.899281,272,138,134,0.854492,82.630691,70.402299,99.685669,82.472714,77.777778,88.129496,206,140,66,0.961304,75.847893,61.092715,99.641418,75.670975,88.489209,66.366906,235,48,187,0.636292,81.555334,68.855219,99.717712,81.414794,91.498881,73.561151,185,38,147,0.682068,64.478764,47.578348,99.438477,64.197301,69.583333,60.071942,368,146,222,0.732422,78.484848,64.588529,99.56665,78.271458,67.801047,93.165468,284,246,38,1.165771,31.00304,18.345324,99.307251,30.821081,100.0,18.345324,454,0,454,0.15564,64.521193,47.624565,99.310303,64.178645,57.24234,73.920863,452,307,145,1.095581,73.919308,58.628571,99.447632,73.651319,61.658654,92.266187,362,319,43,1.269531,76.190476,61.538462,99.649048,76.017765,89.756098,66.18705,230,42,188,0.62561
test_02246.jpg,659,1.005554,15,AEGIS-CD,AEGIS-CD,83.486889,71.654501,83.307978,233,1,0.0,11.137,38.54373,True,106.561166,primary_best_F1;clear_margin_ge_2pct;has_change_gt,83.486889,71.654501,99.64447,83.307978,78.324468,89.377845,233,163,70,1.147461,64.685908,47.804266,99.365234,64.370211,73.410405,57.814871,416,138,278,0.791931,71.916376,56.147987,99.385071,71.607598,66.494845,78.300455,403,260,143,1.184082,5.555556,2.857143,99.014282,5.486083,76.0,2.883156,646,6,640,0.038147,16.689098,9.104258,99.055481,16.499246,73.809524,9.408194,619,22,597,0.128174,23.230975,13.141994,99.12262,23.045009,96.666667,13.201821,575,3,572,0.137329,72.349889,56.678281,99.430847,72.062506,70.724638,74.051593,373,202,171,1.052856,19.448095,10.77147,99.064636,19.230374,72.54902,11.229135,613,28,585,0.15564,45.637584,29.565217,99.258423,45.348671,86.808511,30.955994,486,31,455,0.358582,59.21681,42.062415,99.34845,58.910578,79.896907,47.040971,427,78,349,0.592041,69.009959,52.683363,99.19281,68.62254,56.20229,89.377845,529,459,70,1.599121,0.0,0.0,98.994446,0.0,0.0,0.0,659,0,659,0.0,46.024322,29.890644,99.119568,45.604754,60.0,37.329287,577,164,413,0.62561,70.498084,54.43787,99.412537,70.201428,71.20743,69.802731,385,186,199,0.985718,64.941569,48.084054,99.359131,64.621453,72.170686,59.028832,420,150,270,0.822449
test_01470.jpg,1052,1.605225,15,AEGIS-CD,AEGIS-CD,87.346135,77.534965,87.147235,257,1,0.0,9.025102,33.625836,True,106.2266,primary_best_F1;clear_margin_ge_2pct;has_change_gt;low_false_alarm_tendency,87.346135,77.534965,99.607849,87.147235,90.602656,84.315589,257,92,165,1.493835,78.321033,64.366945,99.282837,77.956744,76.075269,80.703422,470,267,203,1.702881,53.812224,36.810345,98.881531,53.30687,79.813084,40.589354,733,108,625,0.816345,46.960168,30.684932,98.841858,46.505309,88.654354,31.939163,759,43,716,0.578308,28.614009,16.695652,98.538208,28.115299,66.206897,18.250951,958,98,860,0.442505,56.827048,39.69119,98.986816,56.384576,89.917695,41.539924,664,49,615,0.741577,68.257492,51.811289,99.127197,67.827603,82.0,58.460076,572,135,437,1.144409,39.728097,24.787936,98.782349,39.327935,96.691176,25.0,798,9,789,0.415039,67.696109,51.167134,99.201965,67.328769,96.64903,52.091255,523,19,504,0.865173,50.377488,33.669725,98.89679,49.930668,90.617284,34.885932,723,38,685,0.617981,65.891923,49.133449,99.104309,65.460879,84.753363,53.897338,587,102,485,1.020813,21.854781,12.267958,98.34137,21.238538,44.837758,14.448669,1087,187,900,0.517273,50.931677,34.166667,98.9151,50.496239,92.947103,35.076046,711,28,683,0.605774,60.9375,43.820225,98.931885,60.412674,73.783784,51.901141,700,194,506,1.12915,61.874641,44.796003,98.988342,61.384884,78.311499,51.140684,663,149,514,1.048279
test_01659.jpg,203,0.309753,15,AEGIS-CD,AEGIS-CD,91.725768,84.716157,91.699022,35,1,0.0,6.608275,28.974671,True,105.707806,primary_best_F1;clear_margin_ge_2pct;has_change_gt,91.725768,84.716157,99.946594,91.699022,88.181818,95.566502,35,26,9,0.335693,75.0499,60.063898,99.809265,74.957622,63.087248,92.610837,125,110,15,0.454712,82.352941,70.0,99.867249,82.288397,70.0,100.0,87,87,0,0.442505,42.023346,26.600985,99.772644,41.94778,100.0,26.600985,149,0,149,0.082397,52.898551,35.960591,99.801636,52.821246,100.0,35.960591,130,0,130,0.111389,80.57971,67.475728,99.897766,80.530065,97.887324,68.472906,67,3,64,0.216675,84.597701,73.306773,99.897766,84.546643,79.310345,90.640394,67,48,19,0.354004,0.0,0.0,99.690247,0.0,0.0,0.0,203,0,203,0.0,84.153005,72.641509,99.911499,84.109163,94.478528,75.862069,58,9,49,0.248718,85.117493,74.090909,99.913025,85.074036,90.555556,80.295567,57,17,40,0.274658,83.700441,71.969697,99.887085,83.644422,75.697211,93.596059,74,61,13,0.382996,0.0,0.0,99.690247,0.0,0.0,0.0,203,0,203,0.0,80.778589,67.755102,99.879456,80.718136,79.807692,81.773399,79,42,37,0.317383,80.0,66.666667,99.85199,79.927698,68.794326,95.566502,97,88,9,0.430298,47.263682,30.944625,99.676514,47.101457,47.738693,46.79803,212,104,108,0.30365
test_01311.jpg,1052,1.605225,15,AEGIS-CD,AEGIS-CD,91.206363,83.834281,91.052647,199,1,0.0,6.805249,25.80433,True,105.647123,primary_best_F1;clear_margin_ge_2pct;has_change_gt,91.206363,83.834281,99.69635,91.052647,85.218827,98.098859,199,179,20,1.847839,84.401114,73.012048,99.487305,84.140626,82.486388,86.406844,336,193,143,1.681519,14.134276,7.604563,98.516846,13.939015,100.0,7.604563,972,0,972,0.12207,79.617117,66.136576,99.447632,79.346816,97.651934,67.205323,362,17,345,1.104736,17.835498,9.790875,98.551941,17.599586,100.0,9.790875,949,0,949,0.157166,65.989848,49.242424,99.182129,65.622895,99.236641,49.429658,536,4,532,0.799561,77.437969,63.182674,99.403381,77.149694,98.531571,63.78327,391,10,381,1.039124,77.331887,63.041556,99.362183,77.014948,90.025253,67.775665,418,79,339,1.208496,60.514173,43.383743,99.085999,60.121736,98.709677,43.631179,599,6,593,0.709534,79.620324,66.141002,99.443054,79.346732,96.481732,67.775665,365,26,339,1.127625,83.68568,71.947874,99.375916,83.37593,72.09622,99.714829,409,406,3,2.220154,54.914882,37.850114,98.747253,54.295236,65.019506,47.528517,821,269,552,1.173401,61.21372,44.106464,99.102783,60.828817,100.0,44.106464,588,0,588,0.708008,84.340426,72.921266,99.438477,84.057727,76.348228,94.201521,368,307,61,1.980591,74.591549,59.478886,99.311829,74.254882,91.562932,62.927757,451,61,390,1.10321
test_02899.jpg,94,0.143433,15,AEGIS-CD,AEGIS-CD,91.542289,84.40367,91.529353,17,1,0.0,6.658568,29.01179,True,105.616595,primary_best_F1;clear_margin_ge_2pct;has_change_gt,91.542289,84.40367,99.97406,91.529353,85.981308,97.87234,17,15,2,0.163269,74.137931,58.90411,99.908447,74.093726,62.318841,91.489362,60,52,8,0.210571,78.761062,64.963504,99.926758,78.725416,67.424242,94.680851,48,43,5,0.201416,29.565217,17.346939,99.876404,29.528301,80.952381,18.085106,81,4,77,0.032043,79.812207,66.40625,99.934387,79.7798,71.428571,90.425532,43,34,9,0.18158,78.453039,64.545455,99.940491,78.423288,81.609195,75.531915,39,16,23,0.132751,78.661088,64.827586,99.92218,78.623885,64.827586,100.0,51,51,0,0.221252,13.861386,7.446809,99.867249,13.844257,100.0,7.446809,87,0,87,0.010681,84.883721,73.737374,99.960327,84.864031,93.589744,77.659574,26,5,21,0.119019,56.179775,39.0625,99.880981,56.120373,59.52381,53.191489,78,34,44,0.128174,78.632479,64.788732,99.923706,78.595743,65.714286,97.87234,50,48,2,0.213623,0.0,0.0,99.856567,0.0,0.0,0.0,94,0,94,0.0,68.613139,52.222222,99.868774,68.553878,52.222222,100.0,86,86,0,0.274658,77.824268,63.69863,99.919128,77.785606,64.137931,98.93617,53,52,1,0.221252,76.041667,61.344538,99.92981,76.006535,74.489796,77.659574,46,25,21,0.149536
test_02586.jpg,5636,8.599854,15,AEGIS-CD,AEGIS-CD,97.762137,95.622242,97.555519,248,1,0.0,3.150141,17.898329,True,104.882426,primary_best_F1;clear_margin_ge_2pct;has_change_gt;low_false_alarm_tendency,97.762137,95.622242,99.621582,97.555519,99.467499,96.114265,248,29,219,8.309937,94.611996,89.77492,99.029541,94.079933,90.531777,99.07736,636,584,52,9.411621,88.310249,79.06746,98.068237,87.259284,92.067771,84.84741,1266,412,854,7.925415,87.663466,78.03647,97.941589,86.541745,90.451028,85.042583,1349,506,843,8.085632,0.070947,0.035486,91.403198,0.06485,100.0,0.035486,5634,0,5634,0.003052,94.039007,88.748704,99.006653,93.4978,97.161779,91.110717,651,150,501,8.06427,88.818247,79.885633,97.853088,87.645037,80.437599,99.148332,1407,1359,48,10.600281,76.092154,61.410279,96.643066,74.384824,98.177229,62.118524,2200,65,2135,5.441284,86.920103,76.866097,97.521973,85.564265,79.587021,95.741661,1624,1384,240,10.345459,82.003918,69.497154,97.05658,80.405778,86.464686,77.980837,1929,688,1241,7.756042,91.455972,84.257028,98.504639,90.636855,89.904011,93.062456,980,589,391,8.901978,77.444682,63.191613,96.142578,75.335701,77.889447,77.004968,2528,1232,1296,8.502197,77.007026,62.610915,95.306396,74.465398,66.533196,91.394606,3076,2591,485,11.813354,80.787704,67.767929,96.337891,78.785071,73.599767,89.531583,2400,1810,590,10.461426,92.86784,86.685305,98.83728,92.236973,98.276545,88.023421,762,87,675,7.702637
test_02636.jpg,1410,2.151489,15,AEGIS-CD,AEGIS-CD,92.152918,85.447761,91.970785,234,1,0.0,5.737685,10.026022,True,104.485862,primary_best_F1;clear_margin_ge_2pct;has_change_gt,92.152918,85.447761,99.642944,91.970785,87.40458,97.446809,234,198,36,2.398682,85.828343,75.174825,99.349976,85.497006,80.827068,91.489362,426,306,120,2.435303,86.415233,76.079948,99.433899,86.126472,89.326268,83.687943,371,141,230,2.015686,79.642422,66.171506,99.235535,79.26132,93.244529,69.503546,501,71,430,1.603699,75.032794,60.041987,99.128723,74.613905,97.833523,60.851064,571,19,552,1.338196,81.355932,68.571429,99.295044,81.003635,94.382022,71.489362,462,60,402,1.629639,86.227545,75.789474,99.368286,85.905541,81.203008,91.914894,414,300,114,2.435303,78.218196,64.228146,99.119568,77.77081,83.615819,73.475177,577,203,374,1.890564,83.327279,71.419676,99.299622,82.969793,85.405808,81.347518,459,196,263,2.049255,85.703758,74.983881,99.407959,85.40195,89.187117,82.48227,388,141,247,1.989746,82.795699,70.642202,99.21875,82.397122,78.671775,87.375887,512,334,178,2.389526,78.79046,65.003514,99.240112,78.419493,98.614072,65.602837,498,13,485,1.431274,82.295311,69.916766,99.227905,81.90073,81.21547,83.404255,506,272,234,2.209473,82.311845,69.940637,99.150085,81.881295,74.525589,91.914894,557,443,114,2.653503,81.83172,69.250158,99.255371,81.452582,86.128527,77.943262,488,177,311,1.947021
test_01449.jpg,3526,5.380249,15,AEGIS-CD,AEGIS-CD,93.663019,88.081321,93.28468,469,1,0.0,4.909556,16.614774,True,104.463118,primary_best_F1;clear_margin_ge_2pct;has_change_gt,93.663019,88.081321,99.284363,93.28468,89.445161,98.298355,469,409,60,5.912781,86.946933,76.908071,98.554993,86.182729,84.580316,89.449801,947,575,372,5.690002,82.140232,69.69319,98.146057,81.163896,85.260909,79.239932,1215,483,732,5.000305,66.058906,49.319372,97.045898,64.604594,86.501377,53.431651,1936,294,1642,3.323364,41.459593,26.150805,96.009827,40.101844,98.405951,26.262053,2615,15,2600,1.435852,74.416294,59.256329,97.642517,73.217019,89.415042,63.726602,1545,266,1279,3.834534,88.753463,79.780876,98.760986,88.098217,86.735246,90.867839,812,490,322,5.636597,64.066958,47.131262,97.117615,62.747024,97.284806,47.759501,1889,47,1842,2.641296,87.87451,78.371572,98.820496,87.261951,98.315198,79.438457,773,48,725,4.347229,84.343588,72.925994,98.431396,83.522686,91.085526,78.530913,1028,271,757,4.638672,84.66517,73.408154,98.228455,83.729783,79.233622,90.8962,1161,840,321,6.17218,69.440111,53.186405,97.309875,68.105749,89.300045,56.80658,1763,240,1523,3.422546,83.535724,71.726479,98.220825,82.595344,83.183352,83.891095,1166,598,568,5.426025,80.52752,67.402568,97.792053,79.360423,76.619718,84.85536,1447,913,534,5.958557,84.446423,73.079887,98.400879,83.605462,88.574097,80.68633,1048,367,681,4.901123
test_00708.jpg,1671,2.549744,15,AEGIS-CD,AEGIS-CD,94.943486,90.373726,94.810377,170,1,0.0,4.321034,21.059859,True,104.463042,primary_best_F1;clear_margin_ge_2pct;has_change_gt,94.943486,90.373726,99.740601,94.810377,94.382022,95.51167,170,95,75,2.580261,82.736842,70.556553,99.249268,82.364814,100.0,70.556553,492,0,492,1.799011,3.180212,1.615799,97.491455,3.10164,100.0,1.615799,1644,0,1644,0.041199,57.544757,40.394973,98.480225,56.912559,100.0,40.394973,996,0,996,1.029968,85.001685,73.915592,99.320984,84.659989,97.299383,75.463794,445,35,410,1.977539,50.469799,33.752244,98.310852,49.82411,100.0,33.752244,1107,0,1107,0.860596,86.997636,76.987448,99.412537,86.702204,99.844961,77.079593,385,2,383,1.968384,81.507573,68.787158,99.198914,81.111289,99.058219,69.239976,525,11,514,1.782227,88.734261,79.749851,99.481201,88.471879,99.406088,80.131658,340,8,332,2.055359,79.031092,65.331739,99.11499,78.599054,99.817352,65.409934,580,2,578,1.670837,86.249149,75.822861,99.383545,85.93995,100.0,75.822861,404,0,404,1.933289,87.734584,78.149254,99.441528,87.453051,99.695354,78.336326,366,4,362,2.003479,72.207792,56.504065,98.857117,71.658646,95.019531,58.228606,749,51,698,1.5625,90.622452,82.852883,99.473572,90.353974,83.017928,99.760622,345,341,4,3.063965,82.352941,70.0,99.194336,81.94647,93.26268,73.728306,528,89,439,2.015686
test_01840.jpg,213,0.325012,15,AEGIS-CD,AEGIS-CD,91.266376,83.935743,91.235901,40,1,0.0,6.151072,23.196342,True,104.334769,primary_best_F1;clear_margin_ge_2pct;has_change_gt,91.266376,83.935743,99.938965,91.235901,85.306122,98.122066,40,36,4,0.37384,78.544061,64.66877,99.829102,78.461183,66.343042,96.244131,112,104,8,0.471497,79.607843,66.123779,99.841309,79.530357,68.350168,95.305164,104,94,10,0.453186,70.30303,54.205607,99.850464,70.234432,99.145299,54.460094,98,1,97,0.178528,0.0,0.0,99.674988,0.0,0.0,0.0,213,0,213,0.0,81.662592,69.008264,99.885559,81.605292,85.204082,78.403756,75,29,46,0.299072,85.115304,74.087591,99.891663,85.061561,76.893939,95.305164,71,61,10,0.402832,82.580645,70.32967,99.876404,82.519065,76.190476,90.140845,81,60,21,0.384521,79.320113,65.7277,99.888611,79.266663,100.0,65.7277,73,0,73,0.213623,80.862534,67.873303,99.891663,80.809408,94.936709,70.422535,71,8,63,0.241089,84.415584,73.033708,99.890137,84.360794,78.313253,91.549296,72,54,18,0.379944,0.0,0.0,99.674988,0.0,0.0,0.0,213,0,213,0.0,74.817518,59.766764,99.789429,74.717052,61.19403,96.244131,138,130,8,0.511169,76.660342,62.153846,99.812317,76.569595,64.33121,94.835681,123,112,11,0.479126,79.090909,65.413534,99.859619,79.020554,76.651982,81.690141,92,53,39,0.346375
test_02611.jpg,26,0.039673,15,AEGIS-CD,AEGIS-CD,59.770115,42.622951,59.747721,35,1,0.0,21.795431,54.40897,True,104.112961,primary_best_F1;clear_margin_ge_2pct;has_change_gt,59.770115,42.622951,99.946594,59.747721,42.622951,100.0,35,35,0,0.093079,37.974684,23.4375,99.925232,37.941649,28.301887,57.692308,49,38,11,0.080872,0.0,0.0,99.938965,-0.027779,0.0,0.0,40,14,26,0.021362,0.0,0.0,99.960327,0.0,0.0,0.0,26,0,26,0.0,0.0,0.0,99.960327,0.0,0.0,0.0,26,0,26,0.0,0.0,0.0,99.960327,0.0,0.0,0.0,26,0,26,0.0,0.0,0.0,99.960327,0.0,0.0,0.0,26,0,26,0.0,0.0,0.0,99.960327,0.0,0.0,0.0,26,0,26,0.0,0.0,0.0,99.960327,0.0,0.0,0.0,26,0,26,0.0,31.818182,18.918919,99.954224,31.796043,38.888889,26.923077,30,11,19,0.027466,5.263158,2.702703,99.945068,5.239414,8.333333,3.846154,36,11,25,0.018311,0.0,0.0,99.960327,0.0,0.0,0.0,26,0,26,0.0,0.0,0.0,99.960327,0.0,0.0,0.0,26,0,26,0.0,0.0,0.0,99.960327,0.0,0.0,0.0,26,0,26,0.0,0.0,0.0,99.960327,0.0,0.0,0.0,26,0,26,0.0
test_00151.jpg,1141,1.741028,15,AEGIS-CD,AEGIS-CD,97.100822,94.365013,97.048796,67,1,0.0,2.988231,9.966786,True,103.914335,primary_best_F1;clear_margin_ge_2pct;has_change_gt,97.100822,94.365013,99.897766,97.048796,95.897436,98.334794,67,48,19,1.785278,91.914894,85.03937,99.710083,91.767415,89.330025,94.653812,190,129,61,1.844788,92.719964,86.427977,99.751282,92.593491,94.535519,90.972831,163,60,103,1.675415,90.702087,82.986111,99.700928,90.551159,98.862461,83.786152,196,11,185,1.475525,79.219409,65.58952,99.398804,78.927219,99.470199,65.819457,394,4,390,1.152039,92.914798,86.767169,99.758911,92.792235,95.13315,90.797546,158,53,105,1.661682,93.89313,88.489209,99.780273,93.781372,90.96138,97.020158,144,110,34,1.856995,85.125628,74.103237,99.54834,84.901328,99.764429,74.233129,296,2,294,1.295471,94.045534,88.760331,99.79248,93.939934,93.963255,94.127958,136,69,67,1.74408,90.348171,82.395498,99.665833,90.17815,90.868794,89.833479,219,103,116,1.721191,90.992113,83.472963,99.668884,90.823933,86.435331,96.056091,217,172,45,1.934814,39.645345,24.723539,98.545837,39.0567,71.461187,27.432077,953,125,828,0.668335,90.39398,82.471729,99.668884,90.225536,91.323792,89.48291,217,97,120,1.705933,94.112591,88.87987,99.790955,94.00622,92.32715,95.968449,137,91,46,1.809692,93.848858,88.410596,99.786377,93.740159,94.096916,93.602103,140,67,73,1.731873
test_02826.jpg,1160,1.77002,15,AEGIS-CD,AEGIS-CD,92.184369,85.501859,92.033469,195,1,0.0,5.358972,34.514275,True,103.740814,primary_best_F1;clear_margin_ge_2pct;has_change_gt,92.184369,85.501859,99.702454,92.033469,86.142322,99.137931,195,185,10,2.037048,57.454545,40.306122,98.571777,56.730441,60.769231,54.482759,936,408,528,1.586914,69.230769,52.941176,98.925781,68.684226,70.212766,68.275862,704,336,368,1.721191,0.0,0.0,98.22998,0.0,0.0,0.0,1160,0,1160,0.0,25.272611,14.464023,96.444702,23.573632,20.122574,33.965517,2330,1564,766,2.987671,40.504732,25.39557,98.561096,39.934578,75.529412,27.672414,943,104,839,0.648499,86.825397,76.718093,99.493408,86.568794,80.441176,94.310345,332,266,66,2.075195,56.534595,39.40643,98.878479,56.04599,90.018832,41.206897,735,53,682,0.810242,68.006518,51.522634,99.101257,67.582009,91.923642,53.965517,589,55,534,1.039124,72.68019,57.084746,99.034119,72.188559,72.774417,72.586207,633,315,318,1.765442,74.958949,59.947472,99.069214,74.485838,71.551724,78.706897,610,363,247,1.947021,44.738425,28.814872,98.597717,44.140313,73.956262,32.068966,919,131,788,0.767517,70.192308,54.074074,98.959351,69.662844,71.187943,69.224138,682,325,357,1.721191,81.390906,68.621134,99.256897,81.016766,73.095402,91.810345,487,392,95,2.223206,59.591373,42.44139,98.913574,59.096656,87.209302,45.258621,712,77,635,0.918579
test_01633.jpg,3072,4.6875,15,AEGIS-CD,AEGIS-CD,97.645363,95.399061,97.527633,147,1,0.0,2.514873,9.111227,True,103.659483,primary_best_F1;clear_margin_ge_2pct;has_change_gt,97.645363,95.399061,99.775696,97.527633,96.121097,99.21875,147,123,24,4.838562,94.995249,90.467572,99.517822,94.742151,92.504627,97.623698,316,243,73,4.946899,90.572279,82.769045,99.130249,90.1165,92.06456,89.127604,570,236,334,4.537964,91.860465,84.946237,99.273682,91.481365,96.757925,87.434896,476,90,386,4.23584,82.101653,69.637662,98.248291,81.182449,78.785159,85.709635,1148,709,439,5.099487,89.693493,81.312967,99.12262,89.240207,99.800558,81.445312,575,5,570,3.825378,95.13049,90.713202,99.533081,94.885402,93.057285,97.298177,306,223,83,4.901123,84.508076,73.172282,98.712158,83.847663,96.885522,74.934896,844,74,770,3.625488,94.375107,89.349304,99.497986,94.113075,99.387829,89.84375,329,17,312,4.237366,84.471118,73.116883,98.736572,83.82852,99.646018,73.307292,828,8,820,3.448486,90.48103,82.616765,99.142456,90.03281,94.314972,86.946615,562,161,401,4.321289,63.764914,46.80506,97.497559,62.63971,99.243466,46.972656,1640,11,1629,2.218628,93.273828,87.39546,99.356079,92.935835,91.380387,95.247396,422,276,146,4.885864,92.190042,85.511621,99.267578,91.805815,92.160052,92.220052,480,241,239,4.690552,92.060161,85.288399,99.307251,91.700088,99.470899,85.677083,454,14,440,4.037476
test_02510.jpg,1992,3.039551,15,AEGIS-CD,AEGIS-CD,93.416149,87.645688,93.207587,265,1,0.0,4.639933,13.283344,True,103.597993,primary_best_F1;clear_margin_ge_2pct;has_change_gt,93.416149,87.645688,99.595642,93.207587,92.474176,94.37751,265,153,112,3.102112,88.776216,79.817654,99.256897,88.394603,82.062207,96.686747,487,421,66,3.581238,78.441128,64.529332,98.809814,77.835581,87.269373,71.23494,780,207,573,2.481079,76.997873,62.598814,98.84491,76.432368,97.536567,63.604418,757,32,725,1.982117,57.383374,40.236104,98.146057,56.588236,95.227008,41.064257,1215,41,1174,1.31073,81.630342,68.962219,99.009705,81.129997,93.5756,72.389558,649,99,550,2.351379,85.48218,74.645309,99.154663,85.047706,89.41886,81.87751,554,193,361,2.783203,68.260727,51.815017,98.521423,67.575715,98.209237,52.309237,969,19,950,1.618958,85.334088,74.419753,99.209595,84.934774,97.857143,75.65261,518,33,485,2.349854,87.832601,78.304929,99.281311,87.462646,90.473656,85.341365,471,179,292,2.867126,85.953404,75.366918,99.052429,85.468037,78.22149,95.381526,621,529,92,3.70636,76.038531,61.340457,98.7854,75.4408,94.962406,63.403614,796,67,729,2.029419,79.481193,65.949204,98.79303,78.860138,82.232958,76.907631,791,331,460,2.842712,86.700183,76.522791,99.111938,86.244628,79.572148,95.230924,582,487,95,3.637695,83.547431,71.743742,98.983765,83.023256,82.247082,84.889558,666,365,301,3.137207
test_00977.jpg,1599,2.43988,15,AEGIS-CD,AEGIS-CD,92.831754,86.622443,92.642782,242,1,0.0,4.90176,19.306151,True,103.507267,primary_best_F1;clear_margin_ge_2pct;has_change_gt,92.831754,86.622443,99.630737,92.642782,88.18233,97.998749,242,210,32,2.711487,80.806142,67.793881,99.084473,80.337449,82.711198,78.986867,600,264,336,2.330017,86.658196,76.457399,99.359131,86.329961,88.056811,85.303315,420,185,235,2.363586,63.157895,46.153846,98.643494,62.541273,93.611794,47.654784,889,52,837,1.242065,29.98944,17.639752,97.976685,29.453252,96.271186,17.761101,1326,11,1315,0.450134,67.938931,51.445087,98.718262,67.317434,87.169442,55.659787,840,131,709,1.557922,87.929994,78.459882,99.389648,87.617296,84.956268,91.11945,400,258,142,2.616882,48.847059,32.316314,98.34137,48.221636,98.669202,32.457786,1087,7,1080,0.802612,86.27727,75.866337,99.404907,85.978005,98.632341,76.672921,390,17,373,1.896667,72.727273,57.142857,98.864746,72.165142,87.865368,62.038774,744,137,607,1.722717,79.189353,65.548322,98.950195,78.651458,76.684241,81.863665,688,398,290,2.604675,72.5,56.862745,98.892212,71.960469,91.930836,59.849906,726,84,642,1.58844,84.905073,73.769605,99.259949,84.525758,84.510533,85.303315,485,250,235,2.462769,83.865087,72.213501,99.189758,83.449872,81.560284,86.30394,531,312,219,2.581787,84.56673,73.260274,99.255371,84.185262,85.540627,83.614759,488,226,262,2.384949
test_00472.jpg,91,0.138855,15,AEGIS-CD,AEGIS-CD,60.130719,42.990654,60.085801,61,1,0.0,21.09168,53.171033,True,103.071022,primary_best_F1;clear_margin_ge_2pct;has_change_gt;low_false_alarm_tendency,60.130719,42.990654,99.906921,60.085801,74.193548,50.549451,61,16,45,0.094604,0.0,0.0,99.861145,0.0,0.0,0.0,91,0,91,0.0,23.75,13.475177,99.813843,23.658572,27.536232,20.879121,122,50,72,0.105286,0.0,0.0,99.861145,0.0,0.0,0.0,91,0,91,0.0,0.0,0.0,99.861145,0.0,0.0,0.0,91,0,91,0.0,0.0,0.0,99.861145,0.0,0.0,0.0,91,0,91,0.0,39.039039,24.253731,99.690247,38.915759,26.859504,71.428571,203,177,26,0.369263,0.0,0.0,99.861145,0.0,0.0,0.0,91,0,91,0.0,6.578947,3.401361,99.783325,6.474714,8.196721,5.494505,142,56,86,0.093079,11.538462,6.122449,99.859619,11.507743,46.153846,6.593407,92,7,85,0.019836,8.108108,4.225352,99.79248,8.009719,10.526316,6.593407,136,51,85,0.086975,0.0,0.0,99.861145,0.0,0.0,0.0,91,0,91,0.0,0.0,0.0,99.687195,-0.154673,0.0,0.0,205,114,91,0.17395,8.421053,4.395604,99.867249,8.410343,100.0,4.395604,87,0,87,0.006104,0.0,0.0,99.861145,0.0,0.0,0.0,91,0,91,0.0
test_01332.jpg,73,0.111389,15,AEGIS-CD,AEGIS-CD,95.238095,90.909091,95.232749,7,1,0.0,3.457273,45.197354,True,102.908211,primary_best_F1;clear_margin_ge_2pct;has_change_gt,95.238095,90.909091,99.989319,95.232749,94.594595,95.890411,7,4,3,0.112915,91.780822,84.810127,99.981689,91.771656,91.780822,91.780822,12,6,6,0.111389,85.271318,74.324324,99.971008,85.25706,98.214286,75.342466,19,1,18,0.085449,0.0,0.0,99.888611,0.0,0.0,0.0,73,0,73,0.0,0.0,0.0,99.888611,0.0,0.0,0.0,73,0,73,0.0,26.190476,15.068493,99.905396,26.168937,100.0,15.068493,62,0,62,0.016785,0.0,0.0,99.888611,0.0,0.0,0.0,73,0,73,0.0,56.862745,39.726027,99.932861,56.835405,100.0,39.726027,44,0,44,0.04425,49.484536,32.876712,99.925232,49.456676,100.0,32.876712,49,0,49,0.036621,83.75,72.043011,99.960327,83.730292,77.011494,91.780822,26,20,6,0.132751,88.484848,79.347826,99.971008,88.470527,79.347826,100.0,19,19,0,0.140381,0.0,0.0,99.888611,0.0,0.0,0.0,73,0,73,0.0,91.666667,84.615385,99.981689,91.657503,92.957746,90.410959,12,5,7,0.108337,62.264151,45.205479,99.938965,62.237961,100.0,45.205479,40,0,40,0.050354,64.814815,47.945205,99.942017,64.789394,100.0,47.945205,38,0,38,0.053406
test_02127.jpg,737,1.124573,15,AEGIS-CD,AEGIS-CD,96.276236,92.819843,96.233796,55,1,0.0,2.875949,10.218667,True,102.834362,primary_best_F1;clear_margin_ge_2pct;has_change_gt,96.276236,92.819843,99.916077,96.233796,96.081081,96.472185,55,29,26,1.12915,88.300836,79.052369,99.743652,88.171334,90.701001,86.024423,168,65,103,1.066589,86.986778,76.970443,99.714661,86.842624,89.285714,84.803256,187,75,112,1.068115,88.825623,79.897567,99.760437,88.704839,93.413174,84.667571,157,44,113,1.019287,58.53211,41.374838,99.310303,58.227845,90.368272,43.283582,452,34,418,0.538635,90.405666,82.491187,99.772644,90.290927,86.029412,95.251018,149,114,35,1.245117,91.677337,84.63357,99.801636,91.577281,86.787879,97.150611,130,109,21,1.25885,80.982567,68.04261,99.633789,80.802948,97.333333,69.335142,240,14,226,0.801086,93.400287,87.617766,99.859619,93.329578,99.086758,88.331072,92,6,86,1.002502,83.435583,71.578947,99.629211,83.248094,83.835616,83.039349,243,118,125,1.113892,87.206966,77.315914,99.708557,87.05959,86.111111,88.331072,191,105,86,1.153564,89.761571,81.424936,99.777222,89.649085,92.888244,86.838535,146,49,97,1.051331,84.217687,72.737955,99.645996,84.038679,84.447476,83.989145,232,114,118,1.118469,88.663711,79.63595,99.726868,88.526098,83.135392,94.979647,179,142,37,1.28479,92.409241,85.889571,99.824524,92.320543,89.974293,94.979647,115,78,37,1.187134
test_01240.jpg,1098,1.675415,15,AEGIS-CD,AEGIS-CD,91.391863,84.148265,91.236294,201,1,0.0,5.168356,20.716044,True,102.562346,primary_best_F1;clear_margin_ge_2pct;has_change_gt,91.391863,84.148265,99.693298,91.236294,86.257074,97.176685,201,170,31,1.887512,79.6875,66.233766,99.285889,79.324869,76.119403,83.606557,468,288,180,1.84021,82.212495,69.797297,99.317932,81.870434,73.003534,94.080146,447,382,65,2.159119,54.511041,37.467476,98.899841,54.037832,88.706366,39.344262,721,55,666,0.743103,28.59025,16.679477,98.345947,27.92201,51.666667,19.763206,1084,203,881,0.640869,76.065229,61.375212,99.305725,75.721587,90.03736,65.846995,455,80,375,1.225281,85.17499,74.178082,99.424744,84.887239,74.948097,98.63388,377,362,15,2.204895,47.501542,31.148867,98.701477,46.927772,73.613767,35.063752,851,138,713,0.798035,86.223507,75.783235,99.563599,86.002547,91.513292,81.51184,286,83,203,1.49231,73.507853,58.112583,99.227905,73.125008,86.453202,63.934426,506,110,396,1.239014,79.8627,66.47619,99.194336,79.462711,68.700787,95.355191,528,477,51,2.325439,76.690212,62.193126,99.295044,76.336558,85.972851,69.216758,462,124,338,1.348877,67.949725,51.457466,98.754883,67.327065,59.737569,78.779599,816,583,233,2.209473,75.484414,60.622463,99.111938,75.034782,70.219436,81.602914,582,380,202,1.947021,76.0,61.290323,99.230957,75.610047,79.640719,72.677596,504,204,300,1.528931
test_00717.jpg,807,1.231384,15,AEGIS-CD,AEGIS-CD,91.9233,85.053763,91.816262,139,1,0.0,4.686896,19.769362,True,102.108662,primary_best_F1;clear_margin_ge_2pct;has_change_gt,91.9233,85.053763,99.787903,91.816262,86.54267,98.017348,139,123,16,1.394653,78.390805,64.461248,99.42627,78.101625,73.097535,84.510533,376,251,125,1.423645,74.377942,59.207709,99.41864,74.086096,81.323529,68.525403,381,127,254,1.037598,54.99573,37.926973,99.195862,54.648546,88.461538,39.900867,527,42,485,0.55542,52.430556,35.529412,99.163818,52.077101,87.536232,37.422553,548,43,505,0.526428,70.9062,54.926108,99.441528,70.647038,98.891353,55.266419,366,5,361,0.688171,87.236404,77.362205,99.649048,87.060445,78.994975,97.39777,230,209,21,1.51825,51.368049,34.56057,99.159241,51.020976,89.263804,36.05948,551,35,516,0.497437,81.084939,68.187275,99.595642,80.88535,95.622896,70.384139,265,26,239,0.906372,77.970813,63.895216,99.516296,77.729933,88.765823,69.516729,317,71,246,0.964355,81.66287,69.008662,99.508667,81.415518,75.553214,88.847584,322,232,90,1.448059,58.151261,40.995261,99.240112,57.816901,90.339426,42.874845,498,37,461,0.584412,86.292655,75.890132,99.638367,86.110242,80.911063,92.44114,237,176,61,1.40686,74.862385,59.824047,99.372864,74.544909,73.913043,75.836431,411,216,195,1.263428,80.424528,67.258383,99.493408,80.16852,76.715411,84.510533,332,207,125,1.356506
test_02300.jpg,978,1.49231,15,AEGIS-CD,AEGIS-CD,93.138686,87.15847,93.029656,141,1,0.0,4.058807,9.743151,True,102.080917,primary_best_F1;clear_margin_ge_2pct;has_change_gt,93.138686,87.15847,99.784851,93.029656,88.857939,97.852761,141,120,21,1.643372,89.079879,80.309936,99.67041,88.91258,88.1,90.0818,216,119,97,1.525879,76.930843,62.510254,99.302673,76.576886,75.972084,77.91411,457,241,216,1.530457,80.161943,66.891892,99.476624,79.901388,92.276964,70.858896,343,58,285,1.145935,84.116095,72.586521,99.54071,83.883326,86.91385,81.492843,301,120,181,1.399231,83.250961,71.30762,99.534607,83.016301,89.916963,77.505112,305,85,220,1.286316,87.689203,78.077269,99.627686,87.50022,86.553785,88.854806,244,135,109,1.531982,69.857697,53.677932,99.28894,69.523508,95.070423,55.214724,466,28,438,0.866699,86.711712,76.540755,99.639893,86.531085,96.491228,78.732106,236,28,208,1.217651,88.325409,79.091769,99.662781,88.154521,91.36612,85.480573,221,79,142,1.396179,88.930937,80.068143,99.642944,88.750512,82.746479,96.114519,234,196,38,1.733398,84.878049,73.728814,99.57428,84.662942,90.311419,80.06135,279,84,195,1.322937,85.019455,73.94247,99.530029,84.781299,81.076067,89.366053,308,204,104,1.644897,84.440316,73.07074,99.488831,84.182674,77.361702,92.944785,335,266,69,1.792908,78.144989,64.129484,99.37439,77.828228,81.625835,74.948875,410,165,245,1.370239
test_00554.jpg,2253,3.437805,15,AEGIS-CD,AEGIS-CD,94.226626,89.083503,94.01484,268,1,0.0,3.465536,10.852034,True,102.079588,primary_best_F1;clear_margin_ge_2pct;has_change_gt,94.226626,89.083503,99.591064,94.01484,91.544579,97.070573,268,202,66,3.645325,86.324111,75.938804,98.944092,85.7818,77.805486,96.937417,692,623,69,4.283142,87.516199,77.803379,99.118042,87.059412,85.233488,89.924545,578,351,227,3.627014,85.373682,74.48,99.026489,84.870737,88.288288,82.645362,638,247,391,3.218079,52.116836,35.2419,97.773743,51.243274,100.0,35.2419,1459,0,1459,1.211548,85.672798,74.936494,99.09668,85.21038,94.199042,78.561917,592,109,483,2.867126,90.761091,83.084948,99.307251,90.403801,83.803082,98.979139,454,431,23,4.060364,81.63732,68.972179,98.774719,81.004141,84.198113,79.227696,803,335,468,3.234863,88.580032,79.50104,99.247742,88.191864,92.635659,84.864625,493,152,341,3.149414,85.34279,74.43299,99.053955,84.856143,91.299949,80.115402,620,172,448,3.016663,81.614008,68.938907,98.526001,80.862431,71.442852,95.162006,966,857,109,4.579163,81.809872,69.218871,98.7854,81.18217,84.314649,79.449623,796,333,463,3.239441,87.170335,77.258348,99.012756,86.663012,78.781362,97.55881,647,592,55,4.257202,85.894654,75.276625,98.908997,85.334485,77.308239,96.62672,715,639,76,4.296875,87.43057,77.668129,99.067688,86.949141,81.480061,94.318686,611,483,128,3.979492
test_02478.jpg,519,0.791931,15,AEGIS-CD,AEGIS-CD,87.773723,78.211382,87.670918,134,1,0.0,6.754824,40.204912,True,102.072967,primary_best_F1;clear_margin_ge_2pct;has_change_gt,87.773723,78.211382,99.795532,87.670918,83.362218,92.678227,134,96,38,0.880432,63.99287,47.051114,99.383545,63.683739,59.535655,69.171484,404,244,160,0.920105,73.0131,57.496561,99.528503,72.77737,66.773163,80.539499,309,208,101,0.9552,0.0,0.0,99.191284,-0.032883,0.0,0.0,530,11,519,0.016785,0.0,0.0,99.208069,0.0,0.0,0.0,519,0,519,0.0,52.669903,35.749588,99.404907,52.390789,71.147541,41.811175,390,88,302,0.465393,80.762852,67.732962,99.645996,80.587705,70.887918,93.834297,232,200,32,1.048279,0.0,0.0,99.208069,0.0,0.0,0.0,519,0,519,0.0,72.727273,57.142857,99.6521,72.562489,95.899054,58.574181,228,13,215,0.483704,24.077047,13.686131,99.278259,23.875774,72.115385,14.450867,473,29,444,0.158691,81.018899,68.093923,99.647522,80.844892,70.630372,94.990366,231,205,26,1.065063,4.240283,2.166065,99.172974,4.114172,25.531915,2.312139,542,35,507,0.071716,59.507042,42.35589,99.298096,59.155679,54.781199,65.125241,460,279,181,0.941467,74.892704,59.862779,99.642944,74.71524,84.503632,67.244701,234,64,170,0.630188,79.061372,65.373134,99.645996,78.883579,74.363328,84.393064,232,151,81,0.898743
test_02187.jpg,952,1.452637,15,AEGIS-CD,AEGIS-CD,94.78481,90.086622,94.70513,103,1,0.0,3.221024,8.476535,True,102.04949,primary_best_F1;clear_margin_ge_2pct;has_change_gt,94.78481,90.086622,99.842834,94.70513,91.495601,98.319328,103,87,16,1.560974,86.552567,76.293103,99.580383,86.340463,80.969808,92.962185,275,208,67,1.667786,83.81295,72.136223,99.450684,83.539433,73.27044,97.89916,360,340,20,1.940918,80.873672,67.888999,99.505615,80.627141,92.318059,71.953782,324,57,267,1.132202,83.192805,71.222329,99.543762,82.962705,89.480048,77.731092,299,87,212,1.261902,88.099085,78.729548,99.662781,87.928163,90.38674,85.92437,221,87,134,1.38092,91.563786,84.440228,99.749756,91.436835,89.717742,93.487395,164,102,62,1.513672,87.83126,78.302797,99.656677,87.657299,90.523969,85.294118,225,85,140,1.368713,89.248555,80.584551,99.716187,89.106224,99.228792,81.092437,186,6,180,1.187134,90.826153,83.194058,99.723816,90.686125,87.757101,94.117647,181,125,56,1.557922,86.11898,75.621891,99.551392,85.893357,78.216123,95.798319,294,254,40,1.779175,85.82996,75.177305,99.62616,85.642507,95.495495,77.941176,245,35,210,1.185608,85.935085,75.338753,99.583435,85.72375,84.327604,87.605042,273,155,118,1.509094,82.649007,70.428894,99.40033,82.351782,71.287129,98.319328,393,377,16,2.003479,85.781991,75.103734,99.542236,85.551617,78.151986,95.063025,300,253,47,1.766968
test_01353.jpg,3292,5.023193,15,AEGIS-CD,AEGIS-CD,96.113913,92.518561,95.903305,262,1,0.0,2.430993,8.241002,True,101.97474,primary_best_F1;clear_margin_ge_2pct;has_change_gt,96.113913,92.518561,99.60022,95.903305,93.913043,98.420413,262,210,52,5.264282,92.414592,85.898816,99.200439,91.993549,88.274336,96.962333,524,424,100,5.517578,79.277401,65.669065,98.179626,78.345929,92.576065,69.319563,1193,183,1010,3.761292,86.616202,76.392045,98.731995,85.953221,92.18375,81.682868,831,228,603,4.450989,74.724872,59.648609,97.897339,73.677163,94.305556,61.877278,1378,123,1255,3.295898,93.682919,88.116527,99.371338,93.35216,94.582043,92.800729,412,175,237,4.928589,93.352273,87.533298,99.285889,92.976623,87.673426,99.81774,468,462,6,5.718994,77.353317,63.070045,98.109436,76.409388,97.108765,64.277035,1239,63,1176,3.32489,87.480786,77.74742,98.881531,86.904894,99.921966,77.794654,733,2,731,3.910828,90.467883,82.594845,99.082947,89.987176,94.656489,86.634265,601,161,440,4.597473,92.131617,85.411141,99.160767,91.689941,87.074094,97.81288,550,478,72,5.6427,87.6181,77.964602,98.860168,87.025908,96.424663,80.285541,747,98,649,4.182434,89.997198,81.813551,98.910522,89.424754,83.515341,97.569866,714,634,80,5.86853,92.281056,85.668363,99.183655,91.851235,87.881286,97.144593,535,441,94,5.552673,92.822532,86.606386,99.276733,92.441715,92.542271,93.104496,474,247,227,5.053711
test_02430.jpg,588,0.897217,15,AEGIS-CD,AEGIS-CD,98.062342,96.198347,98.044636,23,1,0.0,1.481858,13.683064,True,101.820919,primary_best_F1;has_change_gt,98.062342,96.198347,99.964905,98.044636,97.161937,98.979592,23,17,6,0.914001,92.169217,85.475793,99.867249,92.102505,97.89675,87.07483,87,11,76,0.798035,87.019231,77.021277,99.752808,86.894866,82.272727,92.346939,162,117,45,1.00708,93.106535,87.102178,99.882507,93.047451,98.298677,88.435374,77,9,68,0.80719,87.421945,77.654517,99.784851,87.313706,91.932458,83.333333,141,43,98,0.813293,92.888499,86.721311,99.876404,92.826225,96.00726,89.965986,81,22,59,0.840759,94.264339,89.150943,99.894714,94.211236,92.195122,96.428571,69,48,21,0.938416,86.844368,76.74772,99.766541,86.726608,87.826087,85.884354,153,70,83,0.87738,95.280499,90.986395,99.919128,95.239805,100.0,90.986395,53,0,53,0.816345,82.738095,70.558376,99.734497,82.608059,99.285714,70.918367,174,3,171,0.640869,96.134454,92.556634,99.92981,96.099042,95.016611,97.278912,46,30,16,0.918579,0.0,0.0,99.102783,0.0,0.0,0.0,588,0,588,0.0,85.099602,74.0638,99.714661,84.956129,80.05997,90.816327,187,133,54,1.017761,96.580484,93.387097,99.937439,96.548926,94.762684,98.469388,41,32,9,0.932312,91.762622,84.779051,99.858093,91.691177,95.748614,88.095238,93,23,70,0.8255
test_02185.jpg,2227,3.398132,15,AEGIS-CD,AEGIS-CD,95.033615,90.53719,94.852749,229,1,0.0,2.921546,7.992175,True,101.796614,primary_best_F1;clear_margin_ge_2pct;has_change_gt,95.033615,90.53719,99.650574,94.852749,91.904362,98.383476,229,193,36,3.637695,89.295478,80.661094,99.223328,88.894199,83.97943,95.33004,509,405,104,3.857422,92.112069,85.377547,99.441528,91.823068,88.561956,95.958689,366,276,90,3.681946,87.155963,77.235772,99.188232,86.73929,94.255875,81.050741,532,110,422,2.922058,69.91275,53.742968,98.368835,69.129755,93.665158,55.770094,1069,84,985,2.023315,87.174447,77.264808,99.203491,86.767205,96.256104,79.658734,522,69,453,2.812195,89.241906,80.573711,99.183655,88.822438,80.808449,99.640772,535,527,8,4.190063,83.70261,71.972904,98.989868,83.186399,92.643052,76.335878,662,135,527,2.799988,91.330308,84.043956,99.446106,91.045424,97.55102,85.855411,363,48,315,2.990723,90.161725,82.08589,99.331665,89.815808,90.202247,90.121239,438,218,220,3.395081,85.702581,74.982079,98.934937,85.153861,78.794727,93.938033,698,563,135,4.051208,84.926657,73.802198,99.090576,84.465528,97.220614,75.392905,596,48,548,2.635193,90.135827,82.042967,99.324036,89.785878,89.399293,90.884598,443,240,203,3.45459,88.426111,79.25341,99.118042,87.973235,79.797615,99.146834,578,559,19,4.222107,89.30173,80.671296,99.235535,88.906317,85.138436,93.89313,501,365,136,3.747559
test_01008.jpg,214,0.326538,15,AEGIS-CD,AEGIS-CD,93.156733,87.190083,93.133072,31,1,0.0,3.919065,23.645141,True,101.761189,primary_best_F1;clear_margin_ge_2pct;has_change_gt,93.156733,87.190083,99.952698,93.133072,88.284519,98.598131,31,28,3,0.364685,72.473868,56.830601,99.758911,72.360658,57.777778,97.196262,158,152,6,0.549316,81.818182,69.230769,99.865723,81.7517,73.333333,92.523364,88,72,16,0.411987,83.870968,72.222222,99.908447,83.826104,98.734177,72.897196,60,2,58,0.241089,0.0,0.0,99.673462,0.0,0.0,0.0,214,0,214,0.0,85.253456,74.297189,99.902344,85.204475,84.090909,86.448598,64,35,29,0.335693,89.237668,80.566802,99.926758,89.200982,85.775862,92.990654,48,33,15,0.354004,76.363636,61.764706,99.861145,76.294875,85.964912,68.691589,91,24,67,0.260925,80.21978,66.972477,99.890137,80.166403,97.333333,68.224299,72,4,68,0.228882,73.024523,57.51073,99.848938,72.950878,87.581699,62.616822,99,19,80,0.233459,89.130435,80.392157,99.923706,89.092339,83.333333,95.794393,50,41,9,0.375366,6.926407,3.587444,99.671936,6.881652,47.058824,3.738318,215,9,206,0.02594,73.469388,58.064516,99.801636,73.371433,65.217391,84.11215,130,96,34,0.421143,76.156584,61.494253,99.795532,76.05977,61.494253,100.0,134,134,0,0.531006,85.217391,74.242424,99.89624,85.165582,79.674797,91.588785,68,50,18,0.375366
test_02530.jpg,560,0.854492,15,AEGIS-CD,AEGIS-CD,95.221239,90.878378,95.179685,54,1,0.0,2.861307,11.428008,True,101.736577,primary_best_F1;clear_margin_ge_2pct;has_change_gt,95.221239,90.878378,99.917603,95.179685,94.385965,96.071429,54,32,22,0.869751,92.359932,85.804416,99.862671,92.290814,88.02589,97.142857,90,74,16,0.942993,80.602007,67.507003,99.645996,80.424103,75.786164,86.071429,232,154,78,0.970459,73.589165,58.214286,99.642944,73.422039,100.0,58.214286,234,0,234,0.497437,83.8,72.11704,99.752808,83.677261,95.227273,74.821429,162,21,141,0.671387,90.602837,82.820097,99.838257,90.521267,89.964789,91.25,106,57,49,0.866699,90.648694,82.896764,99.830627,90.563509,85.805423,96.071429,111,89,22,0.956726,84.148728,72.635135,99.752808,84.025315,93.073593,76.785714,162,32,130,0.704956,91.734787,84.731544,99.861145,91.664792,93.345656,90.178571,91,36,55,0.8255,86.440678,76.119403,99.780273,86.33025,91.434263,81.964286,144,43,101,0.765991,83.239775,71.291209,99.681091,83.080475,75.545852,92.678571,209,168,41,1.048279,60.0,42.857143,99.511719,59.793865,100.0,42.857143,320,0,320,0.366211,89.174018,80.463097,99.794006,89.07112,80.931587,99.285714,135,131,4,1.048279,82.962963,70.886076,99.649048,82.790859,70.886076,100.0,230,230,0,1.205444,83.801653,72.119488,99.700928,83.651566,78.0,90.535714,196,143,53,0.991821
test_01941.jpg,386,0.588989,15,AEGIS-CD,AEGIS-CD,96.850394,93.89313,96.831979,24,1,0.0,2.027505,53.639379,True,101.684854,primary_best_F1;clear_margin_ge_2pct;has_change_gt;low_false_alarm_tendency,96.850394,93.89313,99.963379,96.831979,98.138298,95.595855,24,7,17,0.57373,74.471545,59.326425,99.760437,74.359076,100.0,59.326425,157,0,157,0.349426,0.0,0.0,97.280884,-0.931411,0.0,0.0,1782,1396,386,2.130127,20.465116,11.398964,99.478149,20.369131,100.0,11.398964,342,0,342,0.067139,0.0,0.0,99.411011,0.0,0.0,0.0,386,0,386,0.0,2.051282,1.036269,99.417114,2.039447,100.0,1.036269,382,0,382,0.006104,77.848101,63.73057,99.786377,77.746063,100.0,63.73057,140,0,140,0.375366,0.0,0.0,99.24469,-0.260068,0.0,0.0,495,109,386,0.166321,89.556509,81.088083,99.888611,89.50113,100.0,81.088083,73,0,73,0.4776,0.0,0.0,99.342346,-0.123142,0.0,0.0,431,45,386,0.068665,94.822888,90.15544,99.942017,94.793812,100.0,90.15544,38,0,38,0.531006,0.0,0.0,99.411011,0.0,0.0,0.0,386,0,386,0.0,92.5,86.046512,99.917603,92.458791,99.700599,86.26943,54,1,53,0.509644,83.383686,71.502591,99.832153,83.301677,100.0,71.502591,110,0,110,0.421143,69.855072,53.674833,99.682617,69.697806,79.276316,62.435233,208,63,145,0.463867
test_01589.jpg,174,0.265503,15,AEGIS-CD,AEGIS-CD,80.40201,67.226891,80.343264,78,1,0.0,10.252756,33.582828,True,101.670798,primary_best_F1;clear_margin_ge_2pct;has_change_gt,80.40201,67.226891,99.880981,80.343264,71.428571,91.954023,78,64,14,0.341797,61.866667,44.787645,99.781799,61.757822,57.711443,66.666667,143,85,58,0.306702,57.861635,40.707965,99.795532,57.760067,63.888889,52.873563,134,52,82,0.219727,36.144578,22.058824,99.757385,36.042283,60.0,25.862069,159,30,129,0.114441,7.734807,4.022989,99.745178,7.715855,100.0,4.022989,167,0,167,0.010681,65.972222,49.222798,99.850464,65.900549,83.333333,54.597701,98,19,79,0.17395,57.243816,40.09901,99.815369,57.156191,74.311927,46.551724,121,28,93,0.166321,24.154589,13.736264,99.760437,24.090329,75.757576,14.367816,157,8,149,0.050354,29.906542,17.582418,99.771118,29.836903,80.0,18.390805,150,8,142,0.061035,62.732919,45.701357,99.816895,62.641741,68.243243,58.045977,120,47,73,0.22583,70.149254,54.022989,99.816895,70.059081,61.842105,81.034483,120,87,33,0.3479,17.801047,9.770115,99.760437,17.76218,100.0,9.770115,157,0,157,0.02594,56.643357,39.512195,99.810791,56.55301,72.321429,46.551724,124,31,93,0.170898,58.955224,41.798942,99.832153,58.878636,84.042553,45.402299,110,15,95,0.143433,48.301887,31.840796,99.790955,48.207445,70.32967,36.781609,137,27,110,0.138855
test_01721.jpg,3897,5.94635,15,AEGIS-CD,AEGIS-CD,93.050475,87.004104,92.587795,570,1,0.0,3.807348,10.926404,True,101.617853,primary_best_F1;clear_margin_ge_2pct;has_change_gt,93.050475,87.004104,99.130249,92.587795,88.641115,97.921478,570,489,81,6.568909,86.44898,76.132279,98.480225,85.64706,92.00695,81.524249,996,276,720,5.26886,85.30992,74.382998,98.28949,84.402234,87.171934,83.525789,1121,479,642,5.697632,83.272829,71.339713,98.171997,82.313958,91.332312,76.5204,1198,283,915,4.981995,76.807455,62.347487,97.645569,75.605658,92.706821,65.563254,1543,201,1342,4.205322,83.195283,71.225962,98.173523,82.238621,91.847489,76.032846,1197,263,934,4.922485,89.243128,80.575703,98.692322,88.547324,87.346437,91.224018,857,515,342,6.210327,73.153209,57.670525,97.377014,71.842609,93.455706,60.097511,1719,164,1555,3.823853,86.769319,76.630572,98.583984,86.031048,97.625922,78.085707,928,74,854,4.756165,83.468987,71.628131,98.202515,82.5274,92.102818,76.315114,1178,255,923,4.927063,82.561019,70.301205,97.743225,81.363028,76.374346,89.838337,1479,1083,396,6.994629,68.577174,52.180566,97.138977,67.224985,98.84058,52.501925,1875,24,1851,3.158569,82.297804,69.920364,97.982788,81.23042,86.054327,78.85553,1322,498,824,5.448914,84.614432,73.331903,98.103333,83.605146,81.731229,87.708494,1243,764,479,6.381226,84.017467,72.439759,98.045349,82.977329,81.762992,86.399795,1281,751,530,6.283569
test_00397.jpg,2317,3.535461,15,AEGIS-CD,AEGIS-CD,92.403487,85.87963,92.114034,366,1,0.0,3.963435,13.00853,True,101.257131,primary_best_F1;clear_margin_ge_2pct;has_change_gt,92.403487,85.87963,99.441528,92.114034,89.004398,96.072508,366,275,91,3.816223,84.691933,73.448402,98.89679,84.119919,83.12552,86.318515,723,406,317,3.671265,82.379768,70.038773,98.703003,81.707574,79.258077,85.757445,850,520,330,3.825378,68.297872,51.857835,98.181152,67.41359,88.981289,55.416487,1192,159,1033,2.201843,61.901102,44.823748,97.731018,60.774022,76.166456,52.136383,1487,378,1109,2.420044,83.62069,71.851852,98.956299,83.08836,93.921463,75.356064,684,113,571,2.836609,88.440052,79.275809,99.179077,88.014487,88.061617,88.821752,538,279,259,3.565979,76.848875,62.402089,98.461914,76.05681,82.130584,72.205438,1008,364,644,3.108215,84.942275,73.82579,99.064636,84.469123,98.574686,74.622356,613,25,588,2.676392,83.818226,72.14404,98.973083,83.295082,94.625407,75.226586,673,99,574,2.810669,86.915697,76.859206,99.021912,86.409209,82.455461,91.88606,641,453,188,3.939819,54.805726,37.746479,97.639465,53.749042,84.810127,40.483384,1547,168,1379,1.687622,85.675093,74.940007,98.884583,85.09989,78.463747,94.346137,731,600,131,4.251099,85.219085,74.244995,98.841858,84.622371,77.643719,94.432456,759,630,129,4.299927,83.973007,72.373682,98.840332,83.371732,82.103093,85.930082,760,434,326,3.700256
test_01115.jpg,3004,4.58374,15,AEGIS-CD,AEGIS-CD,98.291591,96.640574,98.20922,103,1,0.0,0.982548,3.402621,True,101.235874,primary_best_F1;has_change_gt,98.291591,96.640574,99.842834,98.20922,97.950413,98.635153,103,62,41,4.615784,93.874919,88.456865,99.420166,93.570917,91.0,96.937417,380,288,92,4.882812,94.270166,89.161368,99.453735,93.983807,90.782984,98.035952,358,299,59,4.949951,95.165563,90.777006,99.554443,94.93203,94.664032,95.672437,292,162,130,4.632568,90.94531,83.394221,99.237061,90.550281,99.722002,83.588549,500,7,493,3.842163,94.790429,90.096774,99.531555,94.545278,96.677051,92.976032,307,96,211,4.408264,97.291123,94.725135,99.746704,97.158317,95.422535,99.234354,166,143,23,4.766846,93.80863,88.339223,99.446106,93.518901,96.187478,91.544607,363,109,254,4.362488,95.841242,92.014579,99.632263,95.649141,99.498388,92.443409,241,14,227,4.258728,95.924046,92.167348,99.620056,95.724845,94.363929,97.536618,249,175,74,4.737854,95.733469,91.816107,99.617004,95.533067,97.81174,93.741678,251,63,188,4.393005,93.580549,87.935569,99.440002,93.288574,98.599337,89.047936,367,38,329,4.139709,93.826751,88.371366,99.432373,93.529263,93.54732,94.107856,372,195,177,4.611206,97.309042,94.759115,99.754333,97.180336,97.717355,96.904128,161,68,93,4.545593,96.084337,92.463768,99.642944,95.897287,96.601615,95.57257,234,101,133,4.534912
test_00625.jpg,9744,14.868164,15,AEGIS-CD,AEGIS-CD,96.962948,94.104932,96.424059,600,1,0.0,1.860824,5.728123,True,101.191188,primary_best_F1;has_change_gt,96.962948,94.104932,99.084473,96.424059,95.665202,98.296388,600,434,166,15.2771,93.833944,88.384129,98.150635,92.746222,93.038741,94.642857,1212,690,522,15.124512,92.125464,85.400566,97.636414,90.735133,91.276317,92.990558,1549,866,683,15.1474,90.059511,81.9166,97.247314,88.472077,97.23941,83.866995,1804,232,1572,12.823486,88.594896,79.524988,96.842957,86.774516,95.700846,82.471264,2069,361,1708,12.812805,90.744622,83.057351,97.439575,89.268569,98.092058,84.421182,1678,160,1518,12.796021,94.224771,89.080186,98.248291,93.19281,92.411683,96.110427,1148,769,379,15.463257,90.136354,82.043839,97.262573,88.556531,97.074846,84.123563,1794,247,1547,12.884521,94.317145,89.245455,98.384094,93.377584,98.841525,90.188834,1059,103,956,13.566589,93.012757,86.938175,97.969055,91.825346,95.206878,90.917488,1331,446,885,14.198303,95.102124,90.661629,98.529053,94.236795,94.173878,96.048851,964,579,385,15.164185,77.128415,62.771563,93.855286,73.626012,86.353809,69.683908,4027,1073,2954,11.997986,91.974807,85.141997,97.589111,90.556463,91.049879,92.918719,1580,890,690,15.17334,93.40637,87.628474,98.016357,92.239127,92.338548,94.499179,1300,764,536,15.216064,92.626372,86.265477,97.816467,91.344886,93.014592,92.241379,1431,675,756,14.744568
test_02155.jpg,3043,4.64325,15,AEGIS-CD,AEGIS-CD,96.161876,92.607485,95.970541,239,1,0.0,1.99494,5.529378,True,101.133919,primary_best_F1;has_change_gt,96.161876,92.607485,99.635315,95.970541,94.032663,98.389747,239,190,49,4.858398,92.719353,86.426914,99.285889,92.345001,88.035451,97.929675,468,405,63,5.1651,94.166935,88.976857,99.447632,93.877138,92.380651,96.023661,362,241,121,4.826355,89.196676,80.5,99.047852,88.700156,94.255397,84.653303,624,157,467,4.170227,82.37037,70.025189,98.547363,81.625585,94.357234,73.085771,952,133,819,3.596497,88.66571,79.639175,99.035645,88.166507,97.591788,81.235623,632,61,571,3.865051,93.485644,87.768116,99.356079,93.148248,88.151383,99.507065,422,407,15,5.241394,86.628445,76.411093,98.89679,86.062562,99.069374,76.963523,723,22,701,3.607178,93.644214,88.048068,99.438477,93.35128,98.689479,89.089714,368,36,332,4.191589,92.963684,86.852469,99.337769,92.616281,91.744,94.216234,434,258,176,4.768372,91.733251,84.728924,99.179077,91.303255,86.147186,98.093986,538,480,58,5.28717,85.528757,74.71637,98.809814,84.918927,98.210481,75.747617,780,42,738,3.581238,92.28848,85.681159,99.246216,91.89326,87.89771,97.140979,494,407,87,5.131531,92.288749,85.681623,99.235535,91.888274,86.797915,98.521196,501,456,45,5.270386,93.174703,87.221571,99.334717,92.82584,88.96861,97.798225,436,369,67,5.104065
test_00825.jpg,2230,3.40271,15,AEGIS-CD,AEGIS-CD,97.166888,94.489884,97.065763,128,1,0.0,1.520421,3.981486,True,101.127866,primary_best_F1;has_change_gt,97.166888,94.489884,99.804688,97.065763,95.935315,98.430493,128,93,35,3.491211,93.549074,87.88,99.537659,93.309944,89.055533,98.520179,303,270,33,3.764343,91.447064,84.241908,99.435425,91.155431,94.370229,88.699552,370,118,252,3.198242,93.277506,87.401918,99.559021,93.04987,96.906718,89.910314,289,64,225,3.157043,87.439614,77.682403,99.206543,87.032472,94.764398,81.165919,520,100,420,2.914429,93.698252,88.143661,99.581909,93.482183,96.175637,91.345291,274,81,193,3.231812,95.646467,91.656184,99.69635,95.489252,93.378898,98.026906,199,155,44,3.572083,93.497044,87.788215,99.563599,93.271314,94.833948,92.197309,286,112,174,3.308105,94.425006,89.438798,99.635315,94.236815,98.395722,90.762332,239,33,206,3.138733,94.595201,89.744681,99.632263,94.404857,94.61642,94.573991,241,120,121,3.401184,94.725465,89.979466,99.627686,94.532755,91.444073,98.251121,244,205,39,3.656006,91.642262,84.573805,99.433899,91.349296,92.077863,91.210762,371,175,196,3.370667,94.043751,88.757155,99.580383,93.826543,90.950984,97.35426,275,216,59,3.642273,93.192835,87.253354,99.507141,92.938106,87.912525,99.147982,323,304,19,3.837585,93.416094,87.645591,99.546814,93.181456,92.371767,94.484305,297,174,123,3.48053
test_00361.jpg,7992,12.194824,15,AEGIS-CD,AEGIS-CD,95.003054,90.481731,94.290355,818,1,0.0,2.737997,8.936765,True,101.119307,primary_best_F1;clear_margin_ge_2pct;has_change_gt,95.003054,90.481731,98.751831,94.290355,92.814514,97.297297,818,602,216,12.783813,89.513021,81.016806,97.259521,87.944892,83.917232,95.908408,1796,1469,327,13.937378,85.838279,75.190072,96.614075,83.916335,87.599323,84.146647,2219,952,1267,11.714172,82.561406,70.301766,96.305847,80.548289,97.283993,71.709209,2421,160,2261,8.988953,77.919145,63.825851,95.524597,75.543137,97.807598,64.752252,2933,116,2817,8.073425,86.684577,76.49848,97.050476,85.045153,96.429119,78.728729,1933,233,1700,9.95636,91.981453,85.153388,98.020935,90.852795,90.90798,93.080581,1297,744,553,12.486267,68.066548,51.591577,93.966675,65.043789,95.990888,52.727728,3954,176,3778,6.698608,92.0072,85.197531,98.170471,90.979217,98.459124,86.348849,1199,108,1091,10.694885,82.611399,70.374294,96.159363,80.479019,92.225821,74.812312,2517,504,2013,9.892273,92.265057,85.640791,98.083496,91.17161,90.844046,93.731231,1256,755,501,12.582397,85.531797,74.721009,96.820068,83.769642,96.069869,77.077077,2084,252,1832,9.783936,89.288655,80.64996,97.419739,87.822115,90.416934,88.188188,1691,747,944,11.894226,88.825886,79.897993,97.233582,87.247661,87.525811,90.165165,1813,1027,786,12.562561,91.833629,84.900352,98.034668,90.716773,93.084833,90.615616,1288,538,750,11.871338
test_02342.jpg,13807,21.06781,15,AEGIS-CD,AEGIS-CD,93.640412,88.041345,91.857534,1828,1,0.0,3.60016,9.586616,True,101.037342,primary_best_F1;clear_margin_ge_2pct;has_change_gt,93.640412,88.041345,97.210693,91.857534,90.098413,97.472297,1828,1479,349,22.792053,87.403947,77.62612,94.322205,83.759164,82.051608,93.503295,3721,2824,897,24.008179,80.004548,66.672983,91.949463,74.978374,83.909691,76.44673,5276,2024,3252,19.194031,81.424431,68.668809,92.860413,77.055992,90.098401,74.273919,4679,1127,3552,17.367554,79.027191,65.326408,91.749573,73.924174,85.075998,73.781415,5407,1787,3620,18.270874,84.834476,73.663083,94.093323,81.197372,92.396313,78.416745,3871,891,2980,17.880249,90.040252,81.884738,95.582581,87.211262,85.753604,94.778011,2895,2174,721,23.284912,78.390713,64.461123,91.763306,73.372385,87.630896,70.913305,5398,1382,4016,17.048645,89.957655,81.748217,96.055603,87.519635,97.016926,83.856015,2585,356,2229,18.209839,85.790925,75.117432,94.180298,82.135515,88.331415,83.392482,3814,1521,2293,19.889832,85.991307,75.42522,93.606567,81.881004,79.860895,93.14116,4190,3243,947,24.571228,76.397201,61.808634,91.455078,71.350469,91.370098,65.640617,5600,856,4744,15.135193,85.563286,74.769087,93.414307,81.329596,79.495307,92.634171,4316,3299,1017,24.549866,86.419753,76.086957,93.722534,82.378968,79.395888,94.806982,4114,3397,717,25.157166,85.507452,74.683858,93.768311,81.540281,83.823836,87.260085,4084,2325,1759,21.931458
test_01648.jpg,844,1.287842,15,AEGIS-CD,AEGIS-CD,90.642002,82.885572,90.509809,172,1,0.0,4.770644,12.818818,True,100.997683,primary_best_F1;clear_margin_ge_2pct;has_change_gt,90.642002,82.885572,99.737549,90.509809,83.802817,98.696682,172,161,11,1.516724,75.244467,60.313531,99.266052,74.878482,66.515014,86.611374,481,368,113,1.676941,72.078594,56.345998,99.176025,71.667301,63.944954,82.582938,540,393,147,1.663208,73.333333,57.894737,99.389648,73.029529,83.841463,65.165877,400,106,294,1.000977,78.886311,65.1341,99.44458,78.605024,77.272727,80.56872,364,200,164,1.342773,79.642058,66.171004,99.44458,79.3614,75.423729,84.36019,364,232,132,1.44043,85.378869,74.487896,99.581909,85.16891,77.669903,94.78673,274,230,44,1.571655,54.710744,37.656428,99.163818,54.355129,90.437158,39.218009,548,35,513,0.558472,80.319149,67.111111,99.54834,80.094156,91.515152,71.563981,296,56,240,1.00708,81.400966,68.635438,99.530029,81.163064,83.004926,79.85782,308,138,170,1.239014,85.871358,75.240848,99.607849,85.673569,80.102564,92.535545,257,194,63,1.487732,75.208914,60.267857,99.456787,74.942846,91.216216,63.981043,356,52,304,0.90332,78.583287,64.721969,99.409485,78.285219,73.727934,84.123223,387,253,134,1.469421,83.626062,71.859786,99.559021,83.402994,80.130293,87.440758,289,183,106,1.405334,85.240464,74.277457,99.59259,85.034846,79.896373,91.350711,267,194,73,1.472473
test_00236.jpg,2649,4.042053,15,AEGIS-CD,AEGIS-CD,95.099289,90.656478,94.885359,269,1,0.0,2.469406,6.472315,True,100.990205,primary_best_F1;clear_margin_ge_2pct;has_change_gt,95.099289,90.656478,99.589539,94.885359,91.901408,98.527746,269,230,39,4.333496,92.039985,85.253772,99.343872,91.697951,90.301489,93.846735,430,267,163,4.200745,91.719059,84.704711,99.29657,91.352638,87.491432,96.375991,461,365,96,4.452515,80.562061,67.45098,98.606873,79.851868,92.382812,71.423179,913,156,757,3.125,72.656607,57.055655,98.175049,71.756143,92.115942,59.9849,1196,136,1060,2.632141,90.427619,82.527748,99.255371,90.040857,94.120049,87.013968,488,144,344,3.736877,92.283354,85.672324,99.330139,91.934955,86.348684,99.093998,439,415,24,4.638672,86.133768,75.644699,98.962402,85.598418,93.658537,79.728199,680,143,537,3.440857,92.629883,86.271568,99.441528,92.340999,99.266293,86.825217,366,17,349,3.535461,92.404072,85.88064,99.407959,92.096491,95.973973,89.090223,388,99,289,3.752136,89.825428,81.53009,99.119568,89.367384,84.281932,96.14949,577,475,102,4.611206,86.030769,75.485961,98.960876,85.495355,94.204852,79.161948,681,129,552,3.396606,91.713748,84.695652,99.328613,91.363882,91.506952,91.92148,440,226,214,4.060364,90.869328,83.266533,99.235535,90.470888,87.843552,94.110985,501,345,156,4.330444,91.481956,84.301148,99.290466,91.112108,88.86121,94.261986,465,313,152,4.28772
test_02112.jpg,1376,2.099609,15,AEGIS-CD,AEGIS-CD,92.80329,86.57289,92.639967,210,1,0.0,3.665476,16.961636,True,100.989222,primary_best_F1;clear_margin_ge_2pct;has_change_gt,92.80329,86.57289,99.679565,92.639967,87.808042,98.401163,210,188,22,2.352905,85.936947,75.341615,99.394226,85.627593,83.828611,88.15407,397,234,163,2.207947,77.883909,63.77858,99.081421,77.414937,78.751857,77.034884,602,286,316,2.053833,53.327214,36.357947,98.448181,52.593607,72.353674,42.223837,1017,222,795,1.225281,47.755991,31.36806,98.170471,46.862475,59.630033,39.825581,1199,371,828,1.402283,85.46875,74.624829,99.432373,85.180943,92.398649,79.505814,372,90,282,1.806641,88.115331,78.7555,99.484253,87.852019,85.354223,91.061047,338,215,123,2.23999,59.915612,42.771084,98.695374,59.309197,84.412153,46.438953,855,118,737,1.15509,85.537701,74.730022,99.464417,85.26984,98.763083,75.436047,351,13,338,1.603699,76.558317,62.019827,99.064636,76.082451,80.79096,72.747093,613,238,375,1.890564,89.137814,80.404164,99.511719,88.889168,83.630573,95.421512,320,257,63,2.39563,79.503603,65.980066,99.21875,79.109585,88.502674,72.165698,512,129,383,1.712036,73.224432,57.759104,98.849487,72.636855,71.597222,74.927326,754,409,345,2.197266,79.043706,65.348981,99.143982,78.607123,81.32206,76.889535,561,243,318,1.985168,80.373832,67.1875,99.16687,79.948284,79.516358,81.25,546,288,258,2.145386
test_00296.jpg,4517,6.892395,15,AEGIS-CD,AEGIS-CD,94.456714,89.49571,94.045295,502,1,0.0,2.784583,19.054736,True,100.931259,primary_best_F1;clear_margin_ge_2pct;has_change_gt,94.456714,89.49571,99.234009,94.045295,94.227803,94.686739,502,262,240,6.925964,87.260111,77.3995,98.207092,86.296238,85.507862,89.085676,1175,682,493,7.180786,50.110585,33.431703,95.181274,48.059909,87.479316,35.1118,3158,227,2931,2.766418,70.636609,54.603244,96.839905,69.105312,98.225552,55.147222,2071,45,2026,3.869629,44.836445,28.896247,95.085144,43.059329,99.016641,28.979411,3221,13,3208,2.017212,76.520566,61.970293,97.343445,75.183582,97.8951,62.807173,1741,61,1680,4.421997,91.672131,84.624697,98.83728,91.047249,90.524498,92.849236,762,439,323,7.069397,61.650265,44.561173,96.134949,59.902954,97.509579,45.074164,2533,52,2481,3.186035,86.266148,75.84914,98.329163,85.393374,99.508102,76.134603,1095,17,1078,5.273438,76.822747,62.367641,97.288513,75.431297,93.492063,65.19814,1777,205,1572,4.806519,90.452916,82.569899,98.658752,89.7319,88.784648,92.185079,879,526,353,7.156372,65.182186,48.348348,96.325684,63.433724,93.955815,49.900376,2408,145,2263,3.660583,84.266378,72.810629,97.782898,83.074409,82.471386,86.141244,1453,827,626,7.199097,87.922064,78.447254,98.335266,87.028087,87.931798,87.912331,1091,545,546,6.890869,82.028534,69.53252,97.712708,80.816163,89.461297,75.736108,1499,403,1096,5.834961
test_00153.jpg,2623,4.00238,15,AEGIS-CD,AEGIS-CD,95.31221,91.044248,95.111062,253,1,0.0,2.334269,7.896379,True,100.930868,primary_best_F1;clear_margin_ge_2pct;has_change_gt,95.31221,91.044248,99.613953,95.111062,92.718097,98.055661,253,202,51,4.232788,90.510168,82.665363,99.188232,90.087975,85.048609,96.721311,532,446,86,4.551697,88.932114,80.070053,99.131775,88.480476,90.786338,87.152116,569,232,337,3.842163,85.054576,73.995617,98.913574,84.49686,94.628678,77.239802,712,115,597,3.266907,73.310811,57.866667,98.312378,72.502936,99.868508,57.910789,1106,2,1104,2.320862,88.224674,78.930366,99.104309,87.760449,93.099069,83.835303,587,163,424,3.604126,92.573089,86.17309,99.375916,92.248125,88.384189,97.178803,409,335,74,4.400635,85.589155,74.808604,98.945618,85.046969,94.475138,78.231033,691,120,571,3.314209,91.868759,84.960422,99.391174,91.554074,98.686515,85.932139,399,30,369,3.485107,89.720737,81.357759,99.208069,89.309559,93.363561,86.351506,519,161,358,3.701782,89.577039,81.121751,99.157715,89.138205,88.739244,90.430804,552,301,251,4.078674,71.661385,55.837743,98.0896,70.708754,88.189415,60.350743,1252,212,1040,2.738953,92.293939,85.690571,99.342346,91.951836,86.902357,98.39878,431,389,42,4.53186,92.977941,86.877362,99.417114,92.674282,89.776358,96.416317,382,288,94,4.298401,91.527253,84.378109,99.281311,91.153235,86.648501,96.988181,471,392,79,4.47998
test_00497.jpg,2805,4.28009,15,AEGIS-CD,AEGIS-CD,94.206636,89.047774,93.937941,337,1,0.0,2.875418,6.176712,True,100.921476,primary_best_F1;clear_margin_ge_2pct;has_change_gt,94.206636,89.047774,99.485779,93.937941,90.969456,97.682709,337,272,65,4.595947,90.758048,83.079848,99.185181,90.332227,88.193744,93.475936,534,351,183,4.536438,85.989492,75.422427,98.779297,85.351545,84.509466,87.522282,800,450,350,4.432678,86.368843,76.008065,98.910522,85.804409,92.97164,80.641711,714,171,543,3.712463,79.716785,66.274238,98.513794,78.968067,95.843766,68.235294,974,83,891,3.04718,88.037166,78.630705,99.057007,87.550097,96.315121,81.069519,618,87,531,3.6026,89.894094,81.6433,99.14093,89.445515,90.527838,89.269162,563,262,301,4.220581,85.187998,74.197817,98.809814,84.570752,91.141812,79.964349,780,218,562,3.755188,90.7615,83.085633,99.27063,90.384633,99.11355,83.707665,478,21,457,3.614807,89.897674,81.649206,99.171448,89.466544,94.007782,86.131907,543,154,389,3.921509,89.686099,81.300813,99.12262,89.227939,90.252708,89.12656,575,270,305,4.226685,88.194973,78.882834,99.053955,87.704591,94.646506,82.566845,620,131,489,3.733826,87.657954,78.027735,98.912048,87.089394,85.195155,90.26738,713,440,273,4.534912,91.331218,84.045496,99.208069,90.918023,85.920805,97.468806,519,448,71,4.855347,88.937093,80.078125,99.066162,88.4497,90.209021,87.700535,612,267,345,4.161072
test_00953.jpg,313,0.4776,15,AEGIS-CD,AEGIS-CD,94.189602,89.017341,94.160519,38,1,0.0,2.978989,11.437976,True,100.92146,primary_best_F1;clear_margin_ge_2pct;has_change_gt,94.189602,89.017341,99.942017,94.160519,90.322581,98.402556,38,33,5,0.520325,81.911263,69.364162,99.838257,81.830408,87.912088,76.677316,106,33,73,0.416565,89.275362,80.628272,99.887085,89.219097,81.697613,98.402556,74,69,5,0.575256,77.348066,63.063063,99.812317,77.256045,91.304348,67.092652,123,20,103,0.350952,58.371041,41.214058,99.719238,58.254663,100.0,41.214058,184,0,184,0.196838,89.28,80.635838,99.897766,89.228638,89.423077,89.13738,67,33,34,0.476074,90.10989,82.0,99.90387,90.061605,88.580247,91.693291,63,37,26,0.494385,75.615764,60.792079,99.697876,75.471783,61.523046,98.083067,198,192,6,0.761414,87.388988,77.602524,99.891663,87.335269,98.4,78.594249,71,4,67,0.38147,91.210614,83.841463,99.919128,91.17005,94.827586,87.859425,53,15,38,0.442505,84.731774,73.508353,99.830627,84.648268,74.396135,98.402556,111,106,5,0.631714,86.666667,76.470588,99.884033,86.608995,96.108949,78.913738,76,10,66,0.392151,80.056577,66.745283,99.784851,79.949846,71.827411,90.415335,141,111,30,0.601196,90.909091,83.333333,99.908447,90.863206,86.455331,95.846645,60,47,13,0.52948,75.647668,60.833333,99.784851,75.540332,82.330827,69.968051,141,47,94,0.405884
test_00761.jpg,200,0.305176,15,AEGIS-CD,AEGIS-CD,92.682927,86.363636,92.659981,30,1,0.0,3.73414,29.723585,True,100.916465,primary_best_F1;clear_margin_ge_2pct;has_change_gt,92.682927,86.363636,99.954224,92.659981,90.47619,95.0,30,20,10,0.320435,75.238095,60.305344,99.841309,75.158676,71.818182,79.0,104,62,42,0.335693,85.470085,74.626866,99.89624,85.419123,74.626866,100.0,68,68,0,0.408936,39.35743,24.5,99.769592,39.284505,100.0,24.5,151,0,151,0.074768,0.0,0.0,99.694824,0.0,0.0,0.0,200,0,200,0.0,76.142132,61.47541,99.856567,76.070216,77.319588,75.0,94,44,50,0.296021,87.528345,77.822581,99.916077,87.486606,80.082988,96.5,55,48,7,0.367737,43.137255,27.5,99.778748,43.0623,100.0,27.5,145,0,145,0.083923,88.948787,80.097087,99.937439,88.91761,96.491228,82.5,41,6,35,0.260925,81.622912,68.951613,99.882507,81.564099,78.082192,85.5,77,48,29,0.334167,75.339806,60.436137,99.806213,75.247399,61.587302,97.0,127,121,6,0.480652,0.0,0.0,99.655151,-0.070267,0.0,0.0,226,26,200,0.039673,79.713604,66.269841,99.8703,79.64868,76.255708,83.5,85,52,33,0.334167,72.932331,57.39645,99.780273,72.828837,58.433735,97.0,144,138,6,0.506592,76.0,61.290323,99.871826,75.937056,88.666667,66.5,84,17,67,0.228882
test_00860.jpg,921,1.405334,15,AEGIS-CD,AEGIS-CD,94.826667,90.162272,94.751611,97,1,0.0,2.61548,47.445677,True,100.877893,primary_best_F1;clear_margin_ge_2pct;has_change_gt,94.826667,90.162272,99.85199,94.751611,93.186583,96.525516,97,65,32,1.455688,87.819253,78.283713,99.621582,87.628831,80.179372,97.068404,248,221,27,1.701355,1.038422,0.521921,98.545837,0.916962,11.904762,0.542888,953,37,916,0.064087,64.359352,47.448426,99.261475,64.034053,100.0,47.448426,484,0,484,0.666809,0.0,0.0,98.594666,0.0,0.0,0.0,921,0,921,0.0,36.120996,22.04126,98.904419,35.795079,100.0,22.04126,718,0,718,0.309753,92.211187,85.548012,99.772644,92.095986,88.91129,95.765472,149,110,39,1.513672,0.0,0.0,98.594666,0.0,0.0,0.0,921,0,921,0.0,70.190275,54.071661,99.354553,69.8933,100.0,54.071661,423,0,423,0.759888,9.31677,4.885993,98.66333,9.197881,100.0,4.885993,876,0,876,0.068665,76.822917,62.367865,99.456787,76.559121,95.934959,64.060803,356,25,331,0.938416,67.39427,50.823045,99.27063,67.049977,90.642202,53.637351,478,51,427,0.831604,14.127144,7.600434,98.701477,13.956319,100.0,7.600434,851,0,851,0.106812,59.558264,42.407809,99.189758,59.216032,99.744898,42.453855,531,1,530,0.598145,84.375,72.972973,99.61853,84.186379,99.410898,73.289902,250,4,246,1.036072
test_01970.jpg,5579,8.512878,15,AEGIS-CD,AEGIS-CD,96.345631,92.948935,95.997335,417,1,0.0,1.850219,5.114421,True,100.870425,primary_best_F1;has_change_gt,96.345631,92.948935,99.363708,95.997335,94.25583,98.530203,417,335,82,8.898926,93.748396,88.232453,98.884583,93.137468,89.646712,98.243413,731,633,98,9.329224,92.193933,85.518316,98.582458,91.417722,86.776337,98.333035,929,836,93,9.646606,89.296987,80.663556,98.292542,88.373813,95.734208,83.670909,1119,208,911,7.440186,85.778095,75.097763,97.570801,84.450094,85.503117,86.054849,1592,814,778,8.56781,93.369714,87.563971,98.887634,92.762749,94.774742,92.005736,729,283,446,8.26416,94.176741,88.994368,98.956299,93.605099,89.687044,99.139631,684,636,48,9.410095,84.876297,73.72617,97.686768,83.641238,95.703037,76.250224,1516,191,1325,6.782532,94.495413,89.565217,99.102783,94.008056,98.902606,90.464241,588,56,532,7.78656,93.477652,87.754029,98.933411,92.897941,97.489295,89.783115,699,129,570,7.839966,94.237581,89.103088,98.982239,93.680202,90.96064,97.759455,667,542,125,9.14917,82.958329,70.87931,97.422791,81.588159,94.89843,73.687041,1689,221,1468,6.610107,93.113747,87.114801,98.768616,92.439303,88.859935,97.795304,807,684,123,9.368896,93.26205,87.374781,98.788452,92.598498,88.557615,98.494354,794,710,84,9.468079,92.252004,85.618301,98.628235,91.500721,88.844622,95.93117,899,672,227,9.191895
test_00414.jpg,2098,3.201294,15,AEGIS-CD,AEGIS-CD,91.841492,84.913793,91.565564,350,1,0.0,4.046516,11.432926,True,100.844588,primary_best_F1;clear_margin_ge_2pct;has_change_gt,91.841492,84.913793,99.465942,91.565564,89.872263,93.898951,350,222,128,3.344727,79.037801,65.340909,98.789978,78.422452,88.724036,71.258341,793,190,603,2.571106,84.377285,72.976391,99.021912,83.872705,86.334165,82.50715,641,274,367,3.059387,77.311828,63.014899,98.712158,76.66026,88.65598,68.541468,844,184,660,2.474976,71.744754,55.939041,98.500061,71.007912,90.369298,59.485224,983,133,850,2.107239,83.050405,71.013845,99.009705,82.545182,91.854419,75.786463,649,141,508,2.641296,86.389457,76.04,99.085999,85.91764,82.544507,90.610105,599,402,197,3.514099,80.019259,66.693419,98.733521,79.365362,80.836576,79.218303,830,394,436,3.137207,87.794976,78.245138,99.266052,87.418259,93.868692,82.459485,481,113,368,2.812195,85.343585,74.434199,99.069214,84.862962,86.046512,84.65205,610,288,322,3.149414,80.476589,67.331235,98.574829,79.748599,71.667908,91.754051,934,761,173,4.098511,62.162162,45.098039,98.205566,61.358167,95.643564,46.043851,1176,44,1132,1.541138,86.023529,75.474814,99.093628,85.555235,84.944238,87.130601,594,324,270,3.283691,84.085862,72.541507,99.015808,83.578717,87.161125,81.22021,645,251,394,2.983093,77.902426,63.803419,98.707581,77.242898,86.051873,71.163012,847,242,605,2.6474
test_02613.jpg,3888,5.932617,15,AEGIS-CD,AEGIS-CD,95.846249,92.02381,95.57428,335,1,0.0,2.019089,9.760701,True,100.837796,primary_best_F1;clear_margin_ge_2pct;has_change_gt,95.846249,92.02381,99.488831,95.57428,92.530524,99.408436,335,312,23,6.373596,91.420155,84.196247,98.933411,90.852772,87.438366,95.781893,699,535,164,6.498718,86.525332,76.250792,98.283386,85.613244,80.968393,92.901235,1125,849,276,6.806946,88.493411,79.361598,98.707581,87.811056,93.780593,83.770576,847,216,631,5.299377,36.000806,21.951819,95.155334,34.315138,83.224604,22.968107,3175,180,2995,1.637268,91.170979,83.77451,98.989868,90.636049,94.68144,87.911523,662,192,470,5.508423,93.82716,88.372093,99.229431,93.417301,89.401351,98.713992,505,455,50,6.550598,85.633404,74.876238,98.451233,84.823659,95.215612,77.803498,1015,152,863,4.847717,92.194852,85.519897,99.139404,91.742239,99.790294,85.673868,564,7,557,5.093384,91.412458,84.183192,98.977661,90.868942,91.10884,91.718107,670,348,322,5.97229,88.920221,80.050772,98.561096,88.156942,81.851612,97.325103,943,839,104,7.054138,87.191131,77.291025,98.536682,86.416373,90.691859,83.950617,959,335,624,5.491638,91.109792,83.671245,98.857117,90.502968,84.593344,98.713992,749,699,50,6.922913,89.544748,81.068801,98.664856,88.835468,83.619728,96.373457,875,734,141,6.837463,91.753222,84.763006,98.994446,91.218215,89.349257,94.290123,659,437,222,6.260681
test_01204.jpg,11637,17.756653,15,AEGIS-CD,AEGIS-CD,99.56287,99.129544,99.468196,102,1,0.0,0.453662,1.813499,True,100.832361,primary_best_F1;has_change_gt,99.56287,99.129544,99.84436,99.468196,99.307515,99.819541,102,81,21,17.848206,98.349556,96.752706,99.404907,97.98667,96.889852,99.853914,390,373,17,18.299866,96.824395,93.844272,98.847961,96.121123,94.826166,98.908653,755,628,127,18.521118,99.080192,98.17715,99.674988,98.88282,99.583333,98.582109,213,48,165,17.578125,97.095364,94.354703,98.976135,96.473943,97.827983,96.373636,671,249,422,17.492676,96.222596,92.720179,98.661804,95.409473,96.459413,95.986938,877,410,467,17.669678,98.983282,97.987029,99.635315,98.761117,98.011794,99.97422,239,236,3,18.112183,96.068602,92.434628,98.635864,95.243911,98.378817,93.864398,894,180,714,16.941833,98.920586,97.864226,99.615479,98.686662,98.616449,99.226605,252,162,90,17.866516,98.876211,97.777399,99.601746,98.634203,99.085261,98.668042,261,106,155,17.681885,93.095728,87.083262,97.694397,91.71855,99.404762,87.539744,1511,61,1450,15.637207,98.416427,96.882227,99.44458,98.079723,99.665169,97.198591,364,38,326,17.3172,98.600034,97.238725,99.49646,98.293117,97.369083,99.862508,330,314,16,18.211365,98.849007,97.724208,99.588013,98.598129,98.079689,99.630489,270,227,43,18.037415,99.109208,98.234146,99.682617,98.916121,98.787672,99.432844,208,142,66,17.87262
test_00737.jpg,3513,5.360413,15,AEGIS-CD,AEGIS-CD,90.373906,82.438316,89.789113,726,1,0.0,4.723626,33.057722,True,100.803138,primary_best_F1;clear_margin_ge_2pct;has_change_gt,90.373906,82.438316,98.892212,89.789113,84.586746,97.011102,726,621,105,6.147766,40.424695,25.332676,95.376587,38.381588,65.352829,29.262738,3030,545,2485,2.400208,52.020981,35.154295,95.254517,49.543283,56.786797,47.993168,3110,1283,1827,4.530334,0.0,0.0,94.639587,0.0,0.0,0.0,3513,0,3513,0.0,33.681561,20.251249,91.960144,29.463137,30.189531,38.087105,5269,3094,2175,6.762695,48.819528,32.292218,96.096802,47.135607,82.154882,34.728153,2558,265,2293,2.26593,85.65028,74.902046,98.240662,84.72889,76.094648,97.95047,1153,1081,72,6.900024,36.962134,22.670889,95.529175,35.267483,75.682819,24.452035,2930,276,2654,1.731873,79.153303,65.498938,98.016357,78.129471,90.635329,70.253345,1300,255,1045,4.154968,76.413754,61.830306,97.467041,75.075415,76.283688,76.544264,1660,836,824,5.378723,75.944971,61.218777,97.251892,74.493533,71.54001,80.927982,1801,1131,670,6.063843,30.18028,17.771953,95.213318,28.508527,69.183673,19.299744,3137,302,2835,1.495361,82.131661,69.680851,97.999573,81.074155,78.791841,85.767151,1311,811,500,5.834961,79.304052,65.705645,97.40448,77.95055,69.252019,92.769712,1701,1447,254,7.180786,81.739382,69.118006,98.071289,80.721501,82.986213,80.529462,1264,580,684,5.201721
test_01748.jpg,12564,19.171143,15,AEGIS-CD,AEGIS-CD,97.366159,94.867499,96.727446,674,1,0.0,1.559307,5.494773,True,100.776216,primary_best_F1;has_change_gt,97.366159,94.867499,98.971558,96.727446,95.63949,99.15632,674,568,106,19.876099,92.470187,85.99493,96.965027,90.57534,88.174139,97.206304,1989,1638,351,21.134949,89.233532,80.560059,95.974731,86.760151,91.573128,87.010506,2638,1006,1632,18.215942,90.816034,83.177079,96.577454,88.715027,93.515473,88.268067,2243,769,1474,18.095398,80.221125,66.974352,92.848206,75.875465,85.376808,75.652658,4687,1628,3059,16.98761,94.435379,89.457412,97.918701,93.156343,96.869769,92.120344,1364,374,990,18.231201,95.806852,91.951201,98.348999,94.779877,93.361027,98.384273,1082,879,203,20.202637,86.103303,75.597717,95.172119,83.219798,96.060368,78.016555,3164,402,2762,15.570068,95.649678,91.662083,98.381042,94.656265,98.638478,92.836676,1061,161,900,18.043518,94.115761,88.885524,97.76001,92.732562,94.799742,93.441579,1468,644,824,18.896484,93.786355,88.299724,97.538757,92.253777,90.877193,96.887934,1613,1222,391,20.439148,90.208824,82.164002,96.322632,87.946236,92.13278,88.363578,2410,948,1462,18.386841,95.258003,90.945377,98.130798,94.095066,92.72741,97.930595,1225,965,260,20.246887,92.922982,86.781444,97.200012,91.179816,90.138421,95.885068,1835,1318,517,20.393372,95.171388,90.787607,98.117065,94.002305,93.603756,96.792423,1234,831,403,19.824219
test_01092.jpg,2866,4.373169,15,AEGIS-CD,AEGIS-CD,95.862421,92.05363,95.668447,243,1,0.0,1.968393,10.746977,True,100.767865,primary_best_F1;has_change_gt,95.862421,92.05363,99.629211,95.668447,93.614899,98.220516,243,192,51,4.588318,90.337298,82.377415,99.095154,89.86482,84.744726,96.720167,593,499,94,4.99115,89.176262,80.466752,99.067688,88.689247,90.572148,87.822749,611,262,349,4.240417,78.433759,64.519359,98.377991,77.614281,93.698497,67.445918,1063,130,933,3.147888,41.307333,26.029768,96.739197,40.19393,97.032258,26.23866,2137,23,2114,1.182556,86.038426,75.497752,98.835754,85.432489,90.457868,82.030705,763,248,515,3.965759,93.804725,88.332296,99.427795,93.505655,89.08064,99.05792,375,348,27,4.862976,75.2,60.25641,98.202515,74.308752,94.798301,62.316818,1178,98,1080,2.874756,92.769148,86.513487,99.382019,92.446549,94.990859,90.648988,405,137,268,4.173279,87.179487,77.272727,98.924255,86.619113,91.03684,83.635729,705,236,469,4.017639,88.136132,78.78874,98.861694,87.543207,80.976037,96.685276,746,651,95,5.221558,90.114537,82.007697,99.143982,89.667205,91.028836,89.218423,561,252,309,4.286194,92.583813,86.191677,99.331665,92.234196,89.934211,95.394278,438,306,132,4.638672,92.641261,86.29131,99.316406,92.284101,87.523277,98.394976,448,402,46,4.916382,93.894029,88.490805,99.446106,93.604313,90.646314,97.383112,363,288,75,4.698181
test_02573.jpg,1003,1.530457,15,AEGIS-CD,AEGIS-CD,95.48511,91.360294,95.412335,94,1,0.0,2.226114,6.397021,True,100.763861,primary_best_F1;clear_margin_ge_2pct;has_change_gt,95.48511,91.360294,99.856567,95.412335,92.122335,99.102692,94,85,9,1.646423,89.076418,80.304311,99.64447,88.896364,84.070796,94.715852,233,180,53,1.724243,91.006843,83.497758,99.719238,90.864291,89.261745,92.821535,184,112,72,1.591492,90.694087,82.972719,99.723816,90.554055,93.630573,87.936191,181,60,121,1.437378,85.165422,74.163569,99.575806,84.951331,91.618829,79.561316,278,73,205,1.329041,90.872618,83.272059,99.72229,90.731623,91.422805,90.329013,182,85,97,1.512146,92.453726,85.966461,99.757385,92.330724,88.224638,97.108674,159,130,29,1.68457,92.797495,86.562804,99.789429,92.690886,97.371303,88.634098,138,24,114,1.393127,92.944297,86.818632,99.797058,92.841776,99.319728,87.337986,133,6,127,1.345825,91.662404,84.608121,99.751282,91.536249,94.117647,89.332004,163,56,107,1.452637,93.258996,87.369421,99.797058,93.156004,94.845361,91.724826,133,50,83,1.480103,60.90134,43.782837,99.020386,60.429988,78.247261,49.850449,642,139,503,0.975037,92.277615,85.662432,99.758911,92.155206,90.50815,94.117647,158,99,59,1.591492,91.283525,83.964758,99.72229,91.142643,87.834101,95.014955,182,132,50,1.655579,92.838474,86.634146,99.790955,92.732657,97.582418,88.534397,137,22,115,1.38855
test_00701.jpg,305,0.465393,15,AEGIS-CD,AEGIS-CD,86.83068,76.726343,86.761849,91,1,0.0,6.558571,24.212599,True,100.721092,primary_best_F1;clear_margin_ge_2pct;has_change_gt,86.83068,76.726343,99.861145,86.761849,77.720207,98.360656,91,86,5,0.588989,79.46027,65.920398,99.790955,79.355984,73.20442,86.885246,137,97,40,0.552368,79.655172,66.189112,99.819946,79.564988,84.0,75.737705,118,44,74,0.419617,54.593875,37.545788,99.479675,54.341488,45.964126,67.213115,341,241,100,0.680542,32.287823,19.251925,98.880005,31.831849,22.464698,57.377049,734,604,130,1.18866,46.595745,30.37448,99.234009,46.257827,34.488189,71.803279,502,416,86,0.968933,77.29636,62.99435,99.80011,77.196303,81.985294,73.114754,131,49,82,0.415039,45.621181,29.551451,99.185181,45.269983,33.087149,73.442623,534,453,81,1.03302,76.225045,61.583578,99.80011,76.125834,85.365854,68.852459,131,36,95,0.375366,79.120879,65.454545,99.797058,79.019097,75.903614,82.622951,133,80,53,0.506592,80.272109,67.045455,99.778748,80.164094,68.604651,96.721311,145,135,10,0.656128,0.0,0.0,98.320007,-0.677498,0.0,0.0,1101,796,305,1.2146,76.061121,61.369863,99.784851,75.953198,78.873239,73.442623,141,60,81,0.43335,75.167785,60.215054,99.77417,75.054417,76.975945,73.442623,148,67,81,0.444031,74.295775,59.103641,99.777222,74.184515,80.228137,69.180328,146,52,94,0.401306
test_00124.jpg,53,0.080872,15,AEGIS-CD,AEGIS-CD,83.516484,71.698113,83.505343,15,1,0.0,8.222366,64.04328,True,100.715259,primary_best_F1;clear_margin_ge_2pct;has_change_gt;low_false_alarm_tendency,83.516484,71.698113,99.977112,83.505343,100.0,71.698113,15,0,15,0.057983,75.294118,60.377358,99.967957,75.279065,100.0,60.377358,21,0,21,0.048828,0.0,0.0,99.917603,-0.002995,0.0,0.0,54,1,53,0.001526,54.814815,37.755102,99.906921,54.770379,45.121951,69.811321,61,45,16,0.125122,0.0,0.0,99.69635,-0.118807,0.0,0.0,199,146,53,0.222778,75.0,60.0,99.94812,74.975298,61.445783,96.226415,34,32,2,0.126648,0.0,0.0,99.919128,0.0,0.0,0.0,53,0,53,0.0,0.0,0.0,99.703979,-0.117694,0.0,0.0,194,141,53,0.215149,0.0,0.0,99.919128,0.0,0.0,0.0,53,0,53,0.0,0.0,0.0,99.919128,0.0,0.0,0.0,53,0,53,0.0,67.515924,50.961538,99.92218,67.481082,50.961538,100.0,51,51,0,0.158691,0.0,0.0,99.919128,0.0,0.0,0.0,53,0,53,0.0,0.0,0.0,99.919128,0.0,0.0,0.0,53,0,53,0.0,0.0,0.0,99.919128,0.0,0.0,0.0,53,0,53,0.0,0.0,0.0,99.919128,0.0,0.0,0.0,53,0,53,0.0
test_01541.jpg,1167,1.780701,15,AEGIS-CD,AEGIS-CD,94.437577,89.461358,94.332794,135,1,0.0,2.709636,7.938495,True,100.695884,primary_best_F1;clear_margin_ge_2pct;has_change_gt,94.437577,89.461358,99.794006,94.332794,90.952381,98.200514,135,114,21,1.922607,87.93456,78.467153,99.549866,87.705697,84.115806,92.116538,295,203,92,1.950073,86.141079,75.655977,99.490356,85.881747,83.507643,88.946015,334,205,129,1.896667,84.267631,72.8125,99.468994,83.998406,89.186603,79.862896,348,113,235,1.594543,78.781827,64.991763,99.351501,78.461674,94.37799,67.609254,425,47,378,1.275635,85.631068,74.872666,99.54834,85.405755,98.768197,75.578406,296,11,285,1.36261,91.529506,84.381939,99.67804,91.366072,86.102719,97.686375,211,184,27,2.020264,81.319748,68.520033,99.412537,81.026642,93.736018,71.808055,385,56,329,1.364136,91.727941,84.719864,99.725342,91.589042,98.909812,85.518423,180,11,169,1.539612,90.145673,82.059282,99.649048,89.967015,90.145673,90.145673,230,115,115,1.780701,88.773055,79.812545,99.572754,88.556202,83.421251,94.858612,280,220,60,2.024841,81.19784,68.347107,99.415588,80.907429,95.057471,70.865467,383,43,340,1.327515,89.048761,80.259366,99.581909,88.836627,83.445693,95.45844,274,221,53,2.037048,89.806026,81.498127,99.623108,89.614294,86.624204,93.230506,247,168,79,1.916504,84.682441,73.434125,99.436951,84.395928,82.125604,87.403599,369,222,147,1.895142
test_02952.jpg,2822,4.30603,15,AEGIS-CD,AEGIS-CD,98.457764,96.962375,98.387578,88,1,0.0,0.633631,2.414465,True,100.690328,primary_best_F1;has_change_gt,98.457764,96.962375,99.865723,98.387578,97.399445,99.539334,88,75,13,4.400635,96.181631,92.644135,99.661255,96.004555,93.449198,99.078668,222,196,26,4.56543,97.319224,94.778427,99.768066,97.198016,96.875,97.767541,152,89,63,4.345703,97.069335,94.305556,99.749756,96.938643,97.909156,96.243799,164,58,106,4.232788,95.874126,92.075218,99.639893,95.685891,94.616977,97.165131,236,156,80,4.421997,97.039711,94.249649,99.749756,96.909115,98.896247,95.251595,164,30,134,4.147339,97.307692,94.756554,99.765015,97.184861,96.031746,98.618001,154,115,39,4.421997,95.967742,92.248062,99.664307,95.792822,99.392559,92.771084,220,16,204,4.019165,97.824132,95.740936,99.815369,97.727749,99.306316,96.385542,121,19,102,4.179382,97.389171,94.911202,99.772644,97.270333,96.325823,98.476258,149,106,43,4.402161,96.486393,93.211314,99.688721,96.323673,93.867292,99.255847,204,183,21,4.553223,84.768481,73.563624,98.855591,84.187138,99.286394,73.954642,750,15,735,3.207397,97.508394,95.137931,99.784851,97.395966,97.250617,97.767541,141,78,63,4.328918,97.185546,94.525177,99.752808,97.056324,95.330607,99.114103,162,137,25,4.476929,96.684603,93.581989,99.708557,96.532248,94.760122,98.688873,191,154,37,4.484558
test_01742.jpg,28164,42.974854,15,AEGIS-CD,AEGIS-CD,99.011512,98.042374,98.261408,559,1,0.0,0.828544,2.080174,True,100.668601,primary_best_F1;has_change_gt,99.011512,98.042374,99.147034,98.261408,98.622609,99.403494,559,391,168,43.315125,97.806533,95.707227,98.091125,96.11734,96.612283,99.030677,1251,978,273,44.050598,97.557134,95.230775,97.917175,95.74206,98.350954,96.776026,1365,457,908,42.286682,97.281021,94.705986,97.698975,95.287419,98.82409,95.7854,1508,321,1187,41.653442,94.188623,89.015592,94.958496,89.737546,93.3252,95.068172,3304,1915,1389,43.777466,97.937755,95.958849,98.249817,96.418033,99.202331,96.705013,1147,219,928,41.893005,98.182967,96.430788,98.420715,96.786718,97.103865,99.286323,1035,834,201,43.940735,95.343786,91.101887,96.107483,92.00429,98.103144,92.735407,2551,505,2046,40.623474,98.048772,96.172232,98.350525,96.620912,99.717296,96.435165,1081,77,1004,41.560364,96.537942,93.30758,97.065735,93.992711,97.918264,95.195995,1923,570,1353,41.78009,96.822985,93.841622,97.25647,94.408943,96.370032,97.280216,1798,1032,766,43.380737,94.888031,90.273289,95.774841,91.297241,98.830904,91.247692,2769,304,2465,39.677429,96.943231,94.067797,97.351074,94.606404,96.157608,97.741798,1736,1100,636,43.682861,97.535815,95.190153,97.871399,95.662433,97.050656,98.025849,1395,839,556,43.406677,97.964136,96.009513,98.258972,96.443418,98.461318,97.47195,1141,429,712,42.54303
test_00009.jpg,4704,7.177734,15,AEGIS-CD,AEGIS-CD,93.595128,87.961318,93.093349,610,1,0.0,3.083401,10.488027,True,100.653043,primary_best_F1;clear_margin_ge_2pct;has_change_gt,93.595128,87.961318,99.069214,93.093349,92.46888,94.74915,610,363,247,7.354736,87.080323,77.117049,98.144531,86.080816,87.043331,87.117347,1216,610,606,7.183838,80.948803,67.994951,97.291565,79.491107,81.747236,80.165816,1775,842,933,7.038879,80.497524,67.36055,97.535706,79.208253,93.178641,70.854592,1615,244,1371,5.458069,78.719163,64.906513,97.393799,77.37482,95.093317,67.155612,1708,163,1545,5.06897,84.10173,72.56513,97.911072,82.994067,92.679805,76.977041,1369,286,1083,5.961609,90.511727,82.667965,98.641968,89.78038,90.78272,90.242347,890,431,459,7.13501,71.534527,55.683854,96.603394,69.807466,89.762516,59.460034,2226,319,1907,4.754639,87.858407,78.34596,98.429871,87.029938,98.727128,79.145408,1029,48,981,5.754089,83.094349,71.078128,97.859192,81.973349,95.910987,73.29932,1403,147,1256,5.485535,87.251244,77.385549,98.123169,86.238941,85.133495,89.477041,1230,735,495,7.543945,76.76359,62.2897,97.195435,75.328076,94.697442,64.540816,1838,170,1668,4.891968,86.310329,75.917477,98.147583,85.320858,91.90682,81.356293,1214,337,877,6.35376,83.155519,71.167691,97.494507,81.803897,80.352895,86.160714,1642,991,651,7.696533,85.672183,74.935554,98.071289,84.643126,91.767848,80.335884,1264,339,925,6.283569
test_02828.jpg,1810,2.761841,15,AEGIS-CD,AEGIS-CD,92.866475,86.682927,92.652575,273,1,0.0,3.427101,9.85355,True,100.608769,primary_best_F1;clear_margin_ge_2pct;has_change_gt,92.866475,86.682927,99.583435,92.652575,88.10114,98.176796,273,240,33,3.077698,84.067254,72.513812,99.08905,83.598929,81.311306,87.016575,597,362,235,2.955627,82.744496,70.567686,98.971558,82.217408,77.099237,89.281768,674,480,194,3.198242,84.502837,73.164426,99.208069,84.099219,91.94282,78.176796,519,124,395,2.348328,83.814849,72.139037,99.205017,83.413831,95.741661,74.530387,521,60,461,2.149963,83.705289,71.976866,99.186707,83.293102,93.702943,75.635359,533,92,441,2.229309,89.439374,80.896226,99.382019,89.122101,84.691358,94.751381,405,310,95,3.089905,80.154639,66.88172,99.060059,79.686885,96.136012,68.729282,616,50,566,1.974487,89.360448,80.767182,99.449158,89.079007,95.76753,83.756906,361,67,294,2.415466,84.216691,72.736469,99.177551,83.796028,89.595016,79.447514,539,167,372,2.449036,84.886012,73.740831,99.180603,84.465052,86.517499,83.314917,537,235,302,2.659607,61.560799,44.46775,98.384094,60.818428,89.73545,46.850829,1059,97,962,1.441956,84.322508,72.894482,99.145508,83.883374,85.471056,83.20442,560,256,304,2.688599,82.031883,69.537334,98.985291,81.510044,80.274987,83.867403,665,373,292,2.885437,87.373875,77.578692,99.293518,87.010528,86.268174,88.508287,463,255,208,2.833557
test_01224.jpg,720,1.098633,15,AEGIS-CD,AEGIS-CD,95.219124,90.874525,95.163661,72,1,0.0,2.270836,8.898146,True,100.565727,primary_best_F1;clear_margin_ge_2pct;has_change_gt,95.219124,90.874525,99.890137,95.163661,91.221374,99.583333,72,69,3,1.199341,91.639236,84.568651,99.806213,91.541475,87.108886,96.666667,127,103,24,1.219177,92.948287,86.825596,99.839783,92.867347,89.986996,96.111111,105,77,28,1.173401,89.358799,80.764488,99.761963,89.238473,87.801609,90.972222,156,91,65,1.138306,58.575198,41.41791,99.041748,58.091698,55.778894,61.666667,628,352,276,1.2146,88.186606,78.869448,99.760437,88.066451,96.223317,81.388889,157,23,134,0.92926,92.3674,85.817308,99.819946,92.276732,86.440678,99.166667,118,112,6,1.260376,81.882353,69.322709,99.647522,81.707392,94.054054,72.5,231,33,198,0.846863,91.339748,84.059946,99.821472,91.24995,97.7813,85.694444,117,14,103,0.96283,89.270386,80.620155,99.771118,89.154817,92.035398,86.666667,150,54,96,1.034546,70.004861,53.851907,99.058533,69.570273,53.851907,100.0,617,617,0,2.0401,88.888889,80.0,99.766541,88.771169,93.150685,85.0,153,45,108,1.002502,91.60105,84.503632,99.804688,91.502548,86.81592,96.944444,128,106,22,1.226807,90.823845,83.190184,99.790955,90.718252,87.71022,94.166667,137,95,42,1.179504,91.607027,84.513806,99.803162,91.507841,86.168911,97.777778,129,113,16,1.246643
test_01104.jpg,1655,2.52533,15,AEGIS-CD,AEGIS-CD,97.102306,94.367816,97.025594,98,1,0.0,1.268973,6.459011,True,100.516519,primary_best_F1;has_change_gt,97.102306,94.367816,99.850464,97.025594,95.07817,99.214502,98,85,13,2.635193,93.793947,88.313184,99.690247,93.635129,94.925743,92.688822,203,82,121,2.46582,91.751676,84.760366,99.568176,91.530243,88.626126,95.10574,283,202,81,2.709961,91.3477,84.073416,99.589539,91.138383,97.661623,85.800604,269,34,235,2.218628,89.692586,81.311475,99.478149,89.424886,89.476849,89.909366,342,175,167,2.537537,81.459508,68.718719,99.046326,80.970248,80.011655,82.960725,625,343,282,2.618408,95.751538,91.849354,99.778748,95.638061,92.94653,98.731118,145,124,21,2.682495,91.594376,84.492274,99.571228,91.374401,90.699052,92.507553,281,157,124,2.575684,95.833333,92.0,99.795532,95.72862,98.71877,93.111782,134,20,114,2.381897,93.011901,86.93668,99.650574,92.832727,93.958076,92.084592,229,98,131,2.474976,79.970725,66.626016,98.747253,79.348831,67.062193,99.033233,821,805,16,3.729248,92.204219,85.536018,99.610901,92.004719,93.316832,91.117825,255,108,147,2.46582,93.471383,87.742981,99.653625,93.293898,89.187706,98.187311,227,197,30,2.780151,88.307528,79.063098,99.331665,87.968324,79.100909,99.939577,438,437,1,3.190613,90.81571,83.176536,99.536133,90.577768,90.81571,90.81571,304,152,152,2.52533
test_02086.jpg,1894,2.890015,15,AEGIS-CD,AEGIS-CD,97.368421,94.871795,97.288272,102,1,0.0,1.118421,5.678016,True,100.499764,primary_best_F1;has_change_gt,97.368421,94.871795,99.84436,97.288272,95.206862,99.630412,102,95,7,3.024292,92.899702,86.740844,99.563599,92.675408,87.675726,98.785639,286,263,23,3.256226,93.157628,87.191651,99.588013,92.945591,89.57115,97.043295,270,214,56,3.131104,91.404255,84.169279,99.537659,91.168055,98.773758,85.058078,303,20,283,2.488708,81.625115,68.954758,99.08905,81.171235,97.859779,70.01056,597,29,568,2.067566,95.972073,92.256066,99.771118,95.854321,97.650273,94.350581,150,43,107,2.792358,94.996111,90.469136,99.705505,94.844449,93.326541,96.726505,193,131,62,2.9953,91.011553,83.505688,99.513245,90.762567,97.583082,85.269271,319,40,279,2.52533,94.782846,90.083074,99.708557,94.633123,98.189021,91.605069,191,32,159,2.696228,96.25,92.771084,99.780273,96.136842,94.964029,97.571278,144,98,46,2.96936,95.129376,90.711176,99.707031,94.978587,91.552734,98.996832,192,173,19,3.125,73.311037,57.866948,98.782349,72.733338,100.0,57.866948,798,0,798,1.672363,94.265878,89.153696,99.659729,94.090662,91.879699,96.779303,223,162,61,3.044128,93.898656,88.499025,99.639893,93.713209,91.995947,95.881732,236,158,78,3.012085,94.96144,90.406265,99.700928,94.807439,92.53507,97.518479,196,149,47,3.045654
test_01156.jpg,425,0.648499,15,AEGIS-CD,AEGIS-CD,86.859688,76.771654,86.769301,118,1,0.0,6.41586,30.048598,True,100.473834,primary_best_F1;clear_margin_ge_2pct;has_change_gt,86.859688,76.771654,99.819946,86.769301,82.452431,91.764706,118,83,35,0.721741,78.418803,64.499121,99.691772,78.264901,71.819961,86.352941,202,144,58,0.779724,72.440945,56.790123,99.679565,72.281952,81.89911,64.941176,210,61,149,0.514221,38.432836,23.787529,99.49646,38.267024,92.792793,24.235294,330,8,322,0.169373,0.0,0.0,99.351501,0.0,0.0,0.0,425,0,425,0.0,66.968326,50.340136,99.665833,66.813815,93.277311,52.235294,219,16,203,0.363159,76.377953,61.783439,99.633789,76.19838,65.651438,91.294118,240,203,37,0.901794,0.0,0.0,99.351501,0.0,0.0,0.0,425,0,425,0.0,80.443828,67.285383,99.784851,80.33914,97.972973,68.235294,141,6,135,0.45166,78.441558,64.529915,99.746704,78.315545,87.536232,71.058824,166,43,123,0.526428,77.735125,63.579278,99.645996,77.562809,65.640194,95.294118,232,212,20,0.941467,0.0,0.0,99.351501,0.0,0.0,0.0,425,0,425,0.0,76.415094,61.832061,99.694824,76.261514,76.595745,76.235294,200,99,101,0.645447,70.646766,54.615385,99.549866,70.425396,61.206897,83.529412,295,225,70,0.88501,79.034029,65.335753,99.708557,78.88795,74.074074,84.705882,191,126,65,0.741577
test_00368.jpg,2465,3.761292,15,AEGIS-CD,AEGIS-CD,92.913386,86.764706,92.627913,360,1,0.0,3.294235,10.453099,True,100.43992,primary_best_F1;clear_margin_ge_2pct;has_change_gt,92.913386,86.764706,99.450684,92.627913,90.248566,95.740365,360,255,105,3.990173,85.42983,74.565508,98.838806,84.827118,80.891951,90.507099,761,527,234,4.208374,84.14393,72.627986,98.776245,83.507917,82.067104,86.3286,802,465,337,3.956604,82.16399,69.727403,98.712158,81.497165,85.752095,78.864097,844,323,521,3.459167,73.060649,57.555556,98.251343,72.180556,86.86417,63.042596,1146,235,911,2.729797,78.335915,64.38705,98.506165,77.568952,86.17332,71.805274,979,284,695,3.134155,89.103929,80.34904,99.14093,88.657746,85.196151,93.387424,563,400,163,4.122925,80.071975,66.766692,98.648071,79.380856,89.853609,72.210953,886,201,685,3.022766,89.619151,81.190852,99.272156,89.244085,96.666667,83.529412,477,71,406,3.250122,84.198895,72.709924,98.908997,83.638574,92.475728,77.281947,715,155,560,3.143311,86.273771,75.860927,98.887634,85.697209,80.498946,92.941176,729,555,174,4.342651,74.993816,59.992085,98.457336,74.237402,96.070976,61.501014,1011,62,949,2.407837,83.009901,70.954638,98.690796,82.329467,81.083172,85.030426,858,489,369,3.944397,85.106383,74.074074,98.760986,84.466169,77.669903,94.117647,812,667,145,4.5578,78.931876,65.196249,98.471069,78.139729,81.929289,76.146045,1002,414,588,3.495789
test_01286.jpg,6640,10.131836,15,AEGIS-CD,AEGIS-CD,99.504132,99.013158,99.448087,66,1,0.0,0.092456,1.246486,True,100.432453,primary_best_F1;has_change_gt,99.504132,99.013158,99.899292,99.448087,99.28036,99.728916,66,48,18,10.177612,98.380598,96.812809,99.674988,98.199984,99.339782,97.439759,213,43,170,9.938049,99.33685,98.682437,99.865723,99.262148,99.411765,99.262048,88,39,49,10.116577,97.228211,94.605933,99.450684,96.923514,99.464398,95.090361,360,34,326,9.686279,98.343891,96.741742,99.668884,98.159981,99.690546,97.033133,217,20,197,9.861755,97.015735,94.204426,99.412537,96.690248,99.952084,94.246988,385,3,382,9.553528,98.94611,97.914201,99.784851,98.826314,98.21932,99.683735,141,120,21,10.282898,94.878493,90.256024,99.012756,94.333805,100.0,90.256024,647,0,647,9.144592,99.411676,98.830234,99.880981,99.34547,99.576911,99.246988,78,28,50,10.098267,99.181128,98.375559,99.833679,99.088569,98.950682,99.412651,109,70,39,10.179138,99.022898,98.064707,99.80011,98.911577,98.09369,99.96988,131,129,2,10.325623,98.729583,97.491039,99.743652,98.587029,99.149453,98.313253,168,56,112,10.046387,98.243013,96.5467,99.638367,98.041507,96.74405,99.789157,237,223,14,10.450745,98.55375,97.148736,99.703979,98.388883,97.578978,99.548193,194,164,30,10.336304,98.335115,96.72476,99.667358,98.150377,99.752092,96.957831,218,16,202,9.848022
test_00775.jpg,10156,15.496826,15,AEGIS-CD,AEGIS-CD,97.064787,94.29697,96.514099,608,1,0.0,1.40311,4.696711,True,100.346165,primary_best_F1;has_change_gt,97.064787,94.29697,99.072266,96.514099,95.216897,98.985821,608,505,103,16.110229,94.094657,88.847885,98.109436,92.970587,91.187067,97.193777,1239,954,285,16.517639,92.371965,85.82519,97.631836,90.970311,92.217861,92.526585,1552,793,759,15.548706,93.870647,88.449278,98.120117,92.760603,94.871279,92.890902,1232,510,722,15.17334,82.585377,70.336534,95.144653,79.80523,92.964515,74.291059,3182,571,2611,12.384033,93.932088,88.558439,98.156738,92.845932,95.877769,92.063805,1208,402,806,14.880371,95.661677,91.684124,98.606873,94.83308,92.441914,99.113824,913,823,90,16.615295,90.879545,83.283693,97.259521,89.268928,93.833893,88.105553,1796,588,1208,14.550781,95.507555,91.401398,98.648071,94.712704,98.452854,92.73336,886,148,738,14.596558,93.432641,87.674726,98.008728,92.259771,95.553268,91.404096,1305,432,873,14.823914,92.107088,85.368989,97.395325,90.554302,86.827652,98.070106,1707,1511,196,17.503357,90.883266,83.289943,97.355652,89.345306,97.571445,85.053171,1733,215,1518,13.508606,91.536195,84.393309,97.195435,89.863859,85.977509,97.863332,1838,1621,217,17.63916,93.632109,88.026667,97.944641,92.40897,90.051832,97.508862,1347,1094,253,16.78009,92.658252,86.320796,97.63031,91.248055,89.115213,96.494683,1553,1197,356,16.78009
test_02962.jpg,4641,7.081604,15,AEGIS-CD,AEGIS-CD,98.280833,96.619777,98.148559,161,1,0.0,0.579432,1.774976,True,100.335616,primary_best_F1;has_change_gt,98.280833,96.619777,99.754333,98.148559,97.417443,99.159664,161,122,39,7.208252,96.618667,93.458522,99.516296,96.358211,95.669624,97.586727,317,205,112,7.223511,95.793991,91.927512,99.401855,95.472031,95.405001,96.186167,392,215,177,7.139587,96.733613,93.673862,99.54834,96.491163,99.140466,94.440853,296,38,258,6.745911,97.643979,95.396419,99.67041,97.46682,98.873426,96.444732,216,51,165,6.907654,96.960958,94.101184,99.581909,96.736681,99.908571,94.182288,274,4,270,6.67572,97.513931,95.148473,99.645996,97.323366,96.994244,98.039216,232,141,91,7.157898,94.954955,90.394511,99.316406,94.589125,99.457419,90.842491,448,23,425,6.468201,97.701401,95.506099,99.679565,97.529227,99.288098,96.16462,210,32,178,6.858826,96.943421,94.068153,99.569702,96.71199,97.535442,96.358543,282,113,169,6.996155,96.494015,93.225542,99.494934,96.221964,94.895833,98.146951,331,245,86,7.324219,92.548856,86.131103,98.912048,91.962608,89.853896,95.410472,713,500,213,7.519531,96.900385,93.987145,99.557495,96.662141,96.139979,97.672915,290,182,108,7.194519,96.974217,94.126163,99.56665,96.74086,95.911486,98.060763,284,194,90,7.240295,97.299614,94.741235,99.615479,97.092622,96.78107,97.823745,252,151,101,7.157898
test_01592.jpg,6091,9.294128,15,AEGIS-CD,AEGIS-CD,95.782313,91.906005,95.338184,527,1,0.0,1.874717,7.850066,True,100.317041,primary_best_F1;has_change_gt,95.782313,91.906005,99.195862,95.338184,93.441599,98.24331,527,420,107,9.771729,90.130524,82.034181,98.027039,89.040481,84.222539,96.929897,1293,1106,187,10.696411,87.623465,77.973097,97.801208,86.419727,91.876801,83.746511,1441,451,990,8.47168,86.181198,75.717892,97.651672,84.910339,95.105034,78.788376,1539,247,1292,7.699585,74.580219,59.464479,96.003723,72.489677,91.215575,63.07667,2619,370,2249,6.427002,89.777241,81.450728,98.193359,88.789279,94.682207,85.355442,1184,292,892,8.378601,93.907596,88.51491,98.812866,93.251501,89.773918,98.440322,778,683,95,10.191345,83.539604,71.7322,97.158813,81.994887,90.499904,77.573469,1862,496,1366,7.966614,92.882287,86.710484,98.735046,92.189735,97.354212,88.803152,829,147,682,8.477783,86.007545,75.450208,97.566223,84.68163,92.351168,80.479396,1595,406,1189,8.099365,87.861718,78.351225,97.599792,86.535253,82.891672,93.465769,1573,1175,398,10.479736,83.989971,72.398889,97.271729,82.512206,92.377388,76.998851,1788,387,1401,7.746887,92.961551,86.848746,98.648071,92.214631,90.056949,96.05976,886,646,240,9.913635,89.75265,81.410256,97.964478,88.62783,84.336654,95.912001,1334,1085,249,10.569763,91.855893,84.938418,98.451233,91.000621,89.830508,93.974717,1015,648,367,9.7229
test_00290.jpg,2713,4.139709,15,AEGIS-CD,AEGIS-CD,98.379756,96.811179,98.308895,89,1,0.0,0.487572,2.380631,True,100.311885,primary_best_F1;has_change_gt,98.379756,96.811179,99.864197,98.308895,97.194245,99.594545,89,78,11,4.241943,95.653717,91.6695,99.62616,95.458682,92.202462,99.373387,245,228,17,4.46167,97.520362,95.160721,99.790955,97.411276,95.803698,99.299668,137,118,19,4.290771,96.808511,93.814433,99.743652,96.675106,99.882399,93.918172,168,3,165,3.892517,95.33408,91.084165,99.61853,95.135249,96.559546,94.139329,250,91,159,4.03595,96.869664,93.92936,99.74823,96.738623,99.804535,94.10247,165,5,160,3.903198,97.744903,95.589273,99.809265,97.645371,95.724382,99.852562,125,121,4,4.318237,96.469248,93.179318,99.716187,96.321538,99.452055,93.660155,186,14,172,3.898621,97.62533,95.360825,99.807739,97.525197,99.884304,95.466273,126,3,123,3.956604,96.953742,94.087591,99.752808,96.824974,98.963532,95.023959,162,27,135,3.974915,96.196232,92.671233,99.673462,96.025866,92.893924,99.741983,214,207,7,4.444885,88.338943,79.113475,99.101257,87.874239,95.423439,82.23369,589,107,482,3.567505,93.72617,88.193085,99.447632,93.438342,88.452731,99.668264,362,353,9,4.664612,96.854664,93.901157,99.734497,96.716116,95.0337,98.746775,174,140,34,4.301453,97.892184,95.871392,99.827576,97.802309,99.093656,96.719499,113,24,89,4.040527
test_00713.jpg,11695,17.845154,15,AEGIS-CD,AEGIS-CD,98.913136,97.849643,98.67505,256,1,0.0,0.517691,1.436021,True,100.306259,primary_best_F1;has_change_gt,98.913136,97.849643,99.609375,98.67505,98.229193,99.60667,256,210,46,18.095398,98.339632,96.7335,99.403381,97.976009,97.680108,99.008123,391,275,116,18.087769,97.616028,95.343077,99.139404,97.091039,96.522611,98.734502,564,416,148,18.254089,97.048396,94.266036,98.945618,96.406567,96.96142,97.135528,691,356,335,17.877197,96.846923,93.886606,98.864746,96.15474,96.008739,97.699872,744,475,269,18.159485,98.33013,96.715114,99.403381,97.96694,98.225256,98.435229,391,208,183,17.883301,98.062832,96.199289,99.298096,97.634349,96.614389,99.555366,460,408,52,18.388367,95.707161,91.76772,98.529053,94.821482,99.860608,91.885421,964,15,949,16.419983,98.395445,96.841569,99.432373,98.050676,99.27757,97.528858,372,83,289,17.530823,97.557884,95.232203,99.118042,97.01982,96.42529,98.717401,578,428,150,18.269348,98.142363,96.352483,99.328613,97.732704,96.931032,99.384352,440,368,72,18.296814,95.053246,90.572831,98.242188,93.984467,95.471405,94.638735,1152,525,627,17.689514,97.836121,95.763906,99.220276,97.360635,96.912752,98.777255,511,368,143,18.188477,97.849417,95.789386,99.226379,97.377811,97.087542,98.623343,507,346,161,18.127441,97.894027,95.874928,99.237061,97.4283,96.46385,99.367251,500,426,74,18.382263
test_00619.jpg,1882,2.871704,15,AEGIS-CD,AEGIS-CD,95.025641,90.522716,94.873283,194,1,0.0,2.191847,5.7236,True,100.30292,primary_best_F1;clear_margin_ge_2pct;has_change_gt,95.025641,90.522716,99.703979,94.873283,91.823588,98.459086,194,165,29,3.079224,88.994497,80.171248,99.328613,88.649466,84.073724,94.527099,440,337,103,3.22876,87.573964,77.894737,99.295044,87.211253,88.671024,86.503719,462,208,254,2.801514,90.274447,82.272948,99.443054,89.987768,90.539818,90.010627,365,177,188,2.854919,85.057471,74.0,99.087524,84.588581,80.283019,90.435707,598,418,180,3.234863,91.249666,83.90748,99.501038,90.992876,91.913747,90.595112,327,150,177,2.830505,92.833794,86.625997,99.565125,92.610216,88.114558,98.087141,285,249,36,3.196716,86.328125,75.945017,99.252319,85.944772,90.893067,82.199787,490,155,335,2.597046,92.189719,85.511064,99.580383,91.975174,99.023795,86.238045,275,16,259,2.500916,87.693562,78.08418,99.308777,87.338149,89.716509,85.75983,453,185,268,2.745056,89.081886,80.313199,99.328613,88.7371,83.566108,95.377258,440,353,87,3.277588,88.164183,78.833585,99.357605,87.835175,93.61194,83.315622,421,107,314,2.555847,90.383151,82.453704,99.421692,90.085654,86.4983,94.633369,379,278,101,3.141785,90.455213,82.573727,99.404907,90.150061,83.84755,98.193411,390,356,34,3.363037,89.948893,81.733746,99.369812,89.625968,82.98159,98.193411,413,379,34,3.398132
test_01735.jpg,8950,13.656616,15,AEGIS-CD,AEGIS-CD,97.472924,95.070423,97.063521,462,1,0.0,1.130048,4.080527,True,100.30019,primary_best_F1;has_change_gt,97.472924,95.070423,99.295044,97.063521,95.477925,99.553073,462,422,40,14.239502,95.095694,90.649943,98.623657,94.295863,92.618089,97.709497,902,697,205,14.407349,95.077043,90.616053,98.649597,94.294532,94.671541,95.486034,885,481,404,13.774109,95.369571,91.148983,98.771667,94.662203,98.280972,92.625698,805,145,660,12.870789,88.208008,78.903691,97.052002,86.5399,97.202045,80.73743,1932,208,1724,11.343384,93.89237,88.487859,98.408508,92.97986,98.646487,89.575419,1043,110,933,12.400818,96.306445,92.876017,98.971558,95.709306,94.504194,98.178771,674,511,163,14.187622,88.176427,78.853165,97.079468,86.531625,98.604587,79.743017,1914,101,1813,11.044312,96.341955,92.942092,99.031067,95.784157,99.441075,93.430168,635,47,588,12.831116,94.841426,90.188961,98.597717,94.030018,95.296108,94.391061,919,417,502,13.526917,95.596794,91.564998,98.776245,94.886411,93.976684,97.273743,802,558,244,14.135742,88.012561,78.591458,96.97113,86.292133,95.768169,81.418994,1985,322,1663,11.610413,93.661295,88.078274,98.187256,92.606187,89.634395,98.067039,1188,1015,173,14.941406,90.57109,82.767059,97.206116,88.942955,84.000382,98.256983,1831,1675,156,15.974426,96.342876,92.943806,98.988342,95.755963,95.141083,97.575419,663,446,217,14.006042
test_01947.jpg,589,0.898743,15,AEGIS-CD,AEGIS-CD,92.95302,86.833856,92.888354,84,1,0.0,3.253101,14.607793,True,100.25416,primary_best_F1;clear_margin_ge_2pct;has_change_gt,92.95302,86.833856,99.871826,92.888354,91.873964,94.057725,84,49,35,0.920105,81.855841,69.284712,99.665833,81.687303,79.935275,83.870968,219,124,95,0.942993,89.0,80.18018,99.798584,88.898396,87.397709,90.662139,132,77,55,0.932312,81.909548,69.361702,99.67041,81.743268,80.826446,83.022071,216,116,100,0.923157,74.782609,59.722222,99.557495,74.559531,76.648841,73.005093,290,131,159,0.856018,79.710145,66.26506,99.658203,79.538576,85.436893,74.702886,224,75,149,0.785828,89.699919,81.323529,99.806213,89.602302,85.869565,93.887946,127,91,36,0.982666,77.697842,63.529412,99.57428,77.483669,73.413897,82.512733,279,176,103,1.010132,87.375114,77.580645,99.787903,87.268694,93.945312,81.663837,139,31,108,0.78125,85.804917,75.138889,99.726868,85.667627,80.505952,91.850594,179,131,48,1.025391,88.143908,78.80117,99.778748,88.032393,85.015773,91.511036,145,95,50,0.967407,0.0,0.0,99.101257,0.0,0.0,0.0,589,0,589,0.0,85.911841,75.30303,99.751282,85.786416,87.5,84.380306,163,71,92,0.866699,86.22487,75.78534,99.717712,86.084439,76.790451,98.302207,185,175,10,1.150513,88.716624,79.721362,99.80011,88.615807,90.034965,87.436333,131,57,74,0.872803
test_02869.jpg,2588,3.948975,15,AEGIS-CD,AEGIS-CD,97.294185,94.730942,97.182162,141,1,0.0,1.002136,5.404286,True,100.245907,primary_best_F1;has_change_gt,97.294185,94.730942,99.784851,97.182162,96.645063,97.952087,141,88,53,4.00238,95.403821,91.211573,99.629211,95.210723,93.442016,97.449768,243,177,66,4.118347,90.249341,82.231252,99.266052,89.868977,94.925373,86.012365,481,119,362,3.578186,82.058288,69.57529,98.797607,81.456734,99.889135,69.629057,788,2,786,2.752686,88.402062,79.214781,99.176025,87.980423,99.516441,79.520866,540,10,530,3.155518,94.092582,88.844184,99.534607,93.850345,94.330097,93.85626,305,146,159,3.929138,96.292049,92.849244,99.703979,96.137903,95.272315,97.333849,194,125,69,4.034424,86.549205,76.287879,99.0448,86.060478,97.483059,77.820711,626,52,574,3.152466,96.0555,92.410374,99.69635,95.897709,98.616199,93.62442,199,34,165,3.749084,90.801065,83.15197,99.31488,90.446605,96.641954,85.625966,449,77,372,3.49884,93.179984,87.230827,99.484253,92.912525,97.508446,89.219474,338,59,279,3.613281,87.719977,78.126076,99.031067,87.215613,87.804878,87.63524,635,315,320,3.941345,93.841317,88.397213,99.491882,93.576831,89.996453,98.029366,333,282,51,4.301453,96.202532,92.682927,99.702454,96.047703,96.976835,95.440495,195,77,118,3.886414,95.610868,91.590826,99.647522,95.427309,94.056075,97.217929,231,159,72,4.081726
test_00210.jpg,3398,5.184937,15,AEGIS-CD,AEGIS-CD,99.151054,98.316401,99.104371,58,1,0.0,0.050361,1.236708,True,100.242529,primary_best_F1;has_change_gt,99.151054,98.316401,99.911499,99.104371,98.631334,99.67628,58,47,11,5.239868,98.33581,96.726103,99.829102,98.245745,99.309724,97.380812,112,23,89,5.084229,96.445835,93.13564,99.61853,96.244527,93.289329,99.823426,250,244,6,5.548096,97.968937,96.018735,99.79248,97.859617,99.454215,96.527369,136,18,118,5.032349,98.083258,96.238613,99.804688,97.980393,99.847561,96.380224,128,5,123,5.004883,98.15091,96.36896,99.810791,98.051223,99.486094,96.851089,124,17,107,5.047607,98.874434,97.773923,99.882507,98.812455,98.228289,99.529135,77,61,16,5.253601,96.559042,93.347011,99.653625,96.376851,99.562363,93.731607,227,14,213,4.881287,98.735307,97.502204,99.8703,98.666961,99.849534,97.645674,85,5,80,5.070496,98.005614,96.089224,99.794006,97.89701,98.398101,97.616245,135,54,81,5.143738,99.100693,98.217417,99.906921,99.051614,99.29099,98.911124,61,24,37,5.1651,96.432154,93.110127,99.620056,96.231643,93.968165,99.02884,249,216,33,5.464172,97.172684,94.500846,99.702454,97.015683,95.77022,98.616833,195,148,47,5.33905,98.670951,97.376766,99.861145,98.597701,97.941432,99.411418,91,71,20,5.262756,98.265216,96.589595,99.819946,98.170262,98.178613,98.351972,118,62,56,5.194092
test_02358.jpg,3977,6.06842,15,AEGIS-CD,AEGIS-CD,98.892622,97.8095,98.820293,89,1,0.0,0.196914,2.637722,True,100.233029,primary_best_F1;has_change_gt,98.892622,97.8095,99.864197,98.820293,97.881773,99.924566,89,86,3,6.195068,97.371653,94.877932,99.673462,97.197669,95.17407,99.67312,214,201,13,6.355286,97.837972,95.767453,99.734497,97.696557,96.708425,98.994217,174,134,40,6.211853,98.695707,97.425,99.842834,98.612091,99.413265,97.988433,103,23,80,5.981445,92.224768,85.571393,99.119568,91.760682,99.361208,86.044757,577,22,555,5.255127,96.316543,92.894803,99.568176,96.08749,99.8381,93.034951,283,6,277,5.654907,98.490707,97.026296,99.815369,98.392384,97.722772,99.270807,121,92,29,6.164551,94.715291,89.961108,99.369812,94.380332,96.430433,93.060096,413,137,276,5.856323,98.676171,97.386935,99.841309,98.59178,99.92266,97.460397,104,3,101,5.918884,94.566019,89.692164,99.325562,94.206676,92.518643,96.70606,442,311,131,6.343079,98.472619,96.991194,99.812317,98.37265,97.276742,99.698265,123,111,12,6.219482,86.603878,76.372875,98.155212,85.628242,77.416799,98.265024,1209,1140,69,7.702637,98.003943,96.086011,99.752808,97.872244,96.086011,100.0,162,162,0,6.315613,97.785978,95.66787,99.725342,97.639641,95.713942,99.949711,180,178,2,6.336975,97.807342,95.708775,99.728394,97.662635,95.870563,99.823988,178,171,7,6.318665
test_02639.jpg,2965,4.524231,15,AEGIS-CD,AEGIS-CD,94.821108,90.152221,94.567667,317,1,0.0,2.214362,8.290399,True,100.226044,primary_best_F1;clear_margin_ge_2pct;has_change_gt,94.821108,90.152221,99.516296,94.567667,91.951838,97.875211,317,254,63,4.815674,89.383282,80.804496,99.009705,88.864399,86.78526,92.141653,649,416,233,4.803467,86.14436,75.661039,98.834229,85.539491,93.173794,80.10118,764,174,590,3.889465,82.279712,69.89425,98.609924,81.574018,97.196691,71.332209,911,61,850,3.320312,83.943444,72.329773,98.735046,83.300144,98.589627,73.086003,829,31,798,3.353882,87.179487,77.272727,98.962402,86.646654,98.845661,77.976391,680,27,653,3.569031,92.606745,86.231436,99.320984,92.250978,91.257367,93.996627,445,267,178,4.660034,78.808893,65.02861,98.414612,78.022865,99.690402,65.160202,1039,6,1033,2.957153,88.082707,78.703393,99.032593,87.585445,99.490446,79.021922,634,12,622,3.593445,89.384478,80.806452,99.092102,88.911915,94.886364,84.485666,595,135,460,4.02832,91.169532,83.772066,99.200439,90.750794,91.108117,91.231029,524,264,260,4.530334,84.04176,72.475884,98.693848,83.368718,93.955815,76.020236,856,145,711,3.660583,85.985581,75.41641,98.783875,85.351152,89.823659,82.462057,797,277,520,4.153442,86.016203,75.463535,98.788452,85.384302,90.011058,82.360877,794,271,523,4.139709,86.403746,76.062143,98.847961,85.805138,92.697063,80.910624,755,189,566,3.948975
test_01091.jpg,143,0.218201,15,AEGIS-CD,AEGIS-CD,88.745981,79.768786,88.719388,35,1,0.0,5.358359,34.853439,True,100.223608,primary_best_F1;clear_margin_ge_2pct;has_change_gt,88.745981,79.768786,99.946594,88.719388,82.142857,96.503497,35,30,5,0.256348,79.224377,65.59633,99.885559,79.169481,65.59633,100.0,75,75,0,0.332642,82.55814,70.29703,99.908447,82.513551,70.646766,99.300699,60,59,1,0.306702,0.0,0.0,99.771118,-0.02037,0.0,0.0,150,7,143,0.010681,0.0,0.0,99.781799,0.0,0.0,0.0,143,0,143,0.0,37.229437,22.87234,99.778748,37.124909,48.863636,30.06993,145,45,100,0.134277,62.211982,45.150502,99.749756,62.101086,46.391753,94.405594,164,156,8,0.444031,66.968326,50.340136,99.888611,66.917371,94.871795,51.748252,73,4,69,0.119019,83.387622,71.50838,99.92218,83.348804,78.04878,89.51049,51,36,15,0.250244,65.372168,48.557692,99.836731,65.290795,60.843373,70.629371,107,65,42,0.253296,68.681319,52.301255,99.82605,68.598117,56.561086,87.412587,114,96,18,0.337219,0.0,0.0,99.781799,0.0,0.0,0.0,143,0,143,0.0,60.952381,43.835616,99.812317,60.859113,55.813953,67.132867,123,76,47,0.262451,72.5,56.862745,99.865723,72.433459,65.536723,81.118881,88,61,27,0.270081,75.409836,60.526316,99.885559,75.352705,70.987654,80.41958,75,47,28,0.247192
test_01818.jpg,1402,2.139282,15,AEGIS-CD,AEGIS-CD,95.446646,91.289894,95.344525,131,1,0.0,1.958749,5.026047,True,100.221109,primary_best_F1;has_change_gt,95.446646,91.289894,99.80011,95.344525,93.084746,97.931526,131,102,29,2.250671,91.171534,83.775447,99.598694,90.966939,86.112873,96.861626,263,219,44,2.406311,91.842284,84.915148,99.633789,91.655396,87.727273,96.36234,240,189,51,2.349854,90.502793,82.653061,99.610901,90.304573,94.699922,86.661912,255,68,187,1.957703,85.703971,74.984207,99.395752,85.395372,86.769006,84.664765,396,181,215,2.087402,90.82774,83.196721,99.624634,90.636542,95.15625,86.875892,246,62,184,1.953125,93.487896,87.772087,99.708557,93.339134,89.549314,97.788873,191,160,31,2.336121,89.289658,80.651596,99.555969,89.06318,92.243346,86.519258,291,102,189,2.006531,92.3018,85.704125,99.693298,92.146205,99.669148,85.948645,201,4,197,1.844788,93.271296,87.391013,99.713135,93.124741,93.606322,92.938659,188,89,99,2.124023,92.143349,85.43131,99.6521,91.965668,89.133333,95.363766,228,163,65,2.288818,82.742317,70.564516,99.331665,82.405367,92.429577,74.89301,438,86,352,1.733398,89.509079,81.010347,99.523926,89.266329,84.669211,94.935806,312,241,71,2.398682,90.05059,81.90184,99.549866,89.821009,85.412668,95.221113,295,228,67,2.384949,93.044077,86.992917,99.691772,92.886663,89.946738,96.36234,202,151,51,2.29187
test_02327.jpg,5024,7.666016,15,AEGIS-CD,AEGIS-CD,99.285714,98.58156,99.226207,72,1,0.0,0.032206,2.494455,True,100.216825,primary_best_F1;has_change_gt,99.285714,98.58156,99.890137,99.226207,98.971519,99.601911,72,52,20,7.714844,98.556496,97.154073,99.778748,98.436688,98.585939,98.52707,145,71,74,7.661438,94.495508,89.565388,99.186707,94.057097,98.197038,91.062898,533,84,449,7.10907,95.077882,90.617577,99.276733,94.688365,99.392097,91.122611,474,28,446,7.028198,96.827841,93.850746,99.528503,96.573439,99.9788,93.869427,309,1,308,7.197571,95.068293,90.600159,99.278259,94.679886,99.82483,90.744427,473,8,465,6.968689,99.238152,98.487824,99.882507,99.174499,98.662207,99.82086,77,68,9,7.756042,90.250272,82.232798,98.632812,89.522021,99.543927,82.54379,896,19,877,6.356812,97.53965,95.19746,99.630737,97.34014,99.688279,95.481688,242,15,227,7.342529,99.191375,98.395722,99.876404,99.124464,99.499299,98.88535,81,25,56,7.618713,97.464168,95.053763,99.613953,97.255252,98.16273,96.775478,253,91,162,7.557678,96.614878,93.451433,99.497986,96.344104,100.0,93.451433,329,0,329,7.164001,98.616155,97.270087,99.784851,98.499537,97.270087,100.0,141,141,0,7.881165,96.883455,93.955296,99.525452,96.626641,97.558022,96.218153,311,121,190,7.56073,99.253509,98.518079,99.885559,99.191538,99.263388,99.243631,75,37,38,7.66449
test_00319.jpg,8114,12.380981,15,AEGIS-CD,AEGIS-CD,98.829872,97.686811,98.663428,191,1,0.0,0.377935,1.184465,True,100.216694,primary_best_F1;has_change_gt,98.829872,97.686811,99.708557,98.663428,98.25801,99.40843,191,143,48,12.52594,97.692637,95.489352,99.424744,97.364066,97.033435,98.360858,377,244,133,12.550354,97.94675,95.976119,99.485779,97.652877,96.855043,99.063347,337,261,76,12.663269,97.105181,94.373245,99.29657,96.704988,98.988606,95.292088,461,79,382,11.91864,96.657382,93.530997,99.194336,96.19974,99.375163,94.084299,528,48,480,11.721802,97.526414,95.172246,99.3927,97.180302,98.37011,96.697067,398,130,268,12.17041,98.451937,96.951073,99.613953,98.231429,97.764005,99.149618,253,184,69,12.556458,96.458346,93.158978,99.137878,95.967716,98.150274,94.823761,565,145,420,11.961365,98.196167,96.456257,99.560547,97.946039,99.834437,96.610796,288,13,275,11.981201,98.032665,96.141245,99.514771,97.755927,98.42236,97.646044,318,127,191,12.283325,98.134442,96.337216,99.534607,97.868601,97.413479,98.866157,305,213,92,12.565613,96.639188,93.496933,99.191284,96.179967,99.529781,93.911757,530,36,494,11.682129,98.009245,96.096205,99.507141,97.728001,98.02737,97.991126,323,160,163,12.376404,98.391225,96.833393,99.597168,98.161015,97.311958,99.494701,264,223,41,12.658691,97.794118,95.683453,99.450684,97.480409,97.245918,98.348533,360,226,134,12.521362
test_02180.jpg,5215,7.957458,15,AEGIS-CD,AEGIS-CD,98.582918,97.205438,98.460227,148,1,0.0,0.389407,4.812278,True,100.213859,primary_best_F1;has_change_gt,98.582918,97.205438,99.77417,98.460227,98.450947,98.715244,148,81,67,7.978821,94.928598,90.34675,99.154663,94.468528,90.82151,99.424736,554,524,30,8.711243,93.624321,88.012901,98.979187,93.06952,93.065555,94.189837,669,366,303,8.053589,94.97458,90.430088,99.215698,94.549418,96.888091,93.135187,514,156,358,7.649231,81.605917,68.92736,97.343445,80.190283,90.870588,74.055609,1741,388,1353,6.484985,96.169793,92.622172,99.407959,95.849283,99.104781,93.403643,388,44,344,7.499695,98.193512,96.451133,99.708557,98.035036,96.883165,99.539789,191,167,24,8.175659,89.560955,81.095373,98.472595,88.743806,98.171011,82.339406,1001,80,921,6.674194,96.697881,93.60687,99.488831,96.421091,99.492901,94.055609,335,25,310,7.522583,94.777563,90.073529,99.176025,94.330328,95.609756,93.959732,540,225,315,7.820129,90.437256,82.543803,98.358154,89.544482,84.280272,97.564717,1076,949,127,9.211731,94.997125,90.470975,99.203491,94.564425,94.96072,95.033557,522,263,259,7.963562,93.873273,88.453941,99.01886,93.340026,93.295455,94.458293,643,354,289,8.056641,95.941748,92.200037,99.362183,95.595701,97.168142,94.745925,418,144,274,7.759094,97.006449,94.186916,99.525452,96.748754,97.3908,96.62512,311,135,176,7.894897
test_02242.jpg,6482,9.890747,15,AEGIS-CD,AEGIS-CD,99.377067,98.761847,99.308464,81,1,0.0,0.03359,1.60475,True,100.199709,primary_best_F1;has_change_gt,99.377067,98.761847,99.876404,99.308464,99.079896,99.676026,81,60,21,9.950256,98.110631,96.291332,99.620056,97.899485,96.535762,99.737735,249,232,17,10.218811,95.98751,92.284599,99.215698,95.552951,97.155499,94.847269,514,180,334,9.655762,98.236345,96.533822,99.653625,98.044311,98.951323,97.531626,227,67,160,9.74884,97.269222,94.683622,99.47052,96.976193,99.277108,95.340944,347,45,302,9.498596,98.475252,96.996303,99.702454,98.310428,99.841446,97.145943,195,10,185,9.623718,99.178124,98.369648,99.836731,99.087489,98.760899,99.598889,107,81,26,9.97467,95.549242,91.477788,99.139404,95.073171,97.802908,93.3971,564,136,428,9.44519,99.343477,98.695519,99.8703,99.27152,99.474091,99.213206,85,34,51,9.864807,98.809524,97.647059,99.765015,98.679166,99.023861,98.596112,154,63,91,9.848022,99.287485,98.585051,99.859619,99.209625,99.688958,98.889232,92,20,72,9.811401,93.291664,87.426781,98.591614,92.507813,88.195685,99.01265,923,859,64,11.103821,98.845799,97.717937,99.771118,98.718763,98.603009,99.089787,150,91,59,9.939575,98.225929,96.513707,99.642944,98.02749,96.571258,99.938291,234,230,4,10.235596,98.20223,96.467958,99.638367,98.001255,96.597523,99.861154,237,228,9,10.224915
test_00996.jpg,9523,14.530945,15,AEGIS-CD,AEGIS-CD,98.182573,96.430029,97.869598,350,1,0.0,0.73751,2.898236,True,100.181046,primary_best_F1;has_change_gt,98.182573,96.430029,99.465942,97.869598,97.113508,99.275438,350,281,69,14.854431,96.496149,93.229526,98.951721,95.880406,93.811979,99.338444,687,624,63,15.386963,93.843324,88.400775,98.26355,92.833647,96.786073,91.074241,1138,288,850,13.673401,91.584712,84.475827,97.702026,90.2604,97.874119,86.054815,1506,178,1328,12.776184,91.819425,84.876075,97.718811,90.496776,95.863803,88.102489,1495,362,1133,13.354492,96.278744,92.824507,98.945618,95.66501,98.817157,93.867479,691,107,584,13.803101,97.445064,95.017429,99.258423,97.011329,97.568165,97.322272,486,231,255,14.494324,95.045069,90.557984,98.582458,94.218232,96.574897,93.562953,929,316,613,14.077759,96.453978,93.150829,99.003601,95.875134,99.876293,93.258427,653,11,642,13.568115,94.957214,90.398606,98.570251,94.124867,97.394568,92.638874,937,236,701,13.821411,95.679147,91.716223,98.788452,94.975686,99.299672,92.313347,794,62,732,13.508606,95.087197,90.634502,98.590088,94.264291,96.30587,93.898981,924,343,581,14.167786,96.492506,93.222725,98.971558,95.890001,95.646343,97.353775,674,422,252,14.790344,95.841459,92.014978,98.796082,95.137629,96.21164,95.474115,789,358,431,14.419556,96.956731,94.093221,99.131775,96.450596,98.800959,95.18009,569,110,459,13.998413
test_02886.jpg,4737,7.228088,15,AEGIS-CD,AEGIS-CD,88.765124,79.799724,87.804017,1170,1,0.0,5.253812,17.828896,True,100.161343,primary_best_F1;clear_margin_ge_2pct;has_change_gt,88.765124,79.799724,98.214722,87.804017,81.416241,97.572303,1170,1055,115,8.662415,74.25599,59.053303,95.393372,71.828524,62.288984,91.914714,3019,2636,383,10.665894,73.743017,58.40708,95.553589,71.370866,64.329508,86.383787,2914,2269,645,9.706116,41.719304,26.357796,94.2276,39.350105,77.194983,28.583492,3783,400,3383,2.676392,68.392737,51.967297,95.697021,66.09358,72.903226,64.407853,2820,1134,1686,6.385803,69.307165,53.030577,96.038818,67.222577,78.769148,61.874604,2596,790,1806,5.677795,83.511312,71.690491,97.219849,82.026917,73.08728,97.40342,1822,1699,123,9.632874,43.474164,27.774433,94.508362,41.301808,84.907975,29.216804,3599,246,3353,2.487183,80.12168,66.835838,97.407532,78.75246,89.868766,72.282035,1699,386,1313,5.813599,78.121491,64.097839,96.730042,76.356512,75.642546,80.768419,2143,1232,911,7.717896,80.778313,67.754714,96.894836,79.109594,73.094017,90.268102,2035,1574,461,8.926392,64.04258,47.10488,95.567322,61.755556,77.408737,54.612624,2905,755,2150,5.099487,77.264027,62.951412,96.556091,75.405168,73.8921,80.958412,2257,1355,902,7.919312,81.259232,68.434147,96.902466,79.599827,72.206727,92.906903,2030,1694,336,9.300232,77.116176,62.755352,96.522522,75.239291,73.535044,81.063965,2279,1382,897,7.96814
test_02462.jpg,4004,6.109619,15,AEGIS-CD,AEGIS-CD,93.371347,87.566845,92.917562,558,1,0.0,2.919491,9.532908,True,100.154849,primary_best_F1;clear_margin_ge_2pct;has_change_gt,93.371347,87.566845,99.14856,92.917562,89.034889,98.151848,558,484,74,6.735229,88.755206,79.783694,98.516846,87.96587,82.672414,95.804196,972,804,168,7.080078,90.273593,82.271529,98.768616,89.617144,87.235034,93.531469,807,548,259,6.550598,78.213282,64.221521,97.75238,77.070774,95.901342,66.033966,1473,113,1360,4.206848,71.743235,55.937193,97.259521,70.405053,96.938776,56.943057,1796,72,1724,3.588867,80.367561,67.178737,97.946167,79.316197,96.598878,68.806194,1346,97,1249,4.351807,88.013911,78.593611,98.527527,87.229516,87.546331,88.486513,965,504,461,6.175232,77.497027,63.261344,97.689819,76.325802,95.704846,65.10989,1514,117,1397,4.156494,90.451856,82.568132,98.916626,89.881191,97.98951,83.991009,710,69,641,5.236816,87.764049,78.196023,98.594666,87.021801,93.755322,82.492507,921,220,701,5.375671,86.263328,75.844779,98.309326,85.362608,85.647464,86.888112,1108,583,525,6.19812,71.608436,55.773474,97.247314,70.264625,96.808511,56.818182,1804,75,1729,3.585815,86.57248,76.324053,98.274231,85.652728,82.507355,91.058941,1131,773,358,6.742859,90.136606,82.044257,98.699951,89.444682,84.009495,97.227772,852,741,111,7.070923,86.077575,75.558061,98.345947,85.199079,88.603913,83.691309,1084,431,653,5.770874
test_01868.jpg,937,1.429749,15,AEGIS-CD,AEGIS-CD,93.545082,87.872955,93.447656,126,1,0.0,2.894079,11.524562,True,100.154726,primary_best_F1;clear_margin_ge_2pct;has_change_gt,93.545082,87.872955,99.807739,93.447656,89.950739,97.438634,126,102,24,1.548767,88.405797,79.220779,99.633789,88.221448,80.759047,97.652081,240,218,22,1.728821,78.967495,65.244866,99.328613,78.630121,71.515152,88.153682,440,329,111,1.76239,79.624135,66.146261,99.371338,79.306615,74.193548,85.912487,412,280,132,1.655579,24.814815,14.164905,98.760986,24.529068,93.706294,14.300961,812,9,803,0.218201,88.270142,79.003181,99.697876,88.118991,99.201065,79.509072,198,6,192,1.145935,90.651003,82.900627,99.708557,90.504004,83.725136,98.826041,191,180,11,1.687622,87.874016,78.370787,99.647522,87.695226,86.466942,89.327641,231,131,100,1.477051,89.912536,81.673729,99.736023,89.779963,99.100257,82.283885,173,7,166,1.187134,83.323782,71.414538,99.555969,83.100017,89.975248,77.588047,291,81,210,1.23291,88.269952,79.002876,99.665833,88.100456,88.602151,87.940235,219,106,113,1.419067,82.525857,70.250232,99.510193,82.277575,84.222222,80.896478,321,142,179,1.373291,89.113924,80.365297,99.671936,88.947825,84.77842,93.916756,215,158,57,1.583862,87.814313,78.275862,99.615479,87.620717,80.282935,96.905016,252,223,29,1.725769,88.719512,79.726027,99.661255,88.547956,84.675073,93.169691,222,158,64,1.573181
test_00107.jpg,4290,6.546021,15,AEGIS-CD,AEGIS-CD,99.16763,98.349003,99.108821,72,1,0.0,0.024136,0.842061,True,100.138601,primary_best_F1;has_change_gt,99.16763,98.349003,99.890137,99.108821,98.37156,99.97669,72,71,1,6.652832,98.946881,97.915712,99.861145,98.872558,98.253275,99.65035,91,76,15,6.639099,98.257759,96.575187,99.769592,98.134412,97.281243,99.254079,151,119,32,6.678772,98.534972,97.11225,99.810791,98.433857,99.904169,97.202797,124,4,120,6.369019,95.34293,91.100324,99.412537,95.029904,99.094795,91.864802,385,36,349,6.06842,97.785714,95.667365,99.716187,97.634165,99.927007,95.734266,186,3,183,6.271362,98.799353,97.627196,99.841309,98.714401,97.872827,99.74359,104,93,11,6.671143,99.041832,98.101852,99.874878,98.974902,99.297095,98.787879,82,30,52,6.512451,97.893609,95.874126,99.729919,97.749387,100.0,95.874126,177,0,177,6.27594,98.630458,97.297921,99.821472,98.534972,99.059487,98.205128,117,40,77,6.489563,98.314866,96.685585,99.777222,98.195605,97.370828,99.277389,146,115,31,6.674194,99.143494,98.301536,99.888611,99.083929,99.811009,98.484848,73,8,65,6.459045,98.982099,97.984712,99.867249,98.911094,99.365751,98.601399,87,27,60,6.495667,98.551063,97.143515,99.810791,98.449851,98.805061,98.298368,124,51,73,6.512451,98.332942,96.720554,99.783325,98.217081,99.053926,97.622378,142,40,102,6.451416
test_01396.jpg,5054,7.711792,15,AEGIS-CD,AEGIS-CD,95.752009,91.85022,95.384344,444,1,0.0,1.752009,5.418443,True,100.120438,primary_best_F1;has_change_gt,95.752009,91.85022,99.32251,95.384344,92.701,99.010685,444,394,50,8.236694,91.240602,83.892153,98.577881,90.468826,86.895811,96.042738,932,732,200,8.52356,89.701797,81.326616,98.303223,88.781354,84.314067,95.825089,1112,901,211,8.764648,89.762302,81.42614,98.501587,88.956462,94.86558,85.180055,982,233,749,6.924438,82.762493,70.59387,97.657776,81.530586,95.689431,72.912545,1535,166,1369,5.87616,92.109669,85.373424,98.849487,91.491408,97.756553,87.079541,754,101,653,6.869507,94.0,88.679245,99.020386,93.468431,89.071909,99.505342,642,617,25,8.615112,89.584665,81.134259,98.50769,88.78599,97.001845,83.221211,978,130,848,6.616211,93.941875,88.575839,99.09668,93.454452,97.286986,90.819153,592,128,464,7.199097,92.361249,85.80669,98.828125,91.726653,92.86,91.867827,768,357,411,7.629395,91.874219,84.969762,98.710632,91.174575,89.373246,94.519193,845,568,277,8.155823,84.761594,73.553252,97.859192,83.62217,93.956176,77.206173,1403,251,1152,6.336975,88.567604,79.481019,98.045349,87.51011,80.66981,98.17966,1281,1189,92,9.385681,91.912108,85.034602,98.680115,91.195889,87.129941,97.249703,865,726,139,8.607483,92.089751,85.339207,98.730469,91.400744,88.6347,95.825089,832,621,211,8.337402
test_02719.jpg,2837,4.328918,15,AEGIS-CD,AEGIS-CD,92.536814,86.110246,92.181242,446,1,0.0,3.30426,17.169078,True,100.11178,primary_best_F1;clear_margin_ge_2pct;has_change_gt,92.536814,86.110246,99.319458,92.181242,88.085378,97.462108,446,374,72,4.789734,81.088529,68.192352,98.324585,80.212468,79.285955,82.974974,1098,615,483,4.530334,82.769831,70.604548,98.382568,81.926661,76.802413,89.742686,1060,769,291,5.058289,58.826313,41.66946,97.344971,57.620334,89.488841,43.813888,1740,146,1594,2.119446,56.809145,39.673724,97.348022,55.677189,96.293176,40.289038,1738,44,1694,1.811218,68.371012,51.942215,97.715759,67.234625,85.337553,57.032076,1497,278,1219,2.893066,88.8419,79.92391,98.953247,88.29619,82.482634,96.263659,686,580,106,5.052185,52.631579,35.714286,97.088623,51.387113,89.00084,37.363412,1908,131,1777,1.817322,89.232554,80.558464,99.150085,88.794454,98.80137,81.353542,557,28,529,3.564453,82.763533,70.595383,98.522949,81.992033,83.627204,81.917519,968,455,513,4.240417,85.954531,75.368651,98.623657,85.241221,76.987448,97.285865,902,825,77,5.470276,52.67231,35.751806,97.013855,51.350131,83.898305,38.385619,1957,209,1748,1.980591,88.346883,79.126214,98.884583,87.766748,80.6461,97.673599,731,665,66,5.24292,81.788542,69.188337,98.210144,80.861389,73.085461,92.844554,1173,970,203,5.499268,85.05164,73.991173,98.74115,84.395088,87.509321,82.728234,825,335,490,4.092407
test_02210.jpg,8756,13.360596,15,AEGIS-CD,AEGIS-CD,99.21081,98.433979,99.088304,139,1,0.0,0.157898,0.835162,True,100.108576,primary_best_F1;has_change_gt,99.21081,98.433979,99.787903,99.088304,98.645139,99.783006,139,120,19,13.514709,98.393552,96.837901,99.565125,98.142124,97.139677,99.680219,285,257,28,13.710022,98.471294,96.988624,99.588013,98.23324,97.642039,99.314756,270,210,60,13.589478,98.578254,97.196368,99.623108,98.361029,99.373332,97.795797,247,54,193,13.148499,98.779236,97.587917,99.673462,98.590759,98.677912,98.880767,214,116,98,13.388062,98.773112,97.575964,99.674988,98.585812,99.639744,97.921425,213,31,182,13.130188,99.052912,98.123596,99.745178,98.905704,98.37783,99.737323,167,144,23,13.545227,96.971123,94.120333,99.214172,96.520106,99.963623,94.152581,515,3,512,12.583923,98.970969,97.9629,99.726868,98.813513,99.641162,98.30973,179,31,148,13.182068,98.917379,97.857948,99.710083,98.750011,98.703662,99.132024,190,114,76,13.418579,98.907939,97.839472,99.705505,98.737759,98.015027,99.817268,193,177,16,13.606262,95.772422,91.887794,98.857117,95.111768,94.676933,96.893559,749,477,272,13.673401,98.723164,97.478523,99.655151,98.523846,97.685599,99.783006,226,207,19,13.647461,98.563623,97.167925,99.610901,98.338643,97.243526,99.920055,255,248,7,13.728333,98.3841,96.819592,99.562073,98.130872,97.023876,99.783006,287,268,19,13.74054
test_00425.jpg,982,1.498413,15,AEGIS-CD,AEGIS-CD,90.184922,82.124352,90.025182,207,1,0.0,4.548807,34.7497,True,100.107456,primary_best_F1;clear_margin_ge_2pct;has_change_gt,90.184922,82.124352,99.684143,90.025182,84.383319,96.843177,207,176,31,1.719666,51.797684,34.950658,98.79303,51.210513,64.491654,43.279022,791,234,557,1.005554,61.113304,44.002274,98.497009,60.386391,49.903288,78.818737,985,777,208,2.366638,0.0,0.0,98.501587,0.0,0.0,0.0,982,0,982,0.0,52.080444,35.208626,97.891235,51.114262,39.484753,76.476578,1382,1151,231,2.902222,41.794714,26.418026,98.554993,41.094894,52.713178,34.623218,947,305,642,0.984192,85.636115,74.880383,99.519348,85.39441,77.539224,95.621181,315,272,43,1.847839,6.311637,3.258656,98.550415,6.222948,100.0,3.258656,950,0,950,0.048828,62.547771,45.505097,99.102783,62.122644,83.503401,50.0,588,97,491,0.897217,58.76521,41.608168,98.603821,58.064635,52.708165,66.395112,915,585,330,1.887512,76.593848,62.066474,99.198914,76.192744,68.120539,87.474542,525,402,123,1.924133,40.594059,25.465839,98.535156,39.887293,51.735016,33.401222,960,306,654,0.967407,73.387829,57.962697,99.105835,72.938509,66.229508,82.281059,586,412,174,1.861572,85.449735,74.595843,99.49646,85.198215,75.349922,98.676171,330,317,13,1.96228,80.020758,66.695502,99.412537,79.722755,81.587302,78.513238,385,174,211,1.441956
test_02777.jpg,547,0.834656,15,AEGIS-CD,AEGIS-CD,94.076655,88.815789,94.024434,68,1,0.0,2.618501,14.534848,True,100.105391,primary_best_F1;clear_margin_ge_2pct;has_change_gt,94.076655,88.815789,99.89624,94.024434,89.85025,98.720293,68,61,7,0.917053,89.824561,81.528662,99.822998,89.735431,86.340641,93.601463,116,81,35,0.904846,89.795918,81.481481,99.839783,89.715501,95.850622,84.460695,105,20,85,0.735474,86.956522,76.923077,99.803162,86.85848,97.285068,78.610603,129,12,117,0.674438,53.547523,36.563071,99.47052,53.338978,100.0,36.563071,347,0,347,0.305176,85.402185,74.523397,99.775696,85.290014,93.478261,78.610603,147,30,117,0.701904,91.458154,84.260731,99.848938,91.382191,86.601307,96.892139,99,82,17,0.933838,89.73384,81.37931,99.835205,89.65091,93.465347,86.288848,108,33,75,0.770569,75.075075,60.096154,99.620056,74.885388,82.964602,68.555759,249,77,172,0.689697,91.456311,84.257603,99.865723,91.388904,97.515528,86.106033,88,12,76,0.737,90.707587,82.99532,99.833679,90.62406,84.984026,97.25777,109,94,15,0.9552,9.06801,4.74934,98.898315,8.59334,14.574899,6.581353,722,211,511,0.376892,88.356164,79.141104,99.79248,88.251896,83.091787,94.332724,136,105,31,0.947571,89.117395,80.370943,99.806213,89.020017,83.870968,95.063985,127,100,27,0.946045,83.086053,71.06599,99.739075,82.95547,90.517241,76.78245,171,44,127,0.708008
test_01412.jpg,40640,62.011719,15,AEGIS-CD,AEGIS-CD,99.655067,99.312505,99.088622,281,1,0.0,0.217394,0.862398,True,100.089855,primary_best_F1;has_change_gt,99.655067,99.312505,99.571228,99.088622,99.429271,99.88189,281,233,48,62.294006,99.038403,98.095123,98.799133,97.439953,98.36177,99.724409,787,675,112,62.870789,98.083544,96.239163,97.63031,94.979915,98.380988,97.787894,1553,654,899,61.637878,98.816196,97.660093,98.53363,96.890082,98.939293,98.693406,961,430,531,61.857605,98.127341,96.323529,97.688293,95.107841,98.589205,97.669783,1515,568,947,61.433411,99.029438,98.077534,98.799133,97.454989,99.265706,98.794291,787,297,490,61.717224,99.437672,98.881633,99.299622,98.50945,99.019153,99.859744,459,402,57,62.538147,97.605082,95.322195,97.077942,93.860949,99.242135,96.021161,1915,298,1617,59.999084,99.417994,98.842723,99.281311,98.478765,99.853551,98.98622,471,59,412,61.473083,99.023139,98.065178,98.791504,97.439038,99.272925,98.774606,792,294,498,61.700439,99.239879,98.491227,99.053955,97.987547,98.893124,99.589075,620,453,167,62.44812,98.356302,96.765766,97.9599,95.667843,98.282597,98.430118,1337,699,638,62.104797,98.686981,97.407995,98.353577,96.480916,97.621398,99.776083,1079,988,91,63.380432,99.150059,98.314443,98.937988,97.735172,98.419317,99.891732,696,652,44,62.939453,99.085336,98.187252,98.861694,97.578678,98.746334,99.426673,746,513,233,62.438965
