sample,GT_change_pixels,GT_change_ratio_percent,available_method_count,best_method_by_F1,primary_method,primary_F1_percent,primary_IoU_percent,primary_Kappa_percent,primary_Error_pixels,primary_rank_by_F1,primary_margin_to_best_F1,primary_margin_to_second_F1,primary_mean_F1_advantage,primary_wins_all_available,recommendation_score,selection_reason,AEGIS-CD_F1_percent,AEGIS-CD_IoU_percent,AEGIS-CD_OA_percent,AEGIS-CD_Kappa_percent,AEGIS-CD_Precision_percent,AEGIS-CD_Recall_percent,AEGIS-CD_Error_pixels,AEGIS-CD_FP,AEGIS-CD_FN,AEGIS-CD_Pred_change_ratio_percent,RS-Mamba_F1_percent,RS-Mamba_IoU_percent,RS-Mamba_OA_percent,RS-Mamba_Kappa_percent,RS-Mamba_Precision_percent,RS-Mamba_Recall_percent,RS-Mamba_Error_pixels,RS-Mamba_FP,RS-Mamba_FN,RS-Mamba_Pred_change_ratio_percent,CDMamba_F1_percent,CDMamba_IoU_percent,CDMamba_OA_percent,CDMamba_Kappa_percent,CDMamba_Precision_percent,CDMamba_Recall_percent,CDMamba_Error_pixels,CDMamba_FP,CDMamba_FN,CDMamba_Pred_change_ratio_percent,ChangeMamba-tiny_F1_percent,ChangeMamba-tiny_IoU_percent,ChangeMamba-tiny_OA_percent,ChangeMamba-tiny_Kappa_percent,ChangeMamba-tiny_Precision_percent,ChangeMamba-tiny_Recall_percent,ChangeMamba-tiny_Error_pixels,ChangeMamba-tiny_FP,ChangeMamba-tiny_FN,ChangeMamba-tiny_Pred_change_ratio_percent,DSIFN_F1_percent,DSIFN_IoU_percent,DSIFN_OA_percent,DSIFN_Kappa_percent,DSIFN_Precision_percent,DSIFN_Recall_percent,DSIFN_Error_pixels,DSIFN_FP,DSIFN_FN,DSIFN_Pred_change_ratio_percent,SNUNet_F1_percent,SNUNet_IoU_percent,SNUNet_OA_percent,SNUNet_Kappa_percent,SNUNet_Precision_percent,SNUNet_Recall_percent,SNUNet_Error_pixels,SNUNet_FP,SNUNet_FN,SNUNet_Pred_change_ratio_percent,Change3D_F1_percent,Change3D_IoU_percent,Change3D_OA_percent,Change3D_Kappa_percent,Change3D_Precision_percent,Change3D_Recall_percent,Change3D_Error_pixels,Change3D_FP,Change3D_FN,Change3D_Pred_change_ratio_percent,BIT_F1_percent,BIT_IoU_percent,BIT_OA_percent,BIT_Kappa_percent,BIT_Precision_percent,BIT_Recall_percent,BIT_Error_pixels,BIT_FP,BIT_FN,BIT_Pred_change_ratio_percent,ELGC-Net_F1_percent,ELGC-Net_IoU_percent,ELGC-Net_OA_percent,ELGC-Net_Kappa_percent,ELGC-Net_Precision_percent,ELGC-Net_Recall_percent,ELGC-Net_Error_pixels,ELGC-Net_FP,ELGC-Net_FN,ELGC-Net_Pred_change_ratio_percent,BiFA_F1_percent,BiFA_IoU_percent,BiFA_OA_percent,BiFA_Kappa_percent,BiFA_Precision_percent,BiFA_Recall_percent,BiFA_Error_pixels,BiFA_FP,BiFA_FN,BiFA_Pred_change_ratio_percent,MaskCD_F1_percent,MaskCD_IoU_percent,MaskCD_OA_percent,MaskCD_Kappa_percent,MaskCD_Precision_percent,MaskCD_Recall_percent,MaskCD_Error_pixels,MaskCD_FP,MaskCD_FN,MaskCD_Pred_change_ratio_percent,ChangeRD_F1_percent,ChangeRD_IoU_percent,ChangeRD_OA_percent,ChangeRD_Kappa_percent,ChangeRD_Precision_percent,ChangeRD_Recall_percent,ChangeRD_Error_pixels,ChangeRD_FP,ChangeRD_FN,ChangeRD_Pred_change_ratio_percent,CAIFNet_F1_percent,CAIFNet_IoU_percent,CAIFNet_OA_percent,CAIFNet_Kappa_percent,CAIFNet_Precision_percent,CAIFNet_Recall_percent,CAIFNet_Error_pixels,CAIFNet_FP,CAIFNet_FN,CAIFNet_Pred_change_ratio_percent,WDMF-Net_F1_percent,WDMF-Net_IoU_percent,WDMF-Net_OA_percent,WDMF-Net_Kappa_percent,WDMF-Net_Precision_percent,WDMF-Net_Recall_percent,WDMF-Net_Error_pixels,WDMF-Net_FP,WDMF-Net_FN,WDMF-Net_Pred_change_ratio_percent,MambaFedCD_F1_percent,MambaFedCD_IoU_percent,MambaFedCD_OA_percent,MambaFedCD_Kappa_percent,MambaFedCD_Precision_percent,MambaFedCD_Recall_percent,MambaFedCD_Error_pixels,MambaFedCD_FP,MambaFedCD_FN,MambaFedCD_Pred_change_ratio_percent
17852.png,1067,1.628113,15,AEGIS-CD,AEGIS-CD,88.948069,80.095923,88.755323,249,1,0.0,42.232741,70.098588,True,174.244956,primary_best_F1;clear_margin_ge_2pct;has_change_gt,88.948069,80.095923,99.620056,88.755323,84.485666,93.908154,249,184,65,1.809692,23.484098,13.304239,89.390564,21.220059,13.304239,100.0,6953,6953,0,12.237549,16.169117,8.795648,83.117676,13.582668,8.795648,100.0,11064,11064,0,18.510437,19.47969,10.790858,86.540222,17.041477,10.790858,100.0,8821,8821,0,15.087891,10.851767,5.737176,73.249817,8.019175,5.737176,100.0,17531,17531,0,28.378296,12.978167,6.939386,78.166199,10.245199,6.939386,100.0,14309,14309,0,23.461914,12.267893,6.534787,76.713562,9.501825,6.534787,100.0,15261,15261,0,24.914551,46.715328,30.47619,96.324158,45.355935,30.573248,98.969072,2409,2398,11,5.270386,14.637492,7.896684,81.010437,11.981162,7.896684,100.0,12445,12445,0,20.617676,14.032088,7.545435,80.050659,11.347909,7.545435,100.0,13074,13074,0,21.577454,27.797317,16.142209,91.542053,25.714611,16.142209,100.0,5543,5543,0,10.08606,14.781464,7.980553,81.227112,12.131738,7.980553,100.0,12303,12303,0,20.401001,12.549988,6.695112,77.310181,9.797088,6.695112,100.0,14870,14870,0,24.317932,24.388571,13.887804,89.904785,22.163096,13.887804,100.0,6616,6616,0,11.723328,13.759752,7.388173,79.59137,11.063004,7.388173,100.0,13375,13375,0,22.036743
16354.png,1140,1.739502,15,AEGIS-CD,AEGIS-CD,89.520261,81.028668,89.346422,225,1,0.0,38.592093,81.692078,True,167.541422,primary_best_F1;clear_margin_ge_2pct;has_change_gt;low_false_alarm_tendency,89.520261,81.028668,99.656677,89.346422,95.431976,84.298246,225,46,179,1.53656,0.0,0.0,90.353394,-2.935367,0.0,0.0,6322,5182,1140,7.907104,7.809331,4.063325,94.451904,5.471248,5.492154,13.508772,3636,2650,986,4.278564,11.725846,6.22807,98.368835,11.545424,100.0,6.22807,1069,0,1069,0.108337,5.931034,3.056148,95.837402,3.902026,4.886364,7.54386,2728,1674,1054,2.685547,8.73104,4.564797,92.471313,6.154644,5.532114,20.701754,4934,4030,904,6.509399,0.078647,0.039339,92.245483,-2.693253,0.050684,0.175439,5082,3944,1138,6.021118,7.635207,3.969129,97.341919,6.346434,9.651475,6.315789,1742,674,1068,1.138306,0.0,0.0,90.971375,-2.88989,0.0,0.0,5917,4777,1140,7.289124,50.928168,34.163508,98.144531,49.988709,47.15994,55.350877,1216,707,509,2.041626,15.899218,8.636149,91.137695,13.383252,9.521332,48.157895,5808,5217,591,8.798218,0.0,0.0,95.718384,-2.109147,0.0,0.0,2806,1666,1140,2.542114,0.0,0.0,94.921875,-2.340819,0.0,0.0,3328,2188,1140,3.338623,0.856073,0.429876,97.172546,-0.507797,1.097394,0.701754,1853,721,1132,1.112366,0.0,0.0,90.048218,-2.955755,0.0,0.0,6522,5382,1140,8.21228
18723.png,5596,8.538818,15,AEGIS-CD,AEGIS-CD,83.929509,72.309084,82.161529,2143,1,0.0,33.330476,49.431012,True,151.413521,primary_best_F1;clear_margin_ge_2pct;has_change_gt,83.929509,72.309084,96.730042,82.161529,72.309084,100.0,2143,2143,0,11.808777,39.802269,24.845713,74.171448,30.262941,24.845713,100.0,16927,16927,0,34.367371,29.979728,17.633032,61.524963,18.177845,17.747822,96.461758,25215,25017,198,46.409607,50.599033,33.867942,83.326721,43.375387,33.867942,100.0,10927,10927,0,25.212097,34.91744,21.151501,68.424988,24.259256,21.187832,99.195854,20693,20648,45,39.976501,34.200188,20.627399,69.075012,23.510888,20.896647,94.120801,20267,19938,329,38.459778,23.960079,13.610594,68.145752,11.994223,15.047122,58.774124,20876,18569,2307,33.352661,42.471103,26.960833,77.520752,33.611001,27.173696,97.176555,14732,14574,158,30.535889,39.741558,24.798418,84.915161,32.101217,30.157262,58.255897,9886,7550,2336,16.494751,17.435238,9.550166,58.856201,3.825199,10.520287,50.875625,26964,24215,2749,41.293335,28.218446,16.426936,56.558228,15.879564,16.426936,100.0,28470,28470,0,51.980591,39.316312,24.468141,78.167725,30.22904,25.775776,82.827019,14308,13347,961,27.438354,28.071233,16.327246,56.303406,15.698017,16.331064,99.857041,28637,28629,8,52.210999,49.173989,32.603123,82.348633,41.660598,32.603123,100.0,11568,11568,0,26.190186,25.092346,14.346054,64.414978,12.889955,15.295454,69.799857,23321,21631,1690,38.96637
17138.png,1813,2.766418,15,AEGIS-CD,AEGIS-CD,77.007399,62.611408,76.348989,839,1,0.0,34.182724,67.065128,True,146.261168,primary_best_F1;clear_margin_ge_2pct;has_change_gt,77.007399,62.611408,98.719788,76.348989,76.525054,77.495863,839,431,408,2.801514,13.685334,7.34528,86.430359,9.562057,8.303887,38.885825,8893,7785,1108,12.954712,30.95556,18.312084,88.952637,27.644405,18.713248,89.520132,7240,7050,190,13.233948,0.0,0.0,94.316101,-2.922952,0.0,0.0,3725,1912,1813,2.91748,0.0,0.0,87.393188,-4.513652,0.0,0.0,8262,6449,1813,9.840393,7.162652,3.714349,86.709595,2.825096,4.43916,18.532819,8710,7233,1477,11.549377,0.0,0.0,86.407471,-4.609915,0.0,0.0,8908,7095,1813,10.826111,3.672499,1.870599,93.196106,0.317342,3.018466,4.688362,4459,2731,1728,4.296875,0.0,0.0,97.224426,-0.018253,0.0,0.0,1819,6,1813,0.009155,0.0,0.0,87.565613,-4.495265,0.0,0.0,8149,6336,1813,9.667969,20.709446,11.550774,84.822083,16.769975,12.103988,71.6492,9947,9433,514,16.375732,0.664759,0.333488,83.583069,-4.1323,0.399202,1.985659,10759,8982,1777,13.760376,19.324469,10.695676,85.093689,15.341772,11.363636,64.533922,9769,9126,643,15.710449,42.824675,27.246437,94.625854,40.501607,30.342765,72.752344,3522,3028,494,6.632996,0.1924,0.096293,84.169006,-4.584881,0.116523,0.551572,10375,8572,1803,13.095093
19081.png,1990,3.036499,15,AEGIS-CD,AEGIS-CD,82.387707,70.050251,81.935794,596,1,0.0,28.372216,71.496169,True,140.033963,primary_best_F1;clear_margin_ge_2pct;has_change_gt;low_false_alarm_tendency,82.387707,70.050251,99.090576,81.935794,100.0,70.050251,596,0,596,2.127075,4.535909,2.320584,93.063354,1.037441,3.896104,5.427136,4546,2664,1882,4.229736,0.0,0.0,87.557983,-4.811773,0.0,0.0,8154,6164,1990,9.405518,54.015491,37.000838,96.557617,52.29346,45.438957,66.582915,2256,1591,665,4.449463,35.810163,21.810219,95.913696,33.704456,34.234647,37.537688,2678,1435,1243,3.329468,0.885705,0.444822,76.777649,-4.64581,0.508792,3.417085,15219,13297,1922,20.393372,0.868621,0.436205,94.42749,-1.979172,0.94451,0.80402,3652,1678,1974,2.584839,0.0,0.0,83.418274,-5.219842,0.0,0.0,10867,8877,1990,13.545227,0.0,0.0,94.810486,-2.584675,0.0,0.0,3401,1411,1990,2.153015,0.0,0.0,96.173096,-1.270244,0.0,0.0,2508,518,1990,0.790405,25.501378,14.614085,82.258606,21.333094,14.614085,100.0,11627,11627,0,20.777893,0.0,0.0,96.963501,0.0,0.0,0.0,1990,0,1990,0.0,0.0,0.0,96.963501,0.0,0.0,0.0,1990,0,1990,0.0,18.75,10.344828,95.635986,16.547108,21.568627,16.582915,2860,1200,1660,2.334595,12.114265,6.447677,70.753479,6.980661,6.665321,66.38191,19167,18498,669,30.241394
17129.png,3042,4.641724,15,AEGIS-CD,AEGIS-CD,92.254563,85.622711,91.877736,471,1,0.0,22.214143,42.017814,True,137.664936,primary_best_F1;clear_margin_ge_2pct;has_change_gt;low_false_alarm_tendency,92.254563,85.622711,99.281311,91.877736,92.300099,92.209073,471,234,237,4.637146,62.00508,44.932871,96.11969,59.978353,56.833744,68.211703,2543,1576,967,5.570984,63.047693,46.03624,95.637512,60.841743,51.948882,80.177515,2859,2256,603,7.164001,50.455252,33.739234,96.595764,48.916611,77.754962,37.343853,2231,325,1906,2.229309,70.04042,53.894003,97.172546,68.557094,68.915049,71.203156,1853,977,876,4.795837,38.950715,24.185587,94.140625,35.876815,37.715517,40.26956,3840,2023,1817,4.956055,62.061736,44.9924,95.030212,59.642737,48.060617,87.573964,3257,2879,378,8.457947,61.746847,44.662162,96.250916,59.781485,58.651287,65.187377,2457,1398,1059,5.158997,1.371088,0.690276,94.950867,0.509414,7.348243,0.756082,3309,290,3019,0.4776,53.430532,36.454067,95.028687,50.851815,47.268589,61.439842,3258,2085,1173,6.033325,56.727498,39.594128,93.595886,53.782628,41.324921,90.433925,4197,3906,291,10.157776,57.655558,40.504257,97.227478,56.47956,99.039231,40.664037,1817,12,1805,1.905823,59.816343,42.669983,94.725037,57.251046,46.268657,84.582512,3457,2988,469,8.485413,63.71274,46.74886,95.188904,61.382838,49.017177,90.992768,3153,2879,274,8.616638,2.292994,1.159794,95.318604,2.009077,36.734694,1.183432,3068,62,3006,0.149536
18935.png,5371,8.195496,15,AEGIS-CD,AEGIS-CD,75.151407,60.194036,72.82815,2790,1,0.0,28.201249,56.957932,True,132.39413,primary_best_F1;clear_margin_ge_2pct;has_change_gt,75.151407,60.194036,95.742798,72.82815,72.033464,78.55148,2790,1638,1152,8.937073,0.0,0.0,87.600708,-5.88411,0.0,0.0,8126,2755,5371,4.203796,23.633678,13.400335,89.744568,18.422477,30.3207,19.363247,6721,2390,4331,5.233765,41.586787,26.252095,93.955994,39.525674,100.0,26.252095,3961,0,3961,2.151489,38.920145,24.162019,78.630066,30.153353,25.412917,83.075777,14005,13096,909,26.791382,3.718077,1.894254,45.866394,-11.958015,2.176261,12.753677,35477,30791,4686,48.028564,46.950158,30.676385,81.858826,39.397415,30.874413,97.951964,11889,11779,110,26.000977,16.862605,9.207625,89.317322,11.615529,23.278689,13.21914,7001,2340,4661,4.653931,0.0,0.0,85.768127,-7.471593,0.0,0.0,9327,3956,5371,6.036377,0.0,0.0,91.436768,-0.708879,0.0,0.0,5612,241,5371,0.367737,41.221549,25.961677,84.317017,33.691313,29.748246,67.101098,10278,8511,1767,18.486023,0.0,0.0,72.364807,-13.032765,0.0,0.0,18111,12740,5371,19.439697,29.959514,17.619048,63.043213,18.703977,17.73426,96.443865,24220,24029,191,44.569397,9.098987,4.766338,92.195129,8.416039,100.0,4.766338,5115,0,5115,0.390625,2.757146,1.397843,47.259521,-12.960353,1.623968,9.123068,34564,29683,4881,46.040344
17392.png,26433,40.333557,15,AEGIS-CD,AEGIS-CD,88.922973,80.055234,82.728363,5272,1,0.0,18.78019,29.37889,True,126.483353,primary_best_F1;clear_margin_ge_2pct;has_change_gt;low_false_alarm_tendency,88.922973,80.055234,91.955566,82.728363,100.0,80.055234,5272,0,5272,32.289124,57.136697,39.993963,75.732422,44.188682,99.334645,40.101388,15904,71,15833,16.282654,69.526004,53.287249,81.027222,57.433759,98.712506,53.660197,12434,185,12249,21.925354,54.947045,37.880679,74.945068,42.119515,100.0,37.880679,16420,0,16420,15.278625,60.096675,42.955858,76.948547,47.255733,99.562402,43.037113,15107,50,15057,17.434692,69.330961,53.058445,81.065369,57.423254,99.985743,53.06246,12409,2,12407,21.405029,52.546663,35.63613,73.970032,39.66268,99.253888,35.73185,17059,71,16988,14.520264,60.270642,43.133843,77.062988,47.509438,99.99123,43.135475,15032,1,15031,17.399597,70.142784,54.015314,81.39801,58.273648,99.458258,54.174706,12191,78,12113,21.969604,57.103641,39.961579,75.679016,44.085963,98.927639,40.135437,15939,115,15824,16.363525,54.521503,37.477362,74.714661,41.583658,99.290284,37.578027,16571,71,16500,15.264893,53.259693,36.295204,74.302673,40.467122,99.968743,36.299323,16841,3,16838,14.645386,52.404986,35.505932,73.954773,39.591786,99.650053,35.550259,17069,33,17036,14.389038,54.44738,37.407351,74.743652,41.610445,99.888923,37.422918,16552,11,16541,15.110779,67.882502,51.380403,80.329895,55.67419,99.408932,51.53785,12891,81,12810,20.910645
18719.png,13130,20.03479,15,AEGIS-CD,AEGIS-CD,91.741196,84.742481,89.453782,2364,1,0.0,17.096512,33.797952,True,126.18248,primary_best_F1;clear_margin_ge_2pct;has_change_gt,91.741196,84.742481,96.392822,89.453782,84.742481,100.0,2364,2364,0,23.641968,49.783878,33.141501,59.58252,28.164695,33.141501,100.0,26488,26488,0,60.452271,57.51698,40.367603,70.890808,40.704738,40.642014,98.354912,19077,18861,216,48.484802,74.644684,59.546485,86.38916,66.141143,59.546485,100.0,8920,8920,0,33.64563,54.578373,37.531126,66.696167,35.916899,37.549396,99.870526,21826,21809,17,53.286743,55.183013,38.105346,71.078491,38.072806,40.014402,88.87281,18954,17493,1461,44.497681,56.317763,39.196051,73.872375,40.448494,42.341478,84.067022,17123,15031,2092,39.778137,64.58711,47.696427,78.242493,51.486996,47.919661,99.032749,14259,14132,127,41.404724,64.93,48.07137,78.594971,52.013635,48.328991,98.903275,14028,13884,144,41.000366,49.715182,33.080641,61.341858,28.544996,33.618769,95.384615,25335,24729,606,56.843567,49.562132,32.94525,59.222412,27.801598,32.94525,100.0,26724,26724,0,60.812378,67.645337,51.109145,88.195801,60.511471,75.018553,61.591775,7736,2693,5043,16.448975,49.346061,32.754578,58.868408,27.44735,32.754578,100.0,26956,26956,0,61.166382,69.168971,52.868935,82.139587,58.216902,52.868935,100.0,11705,11705,0,37.895203,48.225927,31.774812,64.976501,27.888986,34.259526,81.416603,22953,20513,2440,47.612
19188.png,2317,3.535461,15,AEGIS-CD,AEGIS-CD,87.684038,78.06908,87.271357,527,1,0.0,17.129877,64.865757,True,122.870566,primary_best_F1;clear_margin_ge_2pct;has_change_gt;low_false_alarm_tendency,87.684038,78.06908,99.195862,87.271357,95.616718,80.966767,527,86,441,2.993774,38.570465,23.893066,94.439697,35.804226,31.64592,49.374191,3644,2471,1173,5.516052,5.386675,2.767886,90.834045,0.938346,4.241071,7.380233,6007,3861,2146,6.152344,5.294118,2.719033,96.560669,5.116523,100.0,2.719033,2254,0,2254,0.09613,29.508849,17.308141,94.590759,26.714355,27.359882,32.024169,3545,1970,1575,4.138184,0.435781,0.218366,60.954285,-6.410073,0.23948,2.416918,25589,23328,2261,35.681152,0.0,0.0,94.410706,-2.667581,0.0,0.0,3663,1346,2317,2.053833,24.881195,14.20818,93.24646,21.513892,20.503497,31.635736,4426,2842,1584,5.455017,26.078593,14.99447,83.581543,21.405869,15.507803,81.916271,10760,10341,419,18.675232,40.249663,25.195354,94.595337,37.560256,33.03794,51.488994,3542,2418,1124,5.509949,42.466435,26.957071,94.703674,39.84657,34.472551,55.287009,3471,2435,1036,5.670166,0.0,0.0,92.285156,-3.983125,0.0,0.0,5056,2739,2317,4.179382,36.030003,21.973534,92.712402,32.750563,26.121577,58.049202,4776,3804,972,7.85675,70.554161,54.504773,97.673035,69.356775,63.836478,78.851964,1525,1035,490,4.367065,0.0,0.0,93.560791,-3.293639,0.0,0.0,4220,1903,2317,2.903748
16295.png,1167,1.780701,15,AEGIS-CD,AEGIS-CD,92.112421,85.378151,91.977859,174,1,0.0,14.900205,65.400541,True,122.751865,primary_best_F1;clear_margin_ge_2pct;has_change_gt;low_false_alarm_tendency,92.112421,85.378151,99.734497,91.977859,97.786333,87.06084,174,23,151,1.585388,54.763,37.705957,98.500061,54.004644,59.145129,50.985433,983,411,572,1.535034,55.71367,38.61327,98.432922,54.916052,56.076389,55.355613,1027,506,521,1.757812,0.0,0.0,98.219299,0.0,0.0,0.0,1167,0,1167,0.0,15.379581,8.330379,96.054077,13.474813,12.440445,20.137104,2586,1654,932,2.882385,0.0,0.0,97.761536,-0.733646,0.0,0.0,1467,300,1167,0.457764,77.212216,62.882653,99.111938,76.762788,71.088681,84.490146,582,401,181,2.116394,0.0,0.0,98.219299,0.0,0.0,0.0,1167,0,1167,0.0,0.171233,0.08569,98.220825,0.168189,100.0,0.08569,1166,0,1166,0.001526,34.482759,20.833333,97.27478,33.120581,30.14753,40.274207,1786,1089,697,2.378845,53.556677,36.571608,96.911621,52.313139,36.571608,100.0,2024,2024,0,4.86908,0.0,0.0,98.098755,-0.226314,0.0,0.0,1246,79,1167,0.120544,76.219512,61.576355,99.285889,75.869736,93.632959,64.267352,468,51,417,1.222229,0.0,0.0,97.473145,-1.062823,0.0,0.0,1656,489,1167,0.746155,6.467662,3.341902,98.278809,6.359817,100.0,3.341902,1128,0,1128,0.059509
19728.png,14234,21.71936,15,AEGIS-CD,AEGIS-CD,79.144166,65.486426,74.521346,5098,1,0.0,21.206711,57.763113,True,121.72162,primary_best_F1;clear_margin_ge_2pct;has_change_gt;low_false_alarm_tendency,79.144166,65.486426,92.221069,74.521346,94.740451,67.957004,5098,537,4561,15.579224,0.490574,0.24589,78.334045,0.384434,100.0,0.24589,14199,0,14199,0.053406,13.157074,7.041783,78.749084,8.69816,58.513588,7.411831,13927,748,13179,2.75116,0.0,0.0,78.28064,0.0,0.0,0.0,14234,0,14234,0.0,3.00659,1.526239,78.439331,2.030898,65.568862,1.53857,14130,115,14015,0.509644,27.666404,16.053981,79.023743,18.813119,55.103752,18.469861,13747,2142,11605,7.279968,21.079756,11.78165,80.839539,17.293114,100.0,11.78165,12557,0,12557,2.558899,45.174901,29.178021,82.948303,36.907014,74.873963,32.345089,11175,1545,9630,9.382629,2.9914,1.518411,76.248169,-2.01266,13.245033,1.686104,15566,1572,13994,2.764893,32.718816,19.559173,81.90155,26.576622,84.948454,20.261346,11861,511,11350,5.180359,57.937455,40.783062,73.114014,41.024054,43.878363,85.253618,17620,15521,2099,42.199707,0.0,0.0,75.660706,-4.905196,0.0,0.0,15951,1717,14234,2.619934,24.596426,14.022762,81.326294,20.340888,100.0,14.022762,12238,0,12238,3.045654,51.054256,34.277083,85.725403,44.949944,100.0,34.277083,9355,0,9355,7.444763,19.461097,10.779448,80.525208,15.735382,95.598264,10.833216,12763,71,12692,2.461243
19400.png,673,1.026917,15,AEGIS-CD,AEGIS-CD,88.834556,79.912023,88.730047,137,1,0.0,15.698591,69.138544,True,121.033084,primary_best_F1;clear_margin_ge_2pct;has_change_gt;low_false_alarm_tendency,88.834556,79.912023,99.790955,88.730047,98.375451,80.980684,137,9,128,0.845337,0.0,0.0,98.973083,0.0,0.0,0.0,673,0,673,0.0,18.716578,10.324484,97.216797,17.530781,13.367282,31.203566,1824,1361,463,2.397156,52.717391,35.793358,99.203491,52.335209,67.517401,43.239227,522,140,382,0.657654,0.0,0.0,98.973083,0.0,0.0,0.0,673,0,673,0.0,0.0,0.0,98.918152,-0.104394,0.0,0.0,709,36,673,0.054932,0.591716,0.296736,98.974609,0.582654,66.666667,0.297177,672,1,671,0.004578,0.0,0.0,98.783875,-0.320567,0.0,0.0,797,124,673,0.189209,0.0,0.0,98.973083,0.0,0.0,0.0,673,0,673,0.0,73.135965,57.649092,99.252319,72.783227,57.949609,99.10847,490,484,6,1.756287,67.065272,50.449775,98.991394,66.609448,50.449775,100.0,661,661,0,2.035522,0.0,0.0,98.820496,-0.266404,0.0,0.0,773,100,673,0.152588,8.642709,4.51653,81.225586,6.824669,4.548652,86.478455,12304,12213,91,19.523621,54.874537,37.811791,98.326111,54.194208,37.940842,99.10847,1097,1091,6,2.682495,0.0,0.0,98.605347,-0.544495,0.0,0.0,914,241,673,0.367737
18715.png,2778,4.238892,15,AEGIS-CD,AEGIS-CD,77.586929,63.381246,76.360274,1605,1,0.0,21.099398,53.827082,True,120.747669,primary_best_F1;clear_margin_ge_2pct;has_change_gt,77.586929,63.381246,97.550964,76.360274,63.381246,100.0,1605,1605,0,6.687927,48.82585,32.297751,91.687012,45.405176,33.032537,93.556515,5448,5269,179,12.005615,0.0,0.0,78.95813,-7.261532,0.0,0.0,13790,11012,2778,16.802979,55.23961,38.159341,93.130493,52.313451,38.159341,100.0,4502,4502,0,11.108398,46.799675,30.548026,91.007996,43.191397,31.232679,93.304536,5893,5707,186,12.663269,16.173623,8.798314,80.845642,9.956017,9.928671,43.592513,12553,10986,1567,18.611145,0.0,0.0,80.33905,-7.123702,0.0,0.0,12885,10107,2778,15.422058,56.487532,39.360714,95.021057,54.034251,44.863376,76.241901,3263,2603,660,7.203674,0.784077,0.393582,89.959717,-4.357211,0.674624,0.935925,6580,3828,2752,5.880737,11.138183,5.89753,92.208862,7.068667,10.781671,11.519078,5106,2648,2458,4.528809,32.102617,19.12038,82.069397,26.900107,19.12038,100.0,11751,11751,0,22.169495,0.0,0.0,86.550903,-6.163595,0.0,0.0,8814,6036,2778,9.210205,28.354172,16.518999,78.578186,22.732264,16.518999,100.0,14039,14039,0,25.660706,36.732515,22.498365,85.534668,32.039122,22.546289,99.064075,9480,9454,26,18.624878,0.0,0.0,78.674316,-7.287688,0.0,0.0,13976,11198,2778,17.086792
18714.png,3739,5.705261,15,AEGIS-CD,AEGIS-CD,65.275838,48.451471,62.384579,3978,1,0.0,26.976222,42.075574,True,120.193019,primary_best_F1;clear_margin_ge_2pct;has_change_gt,65.275838,48.451471,93.930054,62.384579,48.451471,100.0,3978,3978,0,11.775208,24.473099,13.942648,64.785767,16.067914,13.942648,100.0,23078,23078,0,40.919495,21.965392,12.337709,62.910461,13.255508,12.480846,91.495052,24307,23989,318,41.824341,36.193795,22.095497,79.884338,29.616009,22.095497,100.0,13183,13183,0,25.820923,23.580842,13.366372,63.456726,15.043425,13.387681,98.823215,23949,23905,44,42.114258,24.266477,13.808678,65.931702,15.885889,13.895579,95.667291,22327,22165,162,39.279175,0.138414,0.069255,62.57019,-10.556457,0.081633,0.454667,24530,20808,3722,31.776428,29.889247,17.570463,77.107239,22.600722,18.10872,85.530891,15003,14462,541,26.947021,17.455122,9.562099,87.30011,11.070665,13.871375,23.535705,8323,5464,2859,9.680176,18.744933,10.341743,61.769104,9.689597,10.665781,77.293394,25055,24206,849,41.345215,23.388484,13.242899,62.623596,14.80401,13.242899,100.0,24495,24495,0,43.081665,31.854278,18.944447,76.823425,24.703857,19.137466,94.945173,15189,15000,189,28.305054,19.817015,10.998272,55.201721,10.664287,11.035406,97.031292,29359,29248,111,50.164795,38.299616,23.685544,81.617737,32.028999,23.685544,100.0,12047,12047,0,24.087524,14.736989,7.954631,62.727356,5.346062,8.474508,56.458946,24427,22799,1628,38.009644
18814.png,1487,2.268982,15,AEGIS-CD,AEGIS-CD,56.344811,39.222259,55.034922,1813,1,0.0,31.195334,35.268722,True,119.598928,primary_best_F1;clear_margin_ge_2pct;has_change_gt,56.344811,39.222259,97.233582,55.034922,43.885971,78.68191,1813,1496,317,4.067993,20.895763,11.666817,85.015869,17.60457,11.869681,87.222596,9820,9630,190,16.673279,20.61754,11.493621,87.721252,17.419796,12.080925,70.275723,8047,7605,442,13.198853,23.494424,13.310868,87.438965,20.380646,13.630972,85.003362,8232,8009,223,14.149475,22.778916,12.853389,87.347412,19.637091,13.220192,82.246133,8292,8028,264,14.115906,20.742817,11.57154,86.193848,17.486103,11.924665,79.623403,9048,8745,303,15.150452,25.149477,14.383415,87.774658,22.105719,14.60345,90.517821,8012,7871,141,14.064026,23.528216,13.332565,88.523865,20.464634,13.859607,77.807666,7521,7191,330,12.738037,22.726488,12.820014,86.334229,19.543851,13.035732,88.567586,8956,8786,170,15.415955,20.662123,11.521338,87.567139,17.458773,12.080155,71.351715,8148,7722,426,13.401794,24.808522,14.160804,86.967468,21.721286,14.27269,94.754539,8541,8463,78,15.063477,1.355014,0.682128,86.669922,-2.51599,0.814222,4.03497,8736,7309,1427,11.244202,23.61159,13.386135,86.483765,20.465157,13.542388,92.06456,8858,8740,118,15.42511,22.595078,12.736444,86.273193,19.405683,12.955106,88.298588,8996,8822,174,15.464783,22.099273,12.42225,84.960938,18.84951,12.521272,94.014795,9856,9767,89,17.036438
19005.png,4046,6.173706,15,AEGIS-CD,AEGIS-CD,71.986904,56.234015,69.801716,2738,1,0.0,20.642307,45.265502,True,114.212834,primary_best_F1;clear_margin_ge_2pct;has_change_gt,71.986904,56.234015,95.822144,69.801716,61.417598,86.950074,2738,2210,528,8.740234,24.025654,13.65293,90.600586,19.016078,23.978336,24.073159,6160,3088,3072,6.19812,19.199228,10.618997,89.776611,13.745702,18.747056,19.673752,6700,3450,3250,6.478882,11.027027,5.83524,83.674622,3.087012,8.309312,16.386555,10699,7316,3383,12.174988,44.452198,28.577838,95.141602,42.358757,75.563464,31.487889,3184,412,2772,2.572632,43.959798,28.172097,86.982727,38.372872,29.936477,82.698962,8531,7831,700,17.054749,42.552083,27.026133,89.901733,37.549273,32.793685,60.578349,6618,5023,1595,11.404419,51.344597,34.539341,92.573547,47.48294,43.108947,63.470094,4867,3389,1478,9.089661,0.0,0.0,86.244202,-7.302815,0.0,0.0,9015,4969,4046,7.582092,27.908605,16.217316,87.434387,21.661938,21.6077,39.396935,8235,5783,2452,11.256409,18.815581,10.384768,75.798035,10.004744,11.864954,45.427583,15861,13653,2208,23.63739,34.510086,20.853287,94.451904,32.240636,63.612218,23.677706,3636,548,3088,2.297974,39.137417,24.32972,87.85553,33.463776,28.335732,63.247652,7959,6472,1487,13.780212,0.0,0.0,93.826294,0.0,0.0,0.0,4046,0,4046,0.0,17.167356,9.389656,58.726501,7.120017,9.797616,69.2783,27049,25806,1243,43.65387
17159.png,908,1.385498,15,AEGIS-CD,AEGIS-CD,52.168525,35.289187,51.581648,772,1,0.0,30.61093,48.868818,True,114.20966,primary_best_F1;clear_margin_ge_2pct;has_change_gt;low_false_alarm_tendency,52.168525,35.289187,98.822021,51.581648,59.631728,46.365639,772,285,487,1.077271,0.0,0.0,98.614502,0.0,0.0,0.0,908,0,908,0.0,3.486728,1.774297,90.623474,1.13794,2.033339,12.22467,6145,5348,797,8.329773,21.557595,12.080982,95.957947,19.93554,14.742811,40.088106,2649,2105,544,3.767395,0.773196,0.388098,97.650146,-0.381006,0.931677,0.660793,1540,638,902,0.982666,0.0,0.0,93.855286,-2.193269,0.0,0.0,4027,3119,908,4.759216,0.0,0.0,98.608398,-0.012155,0.0,0.0,912,4,908,0.006104,0.0,0.0,98.614502,0.0,0.0,0.0,908,0,908,0.0,0.0,0.0,98.197937,-0.644673,0.0,0.0,1181,273,908,0.416565,14.495518,7.814107,93.159485,12.490584,8.765859,41.85022,4483,3955,528,6.614685,5.012066,2.570449,92.192078,2.771997,3.014066,14.867841,5117,4344,773,6.834412,0.0,0.0,98.614502,0.0,0.0,0.0,908,0,908,0.0,0.0,0.0,86.361694,-2.553052,0.0,0.0,8938,8030,908,12.252808,0.484966,0.243072,96.868896,-1.082613,0.433276,0.550661,2052,1149,903,1.760864,0.385837,0.193292,86.605835,-2.153147,0.215081,1.872247,8778,7887,891,12.060547
19736.png,6232,9.509277,15,AEGIS-CD,AEGIS-CD,90.162162,82.086614,89.085302,1274,1,0.0,11.610241,50.43605,True,114.15718,primary_best_F1;clear_margin_ge_2pct;has_change_gt,90.162162,82.086614,98.05603,89.085302,86.900863,93.677792,1274,880,394,10.250854,0.0,0.0,90.490723,0.0,0.0,0.0,6232,0,6232,0.0,63.428693,46.443645,94.772339,60.942034,94.73852,47.673299,3426,165,3261,4.785156,5.305868,2.725232,90.740967,4.808629,96.590909,2.727856,6068,6,6062,0.268555,70.527829,54.47335,95.620728,68.361441,97.946378,55.102696,2870,72,2798,5.349731,30.693277,18.1288,89.932251,25.820744,44.434307,23.443517,6598,1827,4771,5.01709,65.660703,48.876765,95.13855,63.373816,100.0,48.876765,3186,0,3186,4.647827,52.622814,35.706215,93.054199,49.23005,74.881517,40.564827,4552,848,3704,5.151367,0.0,0.0,90.446472,-0.088169,0.0,0.0,6261,29,6232,0.04425,59.877301,42.732049,94.511414,57.407874,98.207098,43.068036,3597,49,3548,4.170227,78.551921,64.679427,94.847107,75.767387,65.005782,99.229782,3377,3329,48,14.515686,0.0,0.0,90.490723,0.0,0.0,0.0,6232,0,6232,0.0,49.559445,32.942875,93.623352,47.064741,100.0,32.942875,4179,0,4179,3.132629,63.393249,46.405648,94.903564,61.044944,100.0,46.405648,3340,0,3340,4.412842,16.544477,9.01825,89.578247,12.578885,34.682377,10.863286,6830,1275,5555,2.978516
17032.png,45534,69.47937,15,AEGIS-CD,AEGIS-CD,95.005757,90.486635,84.619151,4424,1,0.0,8.374675,40.372127,True,111.755107,primary_best_F1;clear_margin_ge_2pct;has_change_gt;low_false_alarm_tendency,95.005757,90.486635,93.249512,84.619151,97.749024,92.412263,4424,969,3455,65.686035,60.119194,42.978873,60.38208,31.511067,100.0,42.978873,25964,0,25964,29.86145,26.01685,14.953661,40.910339,9.692569,100.0,14.953661,38725,0,38725,10.389709,59.549993,42.399423,59.757996,30.364205,98.718535,42.634076,26373,252,26121,30.006409,19.144457,10.585497,37.875366,6.739454,100.0,10.585497,40714,0,40714,7.354736,79.581636,66.087625,76.437378,54.326794,99.996677,66.089076,15442,1,15441,45.9198,26.447887,15.239162,41.108704,9.889303,100.0,15.239162,38595,0,38595,10.588074,58.164998,41.008916,59.013367,29.792113,100.0,41.008916,26861,0,26861,28.492737,41.733241,26.368924,48.806763,17.852219,99.742653,26.386876,33550,31,33519,18.380737,42.166445,26.715767,48.985291,17.959482,99.291242,26.766812,33433,87,33346,18.730164,82.44104,70.127398,78.926086,57.674537,97.889556,71.203936,13811,699,13112,50.538635,61.120615,44.009855,60.813904,31.590406,98.377114,44.331708,25681,333,25348,31.309509,66.435114,49.739955,65.052795,37.576956,99.845822,49.778188,22903,35,22868,34.638977,86.631083,76.415198,83.604431,66.381075,99.928241,76.457153,10745,25,10720,53.160095,55.318273,38.234457,56.964111,27.087415,99.266545,38.342777,28204,129,28075,26.837158
18741.png,4362,6.655884,15,AEGIS-CD,AEGIS-CD,81.144414,68.271435,80.067906,1384,1,0.0,14.743189,71.709133,True,111.547998,primary_best_F1;clear_margin_ge_2pct;has_change_gt;low_false_alarm_tendency,81.144414,68.271435,97.888184,80.067906,100.0,68.271435,1384,0,1384,4.544067,0.0,0.0,92.405701,-1.672424,0.0,0.0,4977,615,4362,0.938416,1.580882,0.796739,83.660889,-6.948037,1.319423,1.971573,10708,6432,4276,9.945679,0.0,0.0,93.344116,0.0,0.0,0.0,4362,0,4362,0.0,0.0,0.0,92.991638,-0.674014,0.0,0.0,4593,231,4362,0.352478,12.574898,6.709292,83.302307,4.272655,9.650521,18.042182,10943,7368,3575,12.443542,4.469937,2.286061,85.26001,-3.353385,3.930435,5.18111,9660,5524,4136,8.773804,0.0,0.0,91.2323,-3.312525,0.0,0.0,5746,1384,4362,2.111816,0.0,0.0,93.344116,0.0,0.0,0.0,4362,0,4362,0.0,66.401225,49.701972,96.652222,64.847635,100.0,49.701972,2194,0,2194,3.308105,0.0,0.0,88.079834,-6.246049,0.0,0.0,7812,3450,4362,5.264282,10.224059,5.387437,93.702698,9.608947,100.0,5.387437,4127,0,4127,0.358582,26.380584,15.194489,93.612671,24.025621,56.646526,17.193948,4186,574,3612,2.020264,10.462345,5.51993,88.534546,4.347708,10.8933,10.064191,7514,3591,3923,6.149292,0.0,0.0,91.571045,-2.880864,0.0,0.0,5524,1162,4362,1.773071
16559.png,14056,21.447754,15,AEGIS-CD,AEGIS-CD,96.607556,93.437733,95.66378,968,1,0.0,6.940551,18.258487,True,110.666271,primary_best_F1;clear_margin_ge_2pct;has_change_gt,96.607556,93.437733,98.522949,95.66378,95.199613,98.057769,968,695,273,22.091675,84.660864,73.401681,93.626404,80.643682,87.491461,82.007684,4177,1648,2529,20.103455,88.420524,79.244433,95.079041,85.296508,89.256977,87.599602,3225,1482,1743,21.0495,21.289784,11.91302,79.849243,15.402467,65.613519,12.706318,13206,936,12270,4.153442,47.005435,30.723598,84.675598,40.4021,90.990807,31.687536,10043,441,9602,7.469177,74.406531,59.243949,88.566589,67.060659,71.55903,77.49004,7493,4329,3164,23.225403,89.239416,80.56965,95.617676,86.497783,94.261517,84.725384,2872,725,2147,19.277954,82.91352,70.813914,93.406677,78.891625,93.332146,74.587365,4321,749,3572,17.140198,86.643568,76.434628,94.529724,83.213785,90.950332,82.726238,3585,1157,2428,19.508362,89.667005,81.269437,95.956421,87.182222,99.206212,81.801366,2650,92,2558,17.684937,82.728265,70.544078,92.755127,78.147426,84.643442,80.897837,4748,2063,2685,20.498657,88.083186,78.704158,95.365906,85.244727,98.206317,79.85202,3037,205,2832,17.43927,87.757484,78.1856,95.039368,84.660384,93.223458,82.896983,3251,847,2404,19.07196,88.099891,78.730836,94.98291,84.922524,89.664064,86.589357,3288,1403,1885,20.71228,85.971498,75.394745,94.126892,82.260345,88.1399,83.907228,3849,1587,2262,20.417786
16864.png,669,1.020813,15,AEGIS-CD,AEGIS-CD,76.683938,62.184874,76.441132,315,1,0.0,16.46496,53.691086,True,110.414898,primary_best_F1;clear_margin_ge_2pct;has_change_gt,76.683938,62.184874,99.519348,76.441132,75.953079,77.428999,315,164,151,1.040649,60.218978,43.08094,99.002075,59.731398,50.769231,73.991031,654,480,174,1.487732,45.673759,29.595588,97.662354,44.814362,29.939563,96.263079,1532,1507,25,3.282166,0.0,0.0,98.957825,-0.041866,0.0,0.0,683,14,669,0.021362,2.159244,1.091405,95.574951,0.587721,1.394336,4.783259,2900,2263,637,3.501892,0.0,0.0,96.586609,-1.451831,0.0,0.0,2237,1568,669,2.392578,20.084059,11.163024,91.876221,18.588857,11.163024,100.0,5324,5324,0,9.144592,5.494505,2.824859,98.950195,5.337876,33.898305,2.989537,688,39,649,0.090027,29.969419,17.625899,98.252869,29.114364,25.362319,36.621824,1145,721,424,1.473999,29.123711,17.043741,96.643066,27.970082,18.562628,67.563528,2200,1983,217,3.715515,41.00521,25.790285,97.062683,40.031904,25.790285,100.0,1925,1925,0,3.95813,0.0,0.0,98.672485,-0.473921,0.0,0.0,870,201,669,0.306702,0.0,0.0,98.913574,-0.123453,0.0,0.0,712,43,669,0.065613,28.036203,16.30355,94.78302,26.751319,16.315532,99.55157,3419,3416,3,6.228638,60.134831,42.994859,98.646545,59.557408,42.994859,100.0,887,887,0,2.374268
18706.png,15289,23.329163,15,AEGIS-CD,AEGIS-CD,94.774362,90.067747,93.074197,1686,1,0.0,7.451061,23.020858,True,109.760026,primary_best_F1;clear_margin_ge_2pct;has_change_gt,94.774362,90.067747,97.427368,93.074197,90.067747,100.0,1686,1686,0,25.901794,58.971689,41.815497,67.538452,38.854316,41.815497,100.0,21274,21274,0,55.79071,79.993716,66.65794,88.340759,72.220987,66.695774,99.914972,7641,7628,13,34.94873,77.250335,62.933235,86.25946,68.121441,62.933235,100.0,9005,9005,0,37.069702,73.895796,58.598995,83.532715,63.023502,58.630484,99.908431,10792,10778,14,39.753723,60.590771,43.462525,73.779297,43.460098,46.653717,86.401988,17184,15105,2079,43.205261,68.727428,52.354751,79.916382,55.509788,53.968432,94.597423,13162,12336,826,40.892029,70.624422,54.588681,80.618286,57.938352,54.627741,99.869187,12702,12682,20,42.649841,69.798443,53.607994,79.811096,56.622581,53.607994,100.0,13231,13231,0,43.518066,65.43268,48.624495,75.350952,49.615147,48.624495,100.0,16154,16154,0,47.97821,87.3233,77.498986,93.226624,82.802736,77.498986,100.0,4439,4439,0,30.102539,81.848696,69.274476,90.345764,75.407063,72.899632,93.302374,6327,5303,1024,29.858398,81.652381,68.993682,89.515686,74.654656,68.993682,100.0,6871,6871,0,33.813477,72.888105,57.341687,82.649231,61.461583,57.350293,99.973837,11371,11367,4,40.667725,55.551294,38.457453,69.93866,35.986295,42.402011,80.521944,19701,16723,2978,44.302368
19602.png,35743,54.53949,15,AEGIS-CD,AEGIS-CD,97.075203,94.316633,93.742025,2043,1,0.0,5.628141,10.241969,True,108.331486,primary_best_F1;clear_margin_ge_2pct;has_change_gt;low_false_alarm_tendency,97.075203,94.316633,96.882629,93.742025,99.4019,94.854937,2043,204,1839,52.044678,90.964402,83.426333,90.57312,81.153394,95.302013,87.004448,6178,1533,4645,49.790955,88.337605,79.111329,87.640381,75.216007,90.99997,85.826595,8100,3034,5066,51.438904,89.525913,81.03793,89.579773,79.34905,99.079984,81.652352,6829,271,6558,44.946289,89.060773,80.278884,89.123535,78.447179,98.636843,81.179532,7128,401,6727,44.88678,88.280969,79.020529,88.070679,76.25969,95.085408,82.385362,7818,1522,6296,47.254944,91.447062,84.241903,91.046143,82.087471,95.451088,87.765437,5868,1495,4373,50.14801,82.9687,70.894452,83.892822,68.358213,97.999009,71.935764,10556,525,10031,40.034485,89.471088,80.948131,88.925171,77.824352,92.910729,86.277033,7258,2353,4905,50.645447,89.985715,81.794573,89.517212,79.029136,93.934691,86.35537,6870,1993,4877,50.138855,85.647644,74.898015,85.916138,72.156365,96.404943,77.050052,9230,1027,8203,43.589783,71.937793,56.1741,75.770569,53.091155,97.653776,56.942618,15879,489,15390,31.802368,85.572078,74.782515,85.713196,71.709825,95.245609,77.682343,9363,1386,7977,44.482422,87.564987,77.880532,87.919617,76.159205,99.824524,77.987298,7917,49,7868,42.608643,84.900554,73.762782,85.357666,71.112245,97.011759,75.477716,9596,831,8765,42.433167
16816.png,2790,4.257202,15,AEGIS-CD,AEGIS-CD,64.93987,48.082192,63.847857,1516,1,0.0,21.179378,55.465882,True,108.261487,primary_best_F1;clear_margin_ge_2pct;has_change_gt;low_false_alarm_tendency,64.93987,48.082192,97.686768,63.847857,91.525424,50.322581,1516,130,1386,2.340698,0.0,0.0,94.148254,-2.375199,0.0,0.0,3835,1045,2790,1.594543,0.0,0.0,93.359375,-3.152283,0.0,0.0,4352,1562,2790,2.383423,0.0,0.0,95.742798,0.0,0.0,0.0,2790,0,2790,0.0,0.0,0.0,95.742798,0.0,0.0,0.0,2790,0,2790,0.0,10.755911,5.683618,91.821289,6.492765,10.043532,11.577061,5360,2893,2467,4.907227,0.0,0.0,95.742798,0.0,0.0,0.0,2790,0,2790,0.0,20.834485,11.628624,95.628357,19.259739,45.476478,13.512545,2865,452,2413,1.264954,0.0,0.0,95.715332,-0.054609,0.0,0.0,2808,18,2790,0.027466,4.553415,2.329749,95.84198,4.368034,100.0,2.329749,2725,0,2725,0.099182,24.423841,13.910682,86.940002,19.241732,16.203866,49.569892,8559,7152,1407,13.023376,0.0,0.0,95.742798,0.0,0.0,0.0,2790,0,2790,0.0,43.760492,28.008596,96.932983,42.690094,99.744898,28.028674,2010,2,2008,1.196289,28.307692,16.487455,96.444702,27.433178,100.0,16.487455,2330,0,2330,0.701904,0.0,0.0,95.431519,-0.583525,0.0,0.0,2994,204,2790,0.311279
19608.png,36209,55.250549,15,AEGIS-CD,AEGIS-CD,96.436106,93.117496,92.149504,2551,1,0.0,5.781148,9.377297,True,107.998401,primary_best_F1;clear_margin_ge_2pct;has_change_gt;low_false_alarm_tendency,96.436106,93.117496,96.107483,92.149504,97.57987,95.318843,2551,856,1695,53.970337,89.924042,81.692717,89.616394,79.328183,96.929265,83.863128,6805,962,5843,47.802734,85.786052,75.109962,85.752869,71.80285,95.576662,77.814908,9337,1304,8033,44.98291,89.517248,81.02373,89.274597,78.680645,97.302555,82.88547,7029,832,6197,47.064209,89.971153,81.770513,89.602661,79.273935,96.313219,84.412715,6814,1170,5644,48.423767,88.339997,79.115166,87.985229,76.081374,95.23323,82.37731,7874,1493,6381,47.792053,90.654958,82.907241,90.257263,80.555155,96.431685,85.531222,6385,1146,5239,49.005127,89.034996,80.237005,88.803101,77.752713,97.00127,82.277887,7338,921,6417,46.864319,87.489536,77.761244,86.773682,73.521143,91.631647,83.705709,8668,2768,5900,50.471497,85.693971,74.968899,85.263062,70.664039,92.412383,79.886216,9658,2375,7283,47.761536,80.836836,67.837101,81.285095,63.157464,93.074045,71.443564,12265,1925,10340,42.410278,76.461018,61.89222,77.481079,55.850819,90.49345,66.19625,14758,2518,12240,40.415955,90.410959,82.5,90.034485,80.124257,96.517241,85.031346,6531,1111,5420,48.675537,86.919208,76.864697,87.0224,74.369895,98.080528,78.038609,8505,553,7952,43.960571,87.783345,78.226664,87.5,75.152963,95.412844,81.283659,8192,1415,6777,47.068787
18783.png,5432,8.288574,15,AEGIS-CD,AEGIS-CD,95.320525,91.059422,94.912914,492,1,0.0,5.59456,24.317346,True,107.345217,primary_best_F1;clear_margin_ge_2pct;has_change_gt;low_false_alarm_tendency,95.320525,91.059422,99.249268,94.912914,98.602912,92.249632,492,71,421,7.754517,89.725965,81.366356,98.28949,88.793068,89.341121,90.114138,1121,584,537,8.360291,61.147396,44.03763,93.283081,57.477965,58.731773,63.77025,4402,2434,1968,8.999634,71.21468,55.297203,96.098328,69.233259,91.654593,58.229013,2557,288,2269,5.265808,75.750678,60.966672,96.586609,73.976961,92.117058,64.322533,2237,299,1938,5.787659,54.904136,37.839904,91.314697,50.201674,48.191933,63.78866,5692,3725,1967,10.971069,64.824211,47.955489,91.007996,60.386658,47.963961,99.963181,5893,5891,2,17.274475,88.378033,79.176201,98.05603,87.317431,87.594937,89.175258,1274,686,588,8.43811,82.041398,69.551009,96.730042,80.258527,75.296108,90.114138,2143,1606,537,9.919739,79.872533,66.489817,97.012329,78.282681,90.432961,71.520619,1958,411,1547,6.555176,71.477582,55.614875,96.321106,69.681363,100.0,55.614875,2411,0,2411,4.60968,22.3966,12.610457,92.756653,20.928754,100.0,12.610457,4747,0,4747,1.045227,76.289492,61.667755,96.41571,74.370368,84.446927,69.569219,2349,696,1653,6.828308,85.974741,75.399734,97.746277,84.750764,88.782114,83.33947,1477,572,905,7.780457,70.047069,53.901877,95.727539,67.811796,83.60572,60.272459,2800,642,2158,5.975342
19875.png,2007,3.062439,15,AEGIS-CD,AEGIS-CD,93.703257,88.152519,93.497839,261,1,0.0,6.215061,35.266175,True,107.0365,primary_best_F1;clear_margin_ge_2pct;has_change_gt,93.703257,88.152519,99.601746,93.497839,90.832554,96.761335,261,196,65,3.262329,75.15885,60.203587,98.747253,74.546575,95.68567,61.883408,821,56,765,1.980591,86.812627,76.698156,99.209595,86.405417,88.755856,84.952666,518,216,302,2.931213,83.904017,72.271249,99.08905,83.43854,91.421857,77.52865,597,146,451,2.597046,0.0,0.0,96.937561,0.0,0.0,0.0,2007,0,2007,0.0,42.542153,27.018122,96.620178,40.804085,44.372294,40.857,2215,1028,1187,2.819824,82.20678,69.78906,98.710632,81.554471,71.188913,97.259591,845,790,55,4.18396,67.738759,51.215881,98.500061,67.049925,99.230769,51.42003,983,8,975,1.586914,4.0,2.040816,96.99707,3.876507,95.348837,2.04285,1968,2,1966,0.065613,86.237732,75.805215,99.03717,85.746879,76.687355,98.505232,631,601,30,3.933716,43.212402,27.56111,91.950989,40.348206,27.56111,100.0,5275,5275,0,11.11145,74.822695,59.773371,98.049927,73.854484,61.876833,94.618834,1278,1170,108,4.682922,87.488196,77.759127,99.191284,87.07152,83.131449,92.326856,530,376,154,3.401184,83.994932,72.406261,98.843384,83.409399,72.88384,99.103139,758,740,18,4.164124,0.0,0.0,96.937561,0.0,0.0,0.0,2007,0,2007,0.0
16788.png,15275,23.3078,15,AEGIS-CD,AEGIS-CD,95.966293,92.245385,94.736895,1235,1,0.0,5.323752,10.169676,True,106.698407,primary_best_F1;clear_margin_ge_2pct;has_change_gt,95.966293,92.245385,98.11554,94.736895,95.756746,96.176759,1235,651,584,23.410034,86.706985,76.53339,93.292236,82.25613,80.567575,93.859247,4396,3458,938,27.153015,85.273804,74.328101,92.712402,80.453596,80.596841,90.527005,4776,3329,1447,26.179504,89.841709,81.55692,94.95697,86.504226,84.67555,95.679214,3305,2645,660,26.33667,85.146166,74.134369,91.975403,79.789618,74.878291,98.677578,5259,5057,202,30.715942,82.508135,70.224551,90.895081,76.444397,74.705383,92.130933,5967,4765,1202,28.744507,83.959203,72.353176,91.552734,78.328064,75.313199,94.847791,5536,4749,787,29.353333,89.121825,80.378149,94.425964,85.415738,81.743691,97.963993,3653,3342,311,27.932739,77.770749,63.626953,88.74054,70.295656,72.03125,84.504092,7379,5012,2367,27.34375,90.642541,82.886473,95.675659,87.83092,91.439611,89.859247,2834,1285,1549,22.904968,90.517476,82.677556,95.210266,87.338847,84.036347,98.081833,3139,2846,293,27.203369,77.978925,63.906112,88.807678,70.54494,72.013974,85.021277,7335,5047,2288,27.5177,86.31616,75.926499,92.883301,81.576921,78.207241,96.301146,4664,4099,565,28.700256,90.456887,82.576516,95.222473,87.290657,84.629862,97.145663,3131,2695,436,26.754761,84.912076,73.780179,92.89093,80.262741,84.016919,85.826514,4659,2494,2165,23.809814
16714.png,2542,3.878784,15,AEGIS-CD,AEGIS-CD,88.806523,79.866667,88.327598,604,1,0.0,8.365633,42.341413,True,106.481728,primary_best_F1;clear_margin_ge_2pct;has_change_gt,88.806523,79.866667,99.078369,88.327598,83.952348,94.256491,604,458,146,4.354858,45.283019,29.268293,97.25647,44.304771,100.0,29.268293,1798,0,1798,1.135254,70.870394,54.883149,97.201538,69.45767,59.429941,87.765539,1834,1523,311,5.728149,80.44089,67.281273,98.61908,79.732399,89.256595,73.210071,905,224,681,3.181458,76.727786,62.242563,98.48938,75.977815,95.327103,64.201416,990,80,910,2.612305,63.277592,46.2818,95.811462,61.296158,47.942429,93.036979,2745,2568,177,7.527161,73.478656,58.076095,98.217773,72.579289,86.895811,63.650669,1168,244,924,2.841187,44.289855,28.443783,97.067261,43.128713,84.140969,30.055075,1922,144,1778,1.385498,9.013035,4.719189,96.272278,8.635555,84.615385,4.760031,2443,22,2421,0.218201,34.385462,20.762345,95.812988,32.326716,43.841463,28.284815,2744,921,1823,2.502441,41.285901,26.012749,89.019775,37.439305,26.044884,99.527931,7196,7184,12,14.822388,0.0,0.0,96.121216,0.0,0.0,0.0,2542,0,2542,0.0,54.576387,37.529247,95.925903,52.484403,48.081535,63.099921,2670,1732,938,5.090332,48.633603,32.129723,96.902466,47.171438,68.156028,37.804878,2030,449,1581,2.151489,8.248969,4.301916,96.266174,7.914153,88.0,4.327301,2447,15,2432,0.190735
17861.png,1357,2.070618,15,AEGIS-CD,AEGIS-CD,72.656554,57.055589,72.111203,703,1,0.0,16.383146,46.350511,True,106.276376,primary_best_F1;clear_margin_ge_2pct;has_change_gt;low_false_alarm_tendency,72.656554,57.055589,98.927307,72.111203,76.93575,68.828298,703,280,423,1.852417,49.444343,32.841239,95.765686,47.817592,32.841239,100.0,2775,2775,0,6.304932,33.831962,20.36009,91.900635,31.474191,20.36009,100.0,5308,5308,0,10.169983,12.391562,6.605013,70.721436,8.850729,6.605013,100.0,19188,19188,0,31.349182,44.060616,28.254963,94.761658,42.196132,28.284519,99.63154,3433,3428,5,7.293701,17.736244,9.731086,80.792236,14.509858,9.731086,100.0,12588,12588,0,21.278381,25.414365,14.556962,87.846375,22.616967,14.556962,100.0,7965,7965,0,14.224243,56.273408,39.153094,97.149658,55.001863,41.234991,88.577745,1868,1713,155,4.447937,15.356759,8.316989,77.174377,11.991988,8.316989,100.0,14959,14959,0,24.89624,14.930135,8.067297,76.403809,11.54028,8.067297,100.0,15464,15464,0,25.666809,22.633642,12.760955,85.844421,19.683972,12.760955,100.0,9277,9277,0,16.226196,28.680123,16.740686,89.701843,26.057087,16.740686,100.0,6749,6749,0,12.368774,15.66432,8.497714,77.703857,12.31758,8.497714,100.0,14612,14612,0,24.36676,17.140331,9.373489,79.980469,13.87953,9.373489,100.0,13120,13120,0,22.090149,14.726789,7.948688,76.020813,11.324948,7.948688,100.0,15715,15715,0,26.049805
17040.png,44759,68.296814,15,AEGIS-CD,AEGIS-CD,95.35397,91.120484,86.354345,4021,1,0.0,5.273842,33.150275,True,105.901654,primary_best_F1;clear_margin_ge_2pct;has_change_gt;low_false_alarm_tendency,95.35397,91.120484,93.864441,86.354345,98.743658,92.18928,4021,525,3496,63.763428,39.648966,24.726355,48.582458,17.218368,99.9368,24.730222,33697,7,33690,16.900635,26.859728,15.513276,42.269897,10.364642,99.684316,15.520901,37834,22,37812,10.63385,90.080127,81.95072,87.626648,74.029992,99.545774,82.258317,8109,168,7941,56.436157,38.922735,24.164015,47.988892,16.283052,98.298489,24.265511,34086,188,33898,16.859436,81.923818,69.382171,78.826904,58.011583,98.247149,70.251793,13876,561,13315,48.835754,53.072187,36.121266,56.274414,26.129878,99.380558,36.202775,28656,101,28555,24.879456,78.915484,65.173886,76.101685,53.874875,99.278529,65.484037,15662,213,15449,45.048523,42.281382,26.808111,47.729492,13.09912,85.991365,28.032351,34256,2044,32212,22.264099,58.90694,41.750416,59.936523,30.460226,98.348576,42.045175,26256,316,25940,29.197693,73.489226,58.089303,71.369934,46.754716,99.961562,58.102281,18763,10,18753,39.697266,66.787456,50.136011,65.596008,37.879567,98.019716,50.649031,22547,458,22089,35.290527,69.145413,52.841414,67.584229,40.89448,98.800481,53.1826,21244,289,20955,36.763,81.702856,69.065789,78.78418,58.284384,99.398034,69.355884,13904,188,13716,47.654724,69.115401,52.806366,67.604065,40.996128,99.049366,53.075359,21231,228,21003,36.59668
16220.png,2427,3.703308,15,AEGIS-CD,AEGIS-CD,85.756993,75.065421,85.229987,667,1,0.0,9.506691,60.597053,True,105.705542,primary_best_F1;clear_margin_ge_2pct;has_change_gt;low_false_alarm_tendency,85.756993,75.065421,98.982239,85.229987,89.007092,82.735888,667,248,419,3.442383,0.0,0.0,96.296692,0.0,0.0,0.0,2427,0,2427,0.0,49.757816,33.118406,94.776917,47.242246,38.645691,69.839308,3423,2691,732,6.692505,0.0,0.0,96.296692,0.0,0.0,0.0,2427,0,2427,0.0,0.0,0.0,96.296692,0.0,0.0,0.0,2427,0,2427,0.0,46.769101,30.521978,96.141052,44.768035,47.805508,45.776679,2529,1213,1316,3.546143,59.034792,41.878981,97.772217,58.043406,92.524186,43.345694,1460,85,1375,1.734924,8.362129,4.363505,95.953369,7.25363,25.910064,4.985579,2652,346,2306,0.712585,0.0,0.0,96.296692,0.0,0.0,0.0,2427,0,2427,0.0,2.356638,1.192369,96.206665,2.017437,25.210084,1.236094,2486,89,2397,0.18158,74.636511,59.536082,98.083496,73.641039,73.188119,76.143387,1256,677,579,3.852844,0.0,0.0,96.296692,0.0,0.0,0.0,2427,0,2427,0.0,76.250302,61.616556,98.500061,75.499718,92.172897,65.018541,983,134,849,2.612305,2.624515,1.329707,95.018005,0.591117,4.75162,1.812938,3265,882,2383,1.412964,32.447359,19.365472,97.013855,31.625757,100.0,19.365472,1957,0,1957,0.717163
17301.png,1533,2.339172,15,AEGIS-CD,AEGIS-CD,88.863109,79.958246,88.566017,384,1,0.0,7.888819,38.027413,True,105.507707,primary_best_F1;clear_margin_ge_2pct;has_change_gt,88.863109,79.958246,99.414062,88.566017,80.0,99.934768,384,383,1,2.922058,46.899158,30.632855,95.283508,45.003842,31.833022,89.041096,3091,2923,168,6.542969,24.431543,13.915679,90.466309,21.437596,14.996288,65.883888,6248,5725,523,10.276794,80.97429,68.030923,98.927307,80.438828,69.19519,97.586432,703,666,37,3.29895,66.823308,50.176429,97.845459,65.799616,52.221814,92.759295,1412,1301,111,4.154968,35.451148,21.544452,92.62085,32.956409,22.285618,86.627528,4836,4631,205,9.092712,32.00179,19.048888,90.727234,29.260015,19.313884,93.281148,6077,5974,103,11.297607,61.431971,44.333437,97.279358,60.187022,45.954693,92.628832,1783,1670,113,4.714966,68.713382,52.338451,97.962952,67.746565,53.621068,95.629485,1335,1268,67,4.171753,63.315103,46.321945,97.338867,62.114222,46.72462,98.173516,1744,1716,28,4.914856,80.542741,67.423898,98.905945,79.996217,68.959108,96.803653,717,668,49,3.283691,0.0,0.0,92.958069,-3.225064,0.0,0.0,4615,3082,1533,4.702759,45.124751,29.136193,94.529724,43.086952,29.48,96.151337,3585,3526,59,7.629395,72.85,57.294534,98.342896,72.043347,59.059587,95.042401,1086,1010,76,3.764343,33.140558,19.861362,95.942688,31.16145,26.963993,42.987606,2659,1785,874,3.729248
17708.png,1011,1.542664,15,AEGIS-CD,AEGIS-CD,95.66474,91.689751,95.595018,90,1,0.0,4.160878,14.144467,True,104.813629,primary_best_F1;clear_margin_ge_2pct;has_change_gt,95.66474,91.689751,99.862671,95.595018,93.239437,98.219585,90,72,18,1.625061,86.686773,76.501901,99.528503,86.450828,76.793893,99.50544,309,304,5,1.998901,79.356358,65.777489,99.197388,78.964868,65.777489,100.0,526,526,0,2.345276,91.121495,83.690987,99.710083,90.974586,86.35961,96.439169,190,154,36,1.722717,84.92569,73.800738,99.458313,84.655504,74.404762,98.911968,355,344,11,2.050781,64.129401,47.19888,98.274231,63.361447,47.19888,100.0,1131,1131,0,3.268433,81.880827,69.320522,99.317932,81.54477,69.368132,99.901088,447,446,1,2.22168,90.263036,82.253995,99.67804,90.100095,84.602076,96.735905,211,178,33,1.763916,91.503862,84.338358,99.714661,91.359732,84.621849,99.604352,187,183,4,1.815796,85.569192,74.778107,99.479675,85.309869,74.778107,100.0,341,341,0,2.062988,88.849714,79.936558,99.613953,88.655658,80.127186,99.703264,253,250,3,1.919556,27.941726,16.239687,97.05658,26.531035,22.44898,36.993076,1929,1292,637,2.542114,89.036251,80.239044,99.621582,88.845924,80.495604,99.604352,248,244,4,1.908875,90.194306,82.139918,99.668884,90.027181,83.028286,98.714144,217,204,13,1.834106,89.82519,81.529699,99.653625,89.650577,82.131148,99.109792,227,218,9,1.861572
16106.png,1079,1.646423,15,AEGIS-CD,AEGIS-CD,90.08547,81.959565,89.906361,232,1,0.0,6.925547,38.572837,True,104.768886,primary_best_F1;clear_margin_ge_2pct;has_change_gt,90.08547,81.959565,99.645996,89.906361,83.584457,97.68304,232,207,25,1.924133,75.873544,61.126005,99.11499,75.427579,68.830189,84.522706,580,413,167,2.02179,66.226623,49.506579,98.594666,65.540902,54.793689,83.688601,921,745,176,2.514648,13.520198,7.250221,98.399353,13.20447,61.19403,7.599629,1049,52,997,0.204468,76.47619,61.912105,99.246216,76.093459,78.648384,74.42076,494,218,276,1.557922,57.74744,40.59501,98.110962,56.849819,45.705024,78.405931,1238,1005,233,2.824402,73.045917,57.537272,98.826599,72.482496,58.737317,96.570899,769,732,37,2.706909,48.148148,31.707317,98.760986,47.611681,77.412731,34.939759,812,110,702,0.743103,1.124498,0.565428,98.121643,0.688474,4.216867,0.648749,1231,159,1072,0.253296,83.159923,71.174142,99.333191,82.829619,71.174142,100.0,437,437,0,2.313232,80.406933,67.233774,99.206543,80.01643,67.746032,98.887859,520,508,12,2.403259,0.0,0.0,98.312378,-0.080451,0.0,0.0,1106,27,1079,0.041199,81.889764,69.333333,99.298096,81.540127,71.18412,96.385542,460,421,39,2.229309,63.557692,46.5821,98.843384,62.970899,66.033966,61.260426,758,340,418,1.527405,0.0,0.0,98.353577,0.0,0.0,0.0,1079,0,1079,0.0
19866.png,18860,28.778076,15,AEGIS-CD,AEGIS-CD,92.027127,85.23171,88.612642,3139,1,0.0,6.263457,17.350764,True,104.55404,primary_best_F1;clear_margin_ge_2pct;has_change_gt,92.027127,85.23171,95.210266,88.612642,88.323339,96.055143,3139,2395,744,31.297302,64.639566,47.753664,68.556213,42.099053,47.783951,99.867444,20607,20582,25,60.145569,80.720897,67.673964,89.161682,73.188818,82.689206,78.844115,7103,3113,3990,27.43988,85.76367,75.075652,92.082214,80.289035,88.862357,82.873807,5189,1959,3230,26.838684,76.555679,62.016364,83.282471,64.301016,64.179104,94.846235,10956,9984,972,42.529297,77.56262,63.348807,84.458923,66.187084,66.347567,93.340403,10185,8929,1256,40.486145,58.301264,41.144519,60.484314,30.412172,41.863799,95.991516,25897,25141,756,65.986633,72.927984,57.391065,78.707886,57.369388,57.505201,99.655355,13954,13889,65,49.871826,75.034277,60.043887,81.106567,61.191694,60.538131,98.658537,12382,12129,253,46.899414,84.144713,72.629152,92.028809,78.968972,98.395798,73.49947,5224,226,4998,21.496582,82.073101,69.59659,89.006042,74.188299,77.319394,87.449629,7205,4838,2367,32.548523,60.275596,43.138918,83.636475,51.93883,100.0,43.138918,10724,0,10724,12.414551,81.693055,69.051784,91.090393,76.062369,99.946298,69.077413,5839,7,5832,19.889832,82.021629,69.522598,91.223145,76.459586,99.90102,69.57052,5752,13,5739,20.040894,63.75502,46.794399,68.051147,40.809722,47.329598,97.640509,20938,20493,445,59.368896
19282.png,24113,36.793518,15,AEGIS-CD,AEGIS-CD,98.411261,96.872215,97.475361,772,1,0.0,2.99572,7.199521,True,104.402702,primary_best_F1;clear_margin_ge_2pct;has_change_gt,98.411261,96.872215,98.822021,97.475361,97.675559,99.15813,772,569,203,37.35199,88.992262,80.16762,92.272949,83.060748,93.508748,84.891967,5064,1421,3643,33.403015,89.674076,81.281056,91.607666,82.711276,81.925148,99.042011,5500,5269,231,44.480896,93.357498,87.542487,95.19043,89.589637,94.905523,91.859163,3152,1189,1963,35.612488,95.415541,91.233001,96.763611,92.921506,99.638859,91.535686,2121,80,2041,33.80127,85.311218,74.384972,87.702942,74.999624,76.102367,97.05553,8059,7349,710,46.923828,93.227171,87.313572,94.795227,89.01322,89.432381,97.358271,3411,2774,637,40.054321,94.243018,89.11281,95.697021,90.808994,92.806884,95.724298,2820,1789,1031,37.950134,91.83128,84.896336,93.797302,86.839517,89.079922,94.758014,4065,2801,1264,39.138794,93.167249,87.208509,95.137024,89.399225,96.440302,90.10907,3187,802,2385,34.378052,91.953401,85.105318,93.644714,86.742279,86.074942,98.693651,4165,3850,315,42.1875,91.872497,84.966817,93.743896,86.80328,87.999848,96.101688,4100,3160,940,40.180969,93.844575,88.402995,95.698547,90.553072,99.100719,89.117903,2819,195,2624,33.087158,94.86522,90.232005,96.24176,91.901636,95.38023,94.355742,2463,1102,1361,36.398315,79.209358,65.575741,80.7724,62.666663,65.771591,99.547962,12601,12492,109,55.688477
17257.png,18463,28.172302,15,AEGIS-CD,AEGIS-CD,96.400408,93.050953,94.969734,1342,1,0.0,3.760462,21.720931,True,103.921332,primary_best_F1;clear_margin_ge_2pct;has_change_gt,96.400408,93.050953,97.952271,94.969734,95.488602,97.329795,1342,849,493,28.715515,88.490413,79.356777,93.917847,84.381882,94.767765,82.993013,3986,846,3140,24.671936,89.921764,81.688959,94.673157,86.32305,96.278437,84.352489,3491,602,2889,24.682617,44.756947,28.830242,79.919434,36.73835,99.477514,28.873964,13160,28,13132,8.177185,58.678097,41.52088,83.525085,50.494329,100.0,41.52088,10797,0,10797,11.697388,73.195667,57.723317,87.918091,66.015283,97.598628,58.554948,7918,266,7652,16.902161,80.271632,67.044789,90.557861,74.319235,97.566457,68.185019,6188,314,5874,19.688416,75.800282,61.030961,88.995361,69.196712,99.611959,61.176407,7212,44,7168,17.301941,56.910943,39.773092,82.827759,48.38756,97.086871,40.25348,11254,223,11031,11.680603,50.192113,33.50432,81.208801,41.901336,99.089748,33.607756,12315,57,12258,9.555054,92.639946,86.289026,95.704651,89.612463,89.547109,95.95407,2815,2068,747,30.187988,83.211312,71.249462,91.847229,78.008937,99.094447,71.716406,5343,121,5222,20.388794,73.947324,58.663828,88.15155,66.83664,97.160995,59.686941,7765,322,7443,17.306519,90.929705,83.367983,95.239258,87.725952,98.142454,84.704544,3120,296,2824,24.31488,86.566522,76.314792,93.327332,82.233721,100.0,76.314792,4373,0,4373,21.499634
19513.png,795,1.213074,15,AEGIS-CD,AEGIS-CD,88.396349,79.205607,88.259123,178,1,0.0,6.990454,33.703813,True,103.187911,primary_best_F1;clear_margin_ge_2pct;has_change_gt;low_false_alarm_tendency,88.396349,79.205607,99.728394,88.259123,91.745602,85.283019,178,61,117,1.127625,55.650685,38.552788,99.209595,55.304388,87.131367,40.880503,518,48,470,0.569153,68.597701,52.204339,98.957825,68.106753,54.057971,93.836478,683,634,49,2.105713,28.108108,16.352201,98.985291,27.862138,100.0,16.352201,665,0,665,0.198364,81.405896,68.642447,99.499512,81.154739,74.097007,90.314465,328,251,77,1.478577,75.015499,60.019841,99.385071,74.704268,73.96088,76.100629,403,213,190,1.248169,81.394042,68.625592,99.494934,81.140963,73.577236,91.069182,331,260,71,1.501465,0.0,0.0,98.786926,0.0,0.0,0.0,795,0,795,0.0,63.674446,46.707638,99.073792,63.206478,60.730594,66.918239,607,344,263,1.33667,78.841871,65.073529,99.420166,78.551846,70.729271,89.056604,380,293,87,1.527405,31.820024,18.920222,94.866943,30.403577,18.965934,98.742138,3364,3354,10,6.315613,8.037383,4.186952,96.99707,6.613382,6.394052,10.81761,1968,1259,709,2.052307,56.398104,39.273927,98.31543,55.660119,41.105354,89.811321,1104,1023,81,2.650452,81.165919,68.301887,99.615479,80.978634,100.0,68.301887,252,0,252,0.828552,55.585831,38.490566,99.253845,55.284314,100.0,38.490566,489,0,489,0.466919
16928.png,2340,3.570557,15,AEGIS-CD,AEGIS-CD,97.550676,95.218467,97.45887,116,1,0.0,2.201362,12.837865,True,102.881928,primary_best_F1;clear_margin_ge_2pct;has_change_gt,97.550676,95.218467,99.822998,97.45887,96.410684,98.717949,116,86,30,3.656006,95.166488,90.778689,99.656677,94.988511,95.680346,94.65812,225,100,125,3.53241,94.810422,90.132904,99.62616,94.616532,93.99412,95.641026,245,143,102,3.633118,93.531108,87.848297,99.520874,93.282664,90.294352,97.008547,314,244,70,3.83606,91.566739,84.44525,99.345398,91.228489,84.7834,99.529915,429,418,11,4.191589,71.410379,55.533548,97.259521,70.069148,56.900051,95.854701,1796,1699,97,6.015015,91.818717,84.874864,99.363708,91.490003,84.874864,100.0,417,417,0,4.206848,94.67328,89.88534,99.623108,94.47794,95.559425,93.803419,247,102,145,3.504944,94.034091,88.739946,99.551392,93.801637,89.528594,99.017094,294,271,23,3.948975,95.349314,91.111981,99.653625,95.169744,91.578119,99.444444,227,214,13,3.877258,94.163265,88.970305,99.563599,93.937065,90.117188,98.589744,286,253,33,3.90625,57.409714,40.262009,94.781494,55.13972,40.509666,98.504274,3420,3385,35,8.682251,91.120299,83.688969,99.311829,90.76464,84.483388,98.888889,451,425,26,4.179382,94.580456,89.718142,99.604797,94.375469,92.660927,96.581197,259,179,80,3.721619,26.345083,15.17094,96.97113,25.645657,100.0,15.17094,1985,0,1985,0.541687
17438.png,5969,9.107971,15,AEGIS-CD,AEGIS-CD,97.306571,94.754427,97.043786,314,1,0.0,2.314754,22.2557,True,102.73068,primary_best_F1;clear_margin_ge_2pct;has_change_gt;low_false_alarm_tendency,97.306571,94.754427,99.520874,97.043786,99.701178,95.024292,314,17,297,8.680725,94.657997,89.85779,99.009705,94.112447,93.042071,96.331044,649,430,219,9.429932,66.89812,50.260838,91.56189,62.508867,52.044333,93.617021,5530,5149,381,16.383362,76.950747,62.536541,94.915771,74.190576,65.535525,93.181437,3332,2925,407,12.950134,68.723504,52.350197,91.894531,64.5335,52.982297,97.771821,5312,5179,133,16.807556,60.434303,43.301688,90.158081,55.269672,47.672506,82.526386,6450,5407,1043,15.766907,87.260706,77.400436,97.471619,85.867758,80.633703,95.074552,1657,1363,294,10.739136,80.931671,67.970779,96.989441,79.339245,95.637277,70.145753,1973,191,1782,6.680298,59.752798,42.605341,88.423157,54.030502,43.719919,94.354163,7587,7250,337,19.656372,91.967185,85.128935,98.565674,91.180069,93.860108,90.149104,940,352,588,8.747864,52.079234,35.20752,83.277893,44.624962,35.236686,99.765455,10959,10945,14,25.787354,75.306148,60.392832,94.030762,72.143776,60.4173,99.932987,3912,3908,4,15.065002,55.818955,38.71449,85.58197,49.140042,38.71449,100.0,9449,9449,0,23.526001,94.991817,90.461347,99.066162,94.477193,92.849144,97.235718,612,447,165,9.538269,84.939009,73.820857,97.23053,83.414216,84.149951,85.743006,1815,964,851,9.280396
18704.png,15332,23.394775,15,AEGIS-CD,AEGIS-CD,86.028504,75.482473,80.948815,4980,1,0.0,8.225277,25.882732,True,102.55932,primary_best_F1;clear_margin_ge_2pct;has_change_gt,86.028504,75.482473,92.401123,80.948815,75.482473,100.0,4980,4980,0,30.993652,48.788404,32.264989,50.886536,20.754999,32.264989,100.0,32187,32187,0,72.50824,62.381735,45.329546,72.395325,44.78258,45.788943,97.834594,18091,17759,332,49.986267,72.744526,57.164162,82.469177,61.190498,57.164162,100.0,11489,11489,0,40.925598,55.173036,38.095831,62.091064,32.238836,38.136692,99.719541,24844,24801,43,61.172485,59.605313,42.455533,72.108459,41.511007,45.075036,87.959823,18279,16433,1846,45.652771,57.302465,40.156591,65.245056,35.945691,40.207298,99.686929,22777,22729,48,58.003235,67.625932,51.086994,78.474426,53.534603,52.168679,96.099661,14107,13509,598,43.095398,64.126161,47.19537,73.828125,47.410304,47.198276,99.986955,17152,17150,2,49.560547,50.291112,33.592603,53.752136,23.496473,33.592603,100.0,30309,30309,0,69.642639,75.82029,61.056907,85.07843,65.91932,61.056907,100.0,9779,9779,0,38.316345,30.188994,17.777996,74.467468,16.031818,41.889545,23.597704,16733,5019,11714,13.179016,66.01507,49.270519,75.912476,50.498632,49.270519,100.0,15786,15786,0,47.4823,77.803227,63.670443,86.691284,68.941277,63.792672,99.699974,8722,8676,46,36.56311,54.17454,37.150262,67.437744,33.214024,40.382892,82.272372,21340,18622,2718,47.662354
19244.png,37378,57.034302,15,AEGIS-CD,AEGIS-CD,98.368416,96.789219,96.172389,1227,1,0.0,2.050645,14.353057,True,102.469707,primary_best_F1;clear_margin_ge_2pct;has_change_gt,98.368416,96.789219,98.127747,96.172389,97.787178,98.956605,1227,837,390,57.71637,72.817596,57.254457,57.418823,1.019573,57.254457,100.0,27906,27906,0,99.615479,89.363571,80.772284,86.695862,71.968331,82.132526,97.990797,8719,7968,751,68.04657,96.317771,92.897087,95.910645,91.727668,99.002938,93.774413,2680,353,2327,54.022217,82.688287,70.485961,76.118469,47.686242,70.485961,100.0,15651,15651,0,80.915833,77.001586,62.603723,66.372681,24.41211,63.123225,98.702445,22038,21553,485,89.181519,92.757265,86.49282,91.116333,81.415782,86.687904,99.740489,5822,5725,97,65.621948,79.16049,65.508781,69.970703,32.948871,65.508781,100.0,19680,19680,0,87.063599,85.009821,73.927897,81.251526,60.498249,78.135863,93.20991,12287,9749,2538,68.037415,89.179168,80.471484,88.421631,76.845449,95.486472,83.653486,7588,1478,6110,49.966431,94.972391,90.426119,94.442749,88.774942,98.109064,92.030071,3642,663,2979,53.500366,75.206602,60.264888,68.641663,33.653455,68.486739,83.388624,20551,14342,6209,69.444275,87.962842,78.512203,84.577942,67.210466,79.268895,98.798759,10107,9658,449,71.086121,80.95295,68.000803,73.246765,40.939031,68.148812,99.681631,17533,17414,119,83.424377,72.824689,57.263229,57.434082,1.05998,57.263229,100.0,27896,27896,0,99.60022
16638.png,7525,11.482239,15,AEGIS-CD,AEGIS-CD,91.480261,84.298268,90.44369,1215,1,0.0,5.146758,16.00554,True,102.449664,primary_best_F1;clear_margin_ge_2pct;has_change_gt;low_false_alarm_tendency,91.480261,84.298268,98.146057,90.44369,96.837886,86.684385,1215,213,1002,10.27832,62.513543,45.468873,93.664551,59.53426,97.493664,46.006645,4152,89,4063,5.418396,75.75106,60.967168,93.977356,72.335047,70.441042,81.92691,3947,2587,1360,13.354492,81.374487,68.597795,96.261597,79.344643,95.079055,71.122924,2450,277,2173,8.589172,73.177907,57.701229,94.43512,70.112919,81.933465,66.112957,3647,1097,2550,9.265137,66.075642,49.338031,92.759705,62.049216,71.510368,61.408638,4745,1841,2904,9.860229,85.280673,74.33854,96.315002,83.19099,78.766044,92.9701,2415,1886,529,13.552856,72.477193,56.834691,94.015503,69.131816,76.788104,68.624585,3922,1561,2361,10.261536,73.326451,57.886158,94.874573,70.610264,91.101026,61.355482,3359,451,2908,7.733154,68.321552,51.885144,94.119263,65.279963,89.549666,55.229236,3854,485,3369,7.081604,85.162434,74.159037,96.166992,82.992772,76.650718,95.800664,2512,2196,316,14.350891,70.009643,53.857567,94.30542,67.015419,88.554584,57.887043,3732,563,3169,7.505798,86.333503,75.953342,96.728516,84.47885,82.959696,89.993355,2144,1391,753,12.45575,84.913264,73.781973,96.058655,82.684567,75.750313,96.598007,2583,2327,256,14.642334,71.928747,56.16307,94.421387,68.914693,85.179123,62.245847,3656,815,2841,8.390808
19126.png,61485,93.818665,15,AEGIS-CD,AEGIS-CD,99.38236,98.772303,89.702276,761,1,0.0,1.292187,2.539876,True,101.966734,primary_best_F1;has_change_gt,99.38236,98.772303,98.838806,89.702276,99.188349,99.577133,761,501,260,94.186401,98.090173,96.251928,96.366882,61.03414,96.769854,99.44702,2381,2041,340,96.414185,94.98113,90.441966,91.030884,53.82461,99.976633,90.461088,5878,13,5865,84.889221,97.856049,95.802099,95.898438,51.061732,96.013523,99.770676,2688,2547,141,97.489929,96.943555,94.068406,94.085693,8.420955,94.091445,99.973977,3876,3860,16,99.684143,97.06786,94.302771,94.480896,50.193002,96.764288,97.373343,3617,2002,1615,94.40918,96.810764,93.818665,93.818665,0.0,93.818665,100.0,4051,4051,0,100.0,94.351743,89.307429,89.830017,44.253405,98.49954,90.539156,6665,848,5817,86.236572,97.172637,94.500757,94.569397,29.574553,94.97919,99.469789,3559,3233,326,98.254395,97.808616,95.711216,95.797729,47.357101,95.748493,99.95934,2754,2729,25,97.944641,97.910535,95.906601,96.089172,67.434263,98.1562,97.666097,2563,1128,1435,93.35022,97.873281,95.835138,96.037292,68.906545,98.565019,97.191185,2597,870,1727,92.510986,96.972612,94.12314,94.142151,9.388972,94.12314,100.0,3839,3839,0,99.676514,97.180294,94.515241,94.555664,20.255474,94.515241,100.0,3568,3568,0,99.263,94.775531,90.069859,90.196228,15.385942,94.768595,94.782467,6425,3217,3208,93.832397
16644.png,6649,10.145569,15,AEGIS-CD,AEGIS-CD,92.770167,86.515259,91.964748,950,1,0.0,4.223686,20.670765,True,101.96026,primary_best_F1;clear_margin_ge_2pct;has_change_gt;low_false_alarm_tendency,92.770167,86.515259,98.550415,91.964748,93.899245,91.66792,950,396,554,9.90448,58.474664,41.317453,93.910217,55.704657,94.868332,42.261994,3991,152,3839,4.519653,69.549437,53.314785,92.575073,65.456616,59.554174,83.576478,4866,3774,1092,14.237976,61.826774,44.745843,92.851257,57.913465,67.460882,57.061212,4685,1830,2855,8.581543,73.608382,58.238342,95.080566,70.919305,80.761631,67.619191,3224,1071,2153,8.494568,65.710814,48.93232,93.540955,62.168934,71.207865,61.001654,4233,1640,2593,8.691406,82.481348,70.185751,96.130371,80.322495,76.274435,89.787938,2536,1857,679,11.943054,61.264986,44.159714,94.281006,58.639506,97.918731,44.578132,3748,63,3685,4.618835,82.042254,69.552239,96.731567,80.270486,92.688009,73.590014,2142,386,1756,8.055115,79.191195,65.550847,96.278381,77.188197,91.502366,69.79997,2439,431,2008,7.739258,86.277623,75.866884,96.835327,84.518177,77.023036,98.059859,2074,1945,129,12.916565,51.786003,34.940022,90.896606,46.790732,55.965066,48.187697,5966,2521,3445,8.735657,76.850503,62.404236,94.908142,74.009264,71.323719,83.30576,3337,2227,1110,11.849976,88.546482,79.447005,97.618103,87.218201,86.446991,90.750489,1561,946,615,10.650635,71.781166,55.983325,94.522095,68.754676,75.185246,68.671981,3590,1507,2083,9.266663
18906.png,48586,74.136353,15,AEGIS-CD,AEGIS-CD,98.512916,97.069412,94.204773,1449,1,0.0,1.710493,8.817455,True,101.933902,primary_best_F1;has_change_gt,98.512916,97.069412,97.789001,94.204773,98.243711,98.7836,1449,858,591,74.543762,85.426685,74.560717,74.705505,3.228578,74.560717,100.0,16577,16577,0,99.430847,95.859611,92.048448,93.919373,84.420659,96.789828,94.947104,3985,1530,2455,72.724915,89.994285,81.808736,85.040283,60.372266,89.254626,90.746306,9804,5308,4496,75.375366,86.447528,76.130028,76.873779,16.058563,76.428549,99.489565,15156,14908,248,96.505737,86.805768,76.687447,77.575684,19.573887,76.984203,99.499856,14696,14453,243,95.819092,85.644258,74.892836,75.154114,5.804894,74.910162,99.969127,16283,16268,15,98.936462,89.264218,80.610094,82.173157,40.111659,80.631506,99.967069,11683,11667,16,91.914368,94.362425,89.326572,91.970825,80.498832,98.404541,90.639279,5262,714,4548,68.286133,96.802423,93.802999,95.327759,88.138143,98.251155,95.395793,3062,825,2237,71.981812,89.542472,81.065069,82.833862,44.054806,81.644969,99.131437,11250,10828,422,90.014648,86.241838,75.811561,76.464844,13.939196,76.102768,99.497798,15424,15180,244,96.92688,92.247701,85.610888,87.562561,61.704358,85.747122,99.814761,8151,8061,90,86.299133,92.015325,85.211466,87.216187,60.830623,85.683351,99.35784,8378,8066,312,85.968018,85.081908,74.037,74.710083,9.966978,75.603865,97.276993,16574,15251,1323,95.388794
19865.png,15595,23.796082,15,AEGIS-CD,AEGIS-CD,93.000154,86.916157,90.704629,2269,1,0.0,4.419059,22.231125,True,101.898468,primary_best_F1;clear_margin_ge_2pct;has_change_gt,93.000154,86.916157,96.537781,90.704629,89.613555,96.652773,2269,1747,522,25.665283,45.454679,29.411876,43.190002,13.805188,29.457673,99.47419,37231,37149,82,80.355835,85.31161,74.385568,93.782043,81.444805,97.415212,75.883296,4075,314,3761,18.536377,86.654905,76.452276,94.229126,83.020851,96.343664,78.736775,3782,466,3316,19.447327,46.483651,30.279284,45.832825,15.850608,30.38551,98.858609,35499,35321,178,77.420044,61.169549,44.060613,72.0047,42.993726,45.652998,92.664315,18347,17203,1144,48.300171,54.378073,37.341954,60.073853,30.186745,37.342848,99.993588,26166,26165,1,63.719177,86.762444,76.619848,93.040466,82.099066,79.252386,95.844822,4561,3913,648,28.778076,66.257801,49.541432,76.074219,50.654457,49.862348,98.717538,15680,15480,200,47.111511,84.975825,73.876491,93.551636,80.93242,95.356259,76.633536,4226,582,3644,19.12384,88.581095,79.502752,95.056152,85.465767,98.341028,80.58352,3240,212,3028,19.499207,65.388467,48.575679,85.758972,56.698993,77.537379,56.530939,9333,2554,6779,17.349243,88.05174,78.653961,94.53125,84.513176,91.701965,84.680987,3584,1195,2389,21.974182,87.890317,78.396722,94.851685,84.680258,99.812505,78.512344,3374,23,3351,18.717957,43.406257,27.719024,37.948608,9.791828,27.719024,100.0,40666,40666,0,85.847473
17339.png,65446,99.862671,15,AEGIS-CD,AEGIS-CD,99.296343,98.60252,11.542837,915,1,0.0,1.26128,31.320852,True,101.818903,primary_best_F1;has_change_gt;low_false_alarm_tendency,99.296343,98.60252,98.603821,11.542837,99.955101,98.646212,915,29,886,98.554993,38.47872,23.822694,23.927307,0.085819,100.0,23.822694,49855,0,49855,23.789978,48.447047,31.967075,32.022095,-0.036836,99.823557,31.985148,44550,37,44513,31.997681,95.671165,91.701555,91.712952,2.945692,100.0,91.701555,5431,0,5431,91.575623,33.736317,20.290851,20.379639,0.004847,99.87218,20.296122,52180,17,52163,20.294189,78.47288,64.572319,64.620972,0.498113,100.0,64.572319,23186,0,23186,64.483643,98.035064,96.145859,96.148682,3.407937,99.93334,96.20756,2524,42,2482,96.139526,97.900189,95.886748,95.892334,5.95188,99.998407,95.888213,2692,1,2691,95.758057,58.508902,41.351649,41.43219,0.193281,100.0,41.351649,38383,0,38383,41.294861,6.475841,3.34627,3.479004,0.009508,100.0,3.34627,63256,0,63256,3.341675,96.975994,94.129511,94.137573,4.2182,100.0,94.129511,3842,0,3842,94.000244,57.72918,40.576964,40.658569,0.187199,100.0,40.576964,38890,0,38890,40.52124,97.493677,95.109916,95.115662,4.334459,99.979124,95.128808,3201,13,3188,95.018005,52.734081,35.808747,35.85968,-0.027344,99.838208,35.829539,42035,38,41997,35.838318,90.997818,83.482566,83.505249,1.369173,100.0,83.482566,10810,0,10810,83.36792
18820.png,3206,4.891968,15,AEGIS-CD,AEGIS-CD,68.452182,52.035969,66.336961,2827,1,0.0,16.098684,22.800438,True,101.644147,primary_best_F1;clear_margin_ge_2pct;has_change_gt,68.452182,52.035969,95.68634,66.336961,53.292789,95.664379,2827,2688,139,8.781433,42.573363,27.043304,88.354492,37.968306,28.054344,88.240799,7632,7255,377,15.386963,49.920283,33.262512,91.372681,46.147594,34.858981,87.897692,5654,5266,388,12.335205,51.348362,34.542749,91.273499,47.621352,35.302375,94.135995,5719,5531,188,13.044739,49.924255,33.266039,90.921021,46.071591,34.186261,92.514036,5950,5710,240,13.238525,39.382955,24.519786,89.027405,34.72225,26.983944,72.863381,7191,6321,870,13.209534,50.861922,34.103914,91.213989,47.102446,35.009398,92.950717,5758,5532,226,12.988281,51.951874,35.091207,91.529846,48.297067,35.953037,93.605739,5551,5346,205,12.736511,43.579518,27.860494,89.205933,39.148194,29.275611,85.215221,7074,6600,474,14.239502,48.092045,31.658675,90.431213,44.072225,32.732394,90.611354,6271,5970,301,13.542175,49.291693,32.706687,90.386963,45.322547,33.217618,95.508422,6300,6156,144,14.065552,22.248319,12.516517,88.887024,16.900684,16.912839,32.50156,7283,5119,2164,9.40094,52.353498,35.458678,91.551208,48.720475,36.149733,94.884591,5537,5373,164,12.840271,43.205967,27.555875,87.684631,38.550105,27.896411,95.757954,8071,7935,136,16.792297,44.390352,28.526735,88.496399,39.900822,29.069655,93.855271,7539,7342,197,15.794373
17331.png,65536,100.0,15,AEGIS-CD,AEGIS-CD,99.519338,99.043274,0.0,627,1,0.0,1.002815,34.895733,True,101.524968,primary_best_F1;has_change_gt;low_false_alarm_tendency,99.519338,99.043274,99.043274,0.0,100.0,99.043274,627,0,627,99.043274,40.562469,25.440979,25.440979,0.0,100.0,25.440979,48863,0,48863,25.440979,19.566923,10.844421,10.844421,0.0,100.0,10.844421,58429,0,58429,10.844421,98.516523,97.076416,97.076416,0.0,100.0,97.076416,1916,0,1916,97.076416,90.68497,82.957458,82.957458,0.0,100.0,82.957458,11169,0,11169,82.957458,71.173447,55.247498,55.247498,0.0,100.0,55.247498,29329,0,29329,55.247498,98.037324,96.150208,96.150208,0.0,100.0,96.150208,2523,0,2523,96.150208,92.394588,85.864258,85.864258,0.0,100.0,85.864258,9264,0,9264,85.864258,51.902739,35.046387,35.046387,0.0,100.0,35.046387,42568,0,42568,35.046387,42.610982,27.073669,27.073669,0.0,100.0,27.073669,47793,0,47793,27.073669,58.869639,41.712952,41.712952,0.0,100.0,41.712952,38199,0,38199,41.712952,14.55312,7.847595,7.847595,0.0,100.0,7.847595,60393,0,60393,7.847595,72.07121,56.336975,56.336975,0.0,100.0,56.336975,28615,0,28615,56.336975,84.757684,73.547363,73.547363,0.0,100.0,73.547363,17336,0,17336,73.547363,69.028848,52.705383,52.705383,0.0,100.0,52.705383,30995,0,30995,52.705383
19664.png,61857,94.386292,15,AEGIS-CD,AEGIS-CD,99.322675,98.654464,87.921315,838,1,0.0,1.09592,2.291815,True,101.514514,primary_best_F1;has_change_gt,99.322675,98.654464,98.721313,87.921315,99.316253,99.329098,838,423,415,94.398499,97.272434,94.68971,94.706726,10.255604,94.68971,100.0,3469,3469,0,99.679565,97.112086,94.386292,94.386292,0.0,94.386292,100.0,3679,3679,0,100.0,96.667167,93.549325,93.90564,61.54353,99.898243,93.638553,3994,59,3935,88.471985,97.11195,94.386035,94.386292,0.144568,94.390356,99.99515,3679,3676,3,99.990845,97.506234,95.13382,95.178223,26.168058,95.249695,99.872286,3160,3081,79,98.96698,97.181505,94.517534,94.525146,4.568962,94.517534,100.0,3588,3588,0,99.861145,92.675663,86.351024,86.865234,30.793793,97.826438,88.040157,8608,1210,7398,84.944153,98.226756,96.515303,96.601868,57.825623,96.781836,99.715473,2227,2051,176,97.247314,97.959447,96.000506,96.138,61.996902,97.706584,98.213622,2531,1426,1105,94.876099,97.34569,94.828643,95.109558,66.540784,99.797928,95.011074,3205,119,3086,89.859009,97.696974,95.497638,95.550537,33.253417,95.50796,99.988684,2916,2909,7,98.814392,97.112086,94.386292,94.386292,0.0,94.386292,100.0,3679,3679,0,100.0,97.905326,95.896604,95.983887,49.622269,96.418215,99.439029,2632,2285,347,97.343445,96.658717,93.533498,93.864441,59.536973,99.444311,94.024928,4021,325,3696,89.242554
17269.png,21678,33.078003,15,AEGIS-CD,AEGIS-CD,93.489633,87.775148,90.418107,2738,1,0.0,3.971361,24.930448,True,101.432355,primary_best_F1;clear_margin_ge_2pct;has_change_gt;low_false_alarm_tendency,93.489633,87.775148,95.822144,90.418107,96.471685,90.68641,2738,719,2019,31.09436,68.12737,51.661494,83.840942,58.61067,98.008313,52.209613,10590,230,10360,17.62085,70.950777,54.979624,84.997559,61.885766,98.676857,55.387951,9832,161,9671,18.566895,49.214006,32.638314,77.668762,39.259046,99.327637,32.710582,14635,48,14587,10.89325,60.84724,43.726937,81.384277,50.978595,99.978907,43.730971,12200,2,12198,14.468384,62.681969,45.647297,81.14624,51.634329,90.771519,47.868807,12356,1055,11301,17.443848,60.681234,43.555679,81.329346,50.807183,100.0,43.555679,12236,0,12236,14.407349,73.324189,57.883339,86.051941,64.759113,99.79347,57.952763,9141,26,9115,19.20929,70.818136,54.820494,84.983826,61.789215,99.136571,55.083495,9841,104,9737,18.379211,57.838879,40.685441,80.299377,47.740054,99.005031,40.852477,12911,89,12822,13.648987,60.015498,42.872959,81.103516,50.11171,100.0,42.872959,12384,0,12384,14.181519,89.323003,80.706023,93.586731,84.806962,99.40069,81.100655,4203,106,4097,26.98822,80.885008,67.904977,89.176941,73.631764,97.264891,69.226866,7093,422,6671,23.542786,89.518272,81.025408,93.618774,84.980809,98.013172,82.378448,4182,362,3820,27.801514,65.603,48.812846,82.926941,55.86265,98.331951,49.220408,11189,181,11008,16.557312
19370.png,47637,72.688293,15,AEGIS-CD,AEGIS-CD,96.993566,94.16263,88.447544,2916,1,0.0,2.138558,31.043135,True,101.270682,primary_best_F1;clear_margin_ge_2pct;has_change_gt,96.993566,94.16263,95.550537,88.447544,95.30544,98.742574,2916,2317,599,75.309753,80.190077,66.931082,74.301147,45.094957,91.190712,71.557823,16842,3293,13549,57.038879,54.448098,37.408029,53.918457,22.898752,96.720433,37.888616,30200,612,29588,28.474426,84.637569,73.366666,80.574036,59.774417,99.534541,73.619246,12731,164,12567,53.762817,36.215752,22.111865,42.204285,10.47122,91.546058,22.57279,37877,993,36884,17.922974,65.732211,48.956054,60.494995,25.965379,88.952176,52.125449,25890,3084,22806,42.59491,82.107627,69.646259,77.388,53.209257,96.635025,71.377291,14819,1184,13635,53.689575,64.791634,47.919841,59.313965,23.573556,87.325147,51.501984,26664,3561,23103,42.869568,65.775601,49.004206,60.968018,27.612671,90.688065,51.600647,25580,2524,23056,41.358948,72.749534,57.170348,68.756104,41.758526,99.37825,57.375569,20476,171,20305,41.966248,84.273004,72.820524,80.148315,58.979329,99.344487,73.172114,13010,230,12780,53.538513,46.883072,30.61913,46.342468,10.321696,83.58828,32.577618,35165,3047,32118,28.329468,94.855008,90.21353,92.26532,79.349541,91.826829,98.08972,5069,4159,910,77.645874,19.713886,10.934778,35.26001,6.284789,100.0,10.934778,42428,0,42428,7.948303,70.932963,54.958233,64.868164,30.880135,88.977924,58.973067,23024,3480,19544,48.176575
19355.png,11367,17.344666,15,AEGIS-CD,AEGIS-CD,98.694055,97.421779,98.422136,295,1,0.0,1.076401,12.944684,True,101.229623,primary_best_F1;has_change_gt;low_false_alarm_tendency,98.694055,97.421779,99.549866,98.422136,99.33167,98.064573,295,75,220,17.123413,92.802631,86.571743,97.395325,91.215913,89.109312,96.815343,1707,1345,362,18.844604,96.373598,93.001007,98.727417,95.602028,95.279856,97.492742,834,549,285,17.747498,95.557495,91.492918,98.524475,94.674908,100.0,91.492918,967,0,967,15.869141,40.575035,25.450867,87.069702,36.076341,100.0,25.450867,8474,0,8474,4.414368,81.629655,68.961238,93.511963,77.691435,80.202055,83.109,4252,2332,1920,17.973328,97.354163,94.844726,99.105835,96.816626,100.0,94.844726,586,0,586,16.4505,90.064995,81.925676,96.734619,88.118408,95.350437,85.334741,2140,473,1667,15.522766,94.759744,90.041348,98.272705,93.729069,100.0,90.041348,1132,0,1132,15.617371,97.236226,94.621113,99.06311,96.672547,99.557563,95.020674,614,48,566,16.55426,97.617654,95.346178,99.19281,97.132072,100.0,95.346178,529,0,529,16.537476,25.806452,14.814815,85.224915,22.329905,100.0,14.814815,9683,0,9683,2.56958,96.404648,93.058855,98.796082,95.682759,100.0,93.058855,789,0,789,16.140747,97.145184,94.448843,99.03717,96.566688,100.0,94.448843,631,0,631,16.381836,97.163706,94.483866,99.003601,96.559466,95.959163,98.398874,653,471,182,17.785645
19874.png,11380,17.364502,15,AEGIS-CD,AEGIS-CD,95.494218,91.376971,94.556979,1017,1,0.0,2.593172,24.264186,True,101.062337,primary_best_F1;clear_margin_ge_2pct;has_change_gt;low_false_alarm_tendency,95.494218,91.376971,98.448181,94.556979,96.300599,94.70123,1017,414,603,17.076111,46.339199,30.156812,60.310364,26.916857,30.27795,98.690685,26011,25862,149,56.599426,83.073698,71.047914,94.578552,79.873332,90.718968,76.616872,3553,892,2661,14.665222,92.901046,86.743188,97.691345,91.530153,99.667774,86.994728,1513,33,1480,15.156555,45.830979,29.727749,59.039307,26.045218,29.746438,99.789104,26844,26820,24,58.251953,70.961532,54.992541,86.650085,62.955685,57.016374,93.936731,8749,8059,690,28.608704,51.948052,35.087719,67.875671,35.319737,35.087719,100.0,21053,21053,0,49.488831,85.857241,75.219174,94.651794,82.586682,79.377751,93.488576,3505,2764,741,20.451355,55.768333,38.665803,72.544861,41.013808,38.714632,99.674868,17993,17956,37,44.706726,82.469771,70.168987,94.801331,79.522261,99.490999,70.421793,3407,41,3366,12.290955,82.859054,70.734493,94.917297,79.977487,99.975165,70.746924,3331,2,3329,12.287903,77.504088,63.270754,93.492126,73.877448,96.93891,64.560633,4265,232,4033,11.564636,89.918621,81.683771,96.786499,88.025431,98.759201,82.530756,2106,118,1988,14.511108,88.976035,80.141287,96.525574,86.939228,99.072776,80.746924,2277,86,2191,14.152527,42.8128,27.236823,53.614807,21.344462,27.237475,99.991213,30399,30398,1,63.746643
19228.png,61448,93.762207,15,AEGIS-CD,AEGIS-CD,99.202772,98.418156,87.17234,980,1,0.0,0.909105,2.562606,True,101.020981,primary_best_F1;has_change_gt,99.202772,98.418156,98.504639,87.17234,99.178568,99.226989,980,505,475,93.807983,96.778004,93.757153,93.757629,0.204377,93.7686,99.986981,4091,4083,8,99.980164,96.476395,93.192653,93.202209,2.521947,93.850889,99.253027,4455,3996,459,99.159241,98.293668,96.64459,96.853638,78.207565,99.991582,96.652454,2062,5,2057,90.631104,97.02164,94.215561,94.252014,16.843236,94.348849,99.85028,3767,3675,92,99.229431,95.68907,91.734461,91.767883,5.281475,93.998336,97.441739,5395,3823,1572,97.19696,98.25907,96.577719,96.688843,64.625261,96.898636,99.658248,2170,1960,210,96.432495,95.971104,92.254275,92.715454,58.554792,99.673947,92.533524,4774,186,4588,87.045288,96.666245,93.547597,93.566895,7.20048,94.013781,99.472725,4216,3892,324,99.206543,96.978044,94.133375,94.308472,48.184496,96.560292,97.399427,3730,2132,1598,94.577026,98.191728,96.447692,96.669006,77.184135,99.991565,96.45554,2183,5,2178,90.446472,96.770129,93.742371,93.742371,-0.039563,93.760969,99.978844,4101,4088,13,99.980164,96.821108,93.838095,93.843079,2.403934,93.838095,100.0,4035,4035,0,99.919128,97.141399,94.441688,94.529724,34.397839,95.231618,99.129345,3585,3050,535,97.599792,91.90473,85.021973,85.021973,-7.851558,93.164794,90.678297,9816,4088,5728,91.259766
19297.png,11359,17.332458,15,AEGIS-CD,AEGIS-CD,93.171612,87.216155,91.828535,1475,1,0.0,3.732714,20.895646,True,101.020417,primary_best_F1;clear_margin_ge_2pct;has_change_gt;low_false_alarm_tendency,93.171612,87.216155,97.749329,91.828535,98.252294,88.590545,1475,179,1296,15.628052,56.905356,39.767635,88.925171,51.42331,87.39741,42.186812,7258,691,6567,8.366394,67.36226,50.786646,84.344482,58.081942,52.736963,93.212431,10260,9489,771,30.635071,81.731576,69.106845,94.352722,78.44976,93.022472,72.884937,3701,621,3080,13.580322,89.438899,80.895449,96.464539,87.319015,92.731569,86.37204,2317,769,1548,16.143799,81.202951,68.354351,92.303467,76.50632,70.403877,95.915133,5044,4580,464,23.612976,88.426883,79.25465,95.472717,85.658036,79.387869,99.788714,2967,2943,24,21.786499,50.912096,34.149045,88.215637,45.676779,91.563786,35.258385,7723,369,7354,6.674194,41.445243,26.139388,86.448669,35.863178,82.536765,27.669689,8881,665,8216,5.810547,86.922253,76.869459,94.784546,83.734317,76.869459,100.0,3418,3418,0,22.547913,81.634266,68.96782,92.201233,76.893888,68.96782,100.0,5111,5111,0,25.131226,53.42153,36.445687,87.858582,47.300378,79.716981,40.17079,7957,1161,6796,8.734131,79.902738,66.53169,94.198608,76.671525,99.986771,66.537547,3802,1,3801,11.534119,75.896664,61.156023,92.668152,71.672201,88.211287,66.599172,4805,1011,3794,13.085938,76.660821,62.154476,89.846802,70.511358,63.716401,96.205652,6654,6223,431,26.170349
16044.png,1264,1.928711,15,AEGIS-CD,AEGIS-CD,65.417867,48.608137,64.885693,720,1,0.0,17.313859,59.925792,True,100.892021,primary_best_F1;clear_margin_ge_2pct;has_change_gt;low_false_alarm_tendency,65.417867,48.608137,98.901367,64.885693,83.251834,53.876582,720,137,583,1.248169,0.0,0.0,97.319031,-1.094205,0.0,0.0,1757,493,1264,0.752258,0.0,0.0,96.934509,-1.451212,0.0,0.0,2009,745,1264,1.13678,0.0,0.0,98.071289,0.0,0.0,0.0,1264,0,1264,0.0,0.0,0.0,98.071289,0.0,0.0,0.0,1264,0,1264,0.0,0.252008,0.126163,80.673218,-3.337354,0.139934,1.265823,12666,11418,1248,17.446899,0.0,0.0,98.071289,0.0,0.0,0.0,1264,0,1264,0.0,0.0,0.0,98.022461,-0.095336,0.0,0.0,1296,32,1264,0.048828,0.0,0.0,98.071289,0.0,0.0,0.0,1264,0,1264,0.0,48.104009,31.669044,98.538208,47.465104,76.28866,35.126582,958,138,820,0.888062,0.0,0.0,93.003845,-2.87431,0.0,0.0,4585,3321,1264,5.067444,0.0,0.0,98.071289,0.0,0.0,0.0,1264,0,1264,0.0,28.533035,16.640543,95.13092,26.500463,19.900031,50.39557,3191,2564,627,4.884338,0.0,0.0,98.071289,0.0,0.0,0.0,1264,0,1264,0.0,0.0,0.0,98.071289,0.0,0.0,0.0,1264,0,1264,0.0
17136.png,7282,11.11145,15,AEGIS-CD,AEGIS-CD,94.947516,90.381029,94.329525,722,1,0.0,2.620011,6.650277,True,100.881966,primary_best_F1;clear_margin_ge_2pct;has_change_gt;low_false_alarm_tendency,94.947516,90.381029,98.898315,94.329525,96.803653,93.161219,722,224,498,10.693359,88.513865,79.394505,97.642517,87.210338,96.498622,81.749519,1545,216,1329,9.413147,87.416322,77.645644,97.447205,86.010228,96.640612,79.799506,1673,202,1471,9.17511,78.85939,65.097403,96.063232,76.778072,97.765136,66.080747,2580,110,2470,7.510376,91.301332,83.994895,98.086548,90.226504,92.248388,90.373524,1254,553,701,10.88562,85.600103,74.825332,96.591187,83.675093,80.660836,91.183741,2234,1592,642,12.561035,89.837452,81.549904,97.653198,88.513008,86.576668,93.353474,1538,1054,484,11.981201,90.559516,82.74773,97.999573,89.443745,95.200606,86.349904,1311,317,994,10.07843,91.021716,83.522802,98.075867,89.945834,94.514269,87.778083,1261,371,890,10.319519,90.226387,82.193146,97.819519,88.999282,89.876005,90.579511,1429,743,686,11.198425,90.76175,83.086053,98.086548,89.700827,97.902098,84.592145,1254,132,1122,9.60083,92.327504,85.748458,98.272705,91.354492,91.15364,93.531997,1132,661,471,11.401367,78.833908,65.062681,94.471741,75.735662,68.601932,92.653117,3623,3088,535,15.007019,89.782561,81.459488,97.85614,88.589667,95.424331,84.770667,1405,296,1109,9.870911,91.119529,83.687669,98.068237,90.036341,93.131632,89.19253,1266,479,787,10.641479
16107.png,27932,42.62085,15,AEGIS-CD,AEGIS-CD,98.493742,97.032186,97.350548,852,1,0.0,0.970053,2.629078,True,100.433847,primary_best_F1;has_change_gt,98.493742,97.032186,98.699951,97.350548,97.289746,99.727911,852,776,76,43.688965,95.782491,91.906332,96.255493,92.425219,92.106829,99.763712,2454,2388,66,46.16394,96.310727,92.883983,96.763611,93.432299,93.660137,99.11571,2121,1874,247,45.103455,96.987793,94.151748,97.383118,94.675955,95.197049,98.8472,1715,1393,322,44.255066,95.960642,92.234943,96.429443,92.768671,92.656177,99.509523,2340,2203,137,45.773315,94.11566,88.885344,94.683838,89.295746,89.084282,99.749391,3484,3414,70,47.723389,93.72472,88.190518,94.294739,88.531783,88.218382,99.964199,3739,3729,10,48.295593,94.36746,89.335597,94.920349,89.767096,89.464566,99.838894,3329,3284,45,47.563171,95.664854,91.68996,96.144104,92.203619,91.84097,99.820994,2527,2477,50,46.324158,97.207768,94.567232,97.584534,95.080281,95.806822,98.650294,1583,1206,377,43.885803,97.249983,94.647169,97.598267,95.120405,94.973382,99.638408,1574,1473,101,44.714355,93.975321,88.635328,94.673157,89.21246,90.717356,97.476013,3491,2786,705,45.796204,96.525844,93.284979,96.934509,93.788646,93.356749,99.917657,2009,1986,23,45.61615,96.708341,93.626477,97.111511,94.138786,94.019001,99.556065,1893,1769,124,45.13092,97.523689,95.167056,97.854614,95.632073,95.978645,99.11929,1406,1160,246,44.015503
19742.png,8640,13.183594,15,AEGIS-CD,AEGIS-CD,94.701682,89.936557,93.892614,920,1,0.0,2.546654,50.664774,True,100.385811,primary_best_F1;clear_margin_ge_2pct;has_change_gt,94.701682,89.936557,98.596191,93.892614,94.245759,95.162037,920,502,418,13.311768,20.960066,11.706922,88.342285,18.68424,98.732943,11.724537,7640,13,7627,1.565552,64.230563,47.308559,92.860413,60.713796,94.595812,48.622685,4679,240,4439,6.776428,57.575277,40.425058,91.830444,53.727495,91.281407,42.048611,5354,347,5007,6.072998,39.228064,24.399821,89.717102,35.470388,88.81176,25.173611,6739,274,6465,3.736877,37.472967,23.056452,85.441589,29.397866,43.193836,33.090278,9541,3760,5781,10.099792,56.25156,39.131944,91.975403,52.747311,100.0,39.131944,5259,0,5259,5.158997,56.743478,39.6097,90.461731,51.613163,70.555842,47.453704,6251,1711,4540,8.866882,1.127733,0.567064,86.889648,0.977506,98.0,0.56713,8592,1,8591,0.076294,67.247839,50.656681,93.063354,63.627226,89.064885,54.016204,4546,573,3973,7.995605,92.155027,85.451389,98.08197,91.070103,100.0,85.451389,1257,0,1257,11.265564,0.0,0.0,86.288452,-1.025664,0.0,0.0,8986,346,8640,0.527954,31.266478,18.530093,89.259338,28.311443,100.0,18.530093,7039,0,7039,2.442932,56.347651,39.225012,88.105774,49.470842,54.583921,58.229167,7795,4186,3609,14.064026,35.910006,21.884336,88.829041,31.510317,73.697449,23.738426,7321,732,6589,4.246521
19285.png,18393,28.065491,15,AEGIS-CD,AEGIS-CD,97.57098,95.257164,96.59641,912,1,0.0,1.365181,8.49102,True,100.301342,primary_best_F1;has_change_gt,97.57098,95.257164,98.608398,96.59641,95.635149,99.586799,912,836,76,29.225159,86.845652,76.749726,92.553711,81.653239,86.121358,87.582232,4880,2596,2284,28.541565,91.649115,84.58548,95.159912,88.246358,88.84692,94.633828,3172,2185,987,29.893494,90.095186,81.975651,94.442749,86.233127,90.134407,90.056,3642,1813,1829,28.041077,96.205798,92.688991,97.891235,94.745851,97.171538,95.259066,1382,510,872,27.513123,89.13519,80.399894,93.254089,84.308736,81.330164,98.597292,4421,4163,258,34.024048,95.720253,91.791797,97.514343,93.971587,92.613116,99.043114,1629,1453,176,30.014038,79.347375,65.765146,89.376831,72.276664,87.314748,72.712445,6962,1943,5019,23.371887,91.125799,83.698248,95.001221,87.646527,90.806025,91.447833,3276,1703,1573,28.263855,94.359791,89.321853,96.650696,91.98808,89.461119,99.826021,2195,2163,32,31.317139,90.586663,82.793072,95.16449,87.370817,99.84285,82.901104,3169,24,3145,23.303223,90.0,81.818182,94.488525,86.197758,91.690641,88.370576,3612,1473,2139,27.049255,90.786651,83.127797,94.822693,87.186466,90.685689,90.887838,3393,1717,1676,28.128052,77.777046,63.635384,89.700317,71.457503,98.589433,64.220084,6750,169,6581,18.281555,83.484921,71.651602,88.945007,75.498047,71.879416,99.559615,7245,7164,81,38.873291
19158.png,42283,64.518738,15,AEGIS-CD,AEGIS-CD,98.893667,97.811546,96.861144,939,1,0.0,0.676079,1.754165,True,100.245824,primary_best_F1;has_change_gt,98.893667,97.811546,98.5672,96.861144,98.534936,99.25502,939,624,315,64.990234,97.408262,94.947471,96.690369,92.832061,98.43984,96.39808,2169,646,1523,63.180542,95.740337,91.828743,94.300842,87.164942,92.453744,99.26921,3735,3426,309,69.274902,96.927762,94.038671,96.151733,91.791447,99.942221,94.089823,2522,23,2499,60.740662,96.707866,93.625587,95.626831,90.212434,94.018717,99.555377,2866,2678,188,68.318176,98.135597,96.339442,97.607422,94.79758,98.680026,97.597143,1568,552,1016,63.81073,97.37097,94.876634,96.603394,92.573783,97.251516,97.490717,2226,1165,1061,64.677429,96.049082,92.398493,94.949341,89.052024,96.96108,95.154081,3310,1261,2049,63.316345,97.421356,94.972357,96.75293,93.045304,99.893144,95.06894,2128,43,2085,61.402893,97.643933,95.396331,96.955872,93.344106,97.5184,97.769789,1995,1052,943,64.685059,97.770098,95.637475,97.125244,93.7258,97.860443,97.679919,1884,903,981,64.399719,98.217589,96.497604,97.691345,94.941906,97.849866,98.588085,1513,916,597,65.005493,98.139727,96.347403,97.596741,94.745856,98.025105,98.254618,1575,837,738,64.6698,97.693049,95.490138,97.003174,93.418264,97.045577,98.349218,1964,1266,698,65.385437,94.727401,89.98296,93.2724,85.438988,95.81015,93.66885,4409,1732,2677,63.076782
18702.png,9856,15.039062,15,AEGIS-CD,AEGIS-CD,88.015717,78.596491,85.588645,2684,1,0.0,5.846864,20.089254,True,100.207492,primary_best_F1;clear_margin_ge_2pct;has_change_gt,88.015717,78.596491,95.904541,85.588645,78.596491,100.0,2684,2684,0,19.134521,63.774305,46.815181,82.914734,54.4405,46.815181,100.0,11197,11197,0,32.124329,70.106173,53.971905,88.700867,63.494919,58.216561,88.09862,7405,6232,1173,22.758484,67.292527,50.707414,85.380554,59.137133,50.707414,100.0,9581,9581,0,29.658508,70.23576,54.125667,87.266541,63.023677,54.155437,99.898539,8345,8335,10,27.742004,62.443186,45.394469,83.609009,53.221528,47.636829,90.604708,10742,9816,926,28.604126,66.943112,50.311647,85.281372,58.720804,50.543366,99.096997,9646,9557,89,29.486084,82.168853,69.734409,93.757629,78.475984,72.025674,95.637175,4091,3661,430,19.969177,70.72781,54.712317,88.818359,64.19907,58.327843,89.823458,7328,6325,1003,23.15979,77.985874,63.915447,91.534424,73.049922,64.036231,99.705763,5548,5519,29,23.416138,55.733997,38.6328,76.11084,43.468856,38.6328,100.0,15656,15656,0,38.928223,71.501513,55.643856,90.802002,66.047805,66.944051,76.724838,6028,3734,2294,17.236328,68.508671,52.101285,86.174011,60.746209,52.101285,100.0,9061,9061,0,28.865051,74.634794,59.533898,89.7995,68.750599,59.609673,99.786932,6685,6664,21,25.175476,48.913906,32.374856,79.36554,37.024762,38.964791,65.685877,13523,10141,3382,25.352478
18595.png,3631,5.540466,15,AEGIS-CD,AEGIS-CD,97.687704,95.479926,97.550319,170,1,0.0,0.765054,10.631272,True,100.190788,primary_best_F1;has_change_gt,97.687704,95.479926,99.740601,97.550319,96.506316,98.898375,170,130,40,5.677795,90.40223,82.485465,98.89679,89.817793,87.262942,93.775819,723,497,226,5.953979,90.29205,82.302194,98.904419,89.711703,88.685259,91.958138,718,426,292,5.744934,91.889156,84.995318,99.021912,91.372375,84.995318,100.0,641,641,0,6.518555,92.243126,85.603008,99.182129,91.812614,97.194267,87.771964,536,92,444,5.003357,79.935795,66.57754,97.901917,78.833038,85.009311,75.433765,1375,483,892,4.916382,91.566265,84.444444,99.113464,91.099855,96.807858,86.863123,581,104,477,4.971313,81.30719,68.502203,98.254395,80.425022,99.959823,68.521069,1144,1,1143,3.797913,82.411257,70.084308,98.321533,81.553983,98.246283,70.972184,1100,46,1054,4.00238,95.475175,91.342105,99.497986,95.209427,95.357143,95.5935,329,169,160,5.554199,84.27907,72.829582,97.937012,83.203693,72.93218,99.807216,1352,1345,7,7.582092,83.4796,71.643763,98.362732,82.630913,94.657821,74.662627,1073,153,920,4.370117,96.92265,94.029048,99.661255,96.743421,97.571867,96.282016,222,87,135,5.467224,91.943867,85.088985,99.053955,91.443036,87.03567,97.438722,620,527,93,6.202698,66.642625,49.972958,97.177124,65.315536,96.501305,50.89507,1850,67,1783,2.922058
19962.png,53160,81.115723,15,AEGIS-CD,AEGIS-CD,99.519784,99.044159,97.404142,513,1,0.0,0.3268,1.763146,True,100.173385,primary_best_F1;has_change_gt,99.519784,99.044159,99.217224,97.404142,99.049695,99.994357,513,510,3,81.889343,98.609313,97.256775,97.738647,92.561986,98.382204,98.837472,1482,864,618,81.491089,98.839147,97.704936,98.10791,93.727189,98.380484,99.302107,1240,869,371,81.87561,97.506925,95.135135,95.852661,85.225266,95.148759,99.984951,2718,2710,8,85.238647,96.453231,93.149437,94.035339,77.859081,93.162498,99.984951,3909,3901,8,87.055969,94.890379,90.277539,91.372681,67.469576,91.313876,98.758465,5654,4994,660,87.728882,96.393407,93.037908,93.930054,77.400548,93.037908,100.0,3978,3978,0,87.185669,96.23664,92.746264,93.875122,79.794804,95.930841,96.544394,4014,2177,1837,81.634521,98.025042,96.126582,96.731567,88.574328,96.130059,99.996238,2142,2140,2,84.378052,99.037611,98.093568,98.423767,94.687545,98.108053,99.984951,1033,1025,8,82.667542,98.67377,97.382256,97.819519,92.552822,97.382256,100.0,1429,1429,0,83.296204,98.209879,96.482722,97.044373,89.753871,96.528295,99.951091,1937,1911,26,83.992004,99.192984,98.398889,98.680115,95.573061,98.398889,100.0,865,865,0,82.435608,99.049093,98.1161,98.443604,94.766293,98.183196,99.930399,1020,983,37,82.559204,97.475514,95.075349,95.88623,86.371991,97.044785,97.910083,2696,1585,1111,81.838989
18482.png,9157,13.972473,15,AEGIS-CD,AEGIS-CD,98.846466,97.719242,98.657328,213,1,0.0,0.386967,4.782723,True,100.171776,primary_best_F1;has_change_gt,98.846466,97.719242,99.674988,98.657328,98.044693,99.661461,213,182,31,14.202881,80.927972,67.965561,93.414307,77.121626,67.965561,100.0,4316,4316,0,20.558167,97.108204,94.378957,99.214172,96.653933,99.94221,94.43049,515,5,510,13.201904,98.375169,96.802295,99.54071,98.107765,97.267293,99.508573,301,256,45,14.294434,97.061631,94.291014,99.154663,96.568422,94.35908,99.923556,554,547,7,14.796448,92.86475,86.67992,97.853088,91.608744,86.688127,99.989079,1407,1406,1,16.116333,97.632662,95.374817,99.324036,97.238599,95.594391,99.759747,443,421,22,14.581299,95.365688,91.141889,98.643494,94.57306,91.232795,99.890794,889,879,10,15.298462,94.540472,89.646212,98.419189,93.617579,91.353498,97.957846,1036,849,187,14.982605,98.4595,96.965742,99.57428,98.212548,99.575609,97.368134,279,38,241,13.66272,97.628544,95.366958,99.328613,97.237571,96.381824,98.907939,440,340,100,14.338684,86.578736,76.333778,95.66803,84.051211,76.333778,100.0,2839,2839,0,18.304443,97.188712,94.531168,99.203491,96.724829,95.877165,98.536639,522,388,134,14.360046,98.210561,96.484038,99.502563,97.921701,98.730824,97.695752,326,115,211,13.825989,84.9498,73.837159,95.35675,82.233489,77.635147,93.786175,3043,2474,569,16.879272
16522.png,44637,68.110657,15,AEGIS-CD,AEGIS-CD,98.10869,96.287594,94.285785,1659,1,0.0,1.024132,4.741012,True,100.156955,primary_best_F1;has_change_gt;low_false_alarm_tendency,98.10869,96.287594,97.468567,94.285785,99.881616,96.397607,1659,51,1608,65.734863,91.352539,84.081615,88.952637,76.246076,97.838156,85.67332,7240,845,6395,59.642029,96.893108,93.973454,95.884705,90.814806,99.727294,94.215561,2697,115,2582,64.346313,93.157345,87.191156,91.195679,80.933087,98.966916,87.992025,5770,410,5360,60.557556,95.226864,90.888626,93.762207,86.27405,99.439148,91.356946,4088,230,3858,62.574768,85.864703,75.23063,82.833862,64.818781,97.762582,76.548603,11250,782,10468,53.330994,97.062868,94.293347,96.02356,90.90953,97.666085,96.467056,2606,1029,1577,67.274475,92.645081,86.297937,90.655518,80.016833,99.852435,86.408137,6124,57,6067,58.940125,95.105832,90.66837,93.536377,85.618661,98.193964,92.206017,4236,757,3479,63.957214,93.657623,88.071779,91.835022,82.30814,99.43874,88.511773,5351,223,5128,60.626221,94.255251,89.134687,92.033386,81.277405,92.615578,95.954029,5221,3415,1806,70.565796,93.326483,87.487958,91.477966,81.683632,100.0,87.487958,5585,0,5585,59.588623,97.084558,94.334297,96.141052,91.393547,100.0,94.334297,2529,0,2529,64.251709,90.285276,82.290938,87.258911,71.859147,93.915043,86.925645,8350,2514,5836,63.041687,91.229968,83.874176,88.618469,75.135439,95.996437,86.914443,7459,1618,5841,61.66687
17967.png,3024,4.614258,15,AEGIS-CD,AEGIS-CD,96.610452,93.443152,96.448177,203,1,0.0,1.281151,20.102638,True,100.153468,primary_best_F1;has_change_gt;low_false_alarm_tendency,96.610452,93.443152,99.690247,96.448177,97.571669,95.667989,203,72,131,4.524231,55.587393,38.492063,97.161865,54.418245,100.0,38.492063,1860,0,1860,1.776123,88.226428,78.933174,98.927307,87.66458,89.37903,87.103175,703,313,390,4.496765,92.671967,86.344605,99.353027,92.334267,97.067343,88.657407,424,81,343,4.214478,16.504854,8.994709,95.800781,15.864095,100.0,8.994709,2752,0,2752,0.415039,86.819285,76.70855,98.840332,86.214288,91.283735,82.771164,760,239,521,4.18396,94.588634,89.732861,99.513245,94.333975,97.109021,92.195767,319,83,236,4.380798,85.965453,75.385448,98.61145,85.23852,80.549133,92.162698,910,673,237,5.279541,88.981666,80.150425,99.073792,88.503072,98.631791,81.051587,607,34,573,3.791809,92.553707,86.139507,99.29657,92.184762,90.464162,94.742063,461,302,159,4.832458,83.032491,70.987654,98.135376,82.072734,71.565342,98.875661,1222,1188,34,6.375122,90.797126,83.145363,99.179077,90.36804,94.046775,87.76455,538,168,370,4.30603,95.329301,91.075441,99.575806,95.107175,96.892077,93.816138,278,91,187,4.467773,94.896462,90.288551,99.5224,94.64599,93.599228,96.230159,313,199,114,4.743958,5.154639,2.645503,95.507812,4.928513,100.0,2.645503,2944,0,2944,0.12207
19846.png,4474,6.826782,15,AEGIS-CD,AEGIS-CD,96.919643,94.023387,96.693621,276,1,0.0,1.160563,13.444471,True,100.14943,primary_best_F1;has_change_gt,96.919643,94.023387,99.578857,96.693621,96.790013,97.04962,276,144,132,6.845093,51.669596,34.834123,94.9646,49.282229,74.936279,39.427805,3300,590,2710,3.591919,85.700518,74.978921,98.188782,84.739945,92.944865,79.5038,1187,270,917,5.839539,94.634037,89.814618,99.27063,94.242768,95.060893,94.210997,478,219,259,6.765747,92.283563,85.672685,98.873901,91.678913,86.699411,98.636567,738,677,61,7.766724,41.830065,26.446281,82.888794,35.016643,27.235882,90.120697,11214,10772,442,22.589111,94.732212,89.991642,99.269104,94.339628,93.245291,96.267322,479,312,167,7.048035,95.75908,91.863233,99.42627,95.451431,96.653005,94.881538,376,147,229,6.70166,92.478992,86.01016,98.907471,91.892236,87.237416,98.390702,716,644,72,7.699585,92.572502,86.172072,98.913574,91.989226,86.795775,99.173,712,675,37,7.800293,89.84951,81.569778,98.466492,89.02841,81.960568,99.418865,1005,979,26,8.280945,63.645911,46.676937,96.302795,61.937528,96.805112,47.407242,2423,70,2353,3.343201,93.538993,87.862209,99.085999,93.047849,90.389827,96.915512,599,461,138,7.319641,93.296214,87.434774,99.081421,92.80315,92.964936,93.629861,602,317,285,6.87561,86.661211,76.462094,98.010254,85.594484,79.894379,94.680376,1304,1066,238,8.09021
18141.png,2705,4.127502,15,AEGIS-CD,AEGIS-CD,91.996143,85.178571,91.667128,415,1,0.0,3.584815,38.758082,True,100.122148,primary_best_F1;clear_margin_ge_2pct;has_change_gt;low_false_alarm_tendency,91.996143,85.178571,99.36676,91.667128,96.169355,88.170055,415,95,320,3.78418,46.175718,30.018484,97.111511,45.129947,100.0,30.018484,1893,0,1893,1.239014,33.772519,20.317049,96.24176,32.247575,61.932939,23.216266,2463,386,2077,1.547241,88.411328,79.229662,99.119568,87.957292,96.789798,81.367837,577,73,504,3.469849,67.529799,50.97735,97.589111,66.29412,76.029616,60.739372,1580,518,1062,3.297424,54.813684,37.754029,94.578552,52.226688,41.77976,79.667283,3553,3003,550,7.870483,0.0,0.0,95.872498,0.0,0.0,0.0,2705,0,2705,0.0,36.652835,22.438611,95.806885,34.621175,48.683405,29.390018,2748,838,1910,2.49176,59.7464,42.598835,97.142029,58.305438,71.355236,51.386322,1873,558,1315,2.972412,85.714286,75.0,98.822021,85.099969,85.809559,85.619224,772,383,389,4.118347,40.709877,25.557063,88.275146,36.566375,25.724037,97.523105,7684,7617,67,15.647888,46.186144,30.027298,95.306396,43.739685,43.839256,48.798521,3076,1691,1385,4.594421,47.778207,31.387232,91.751099,44.386949,32.33948,91.42329,5406,5174,232,11.668396,78.221357,64.232409,97.952271,77.163761,69.713625,89.09427,1342,1047,295,5.274963,59.620696,42.471144,96.653748,57.875274,59.391049,59.852126,2193,1107,1086,4.159546
17328.png,65536,100.0,15,AEGIS-CD,AEGIS-CD,100.0,100.0,100.0,0,1,0.0,0.022893,18.522457,True,100.045787,primary_best_F1;has_change_gt;low_false_alarm_tendency,100.0,100.0,100.0,100.0,100.0,100.0,0,0,0,100.0,73.550976,58.166504,58.166504,0.0,100.0,58.166504,27416,0,27416,58.166504,30.905385,18.276978,18.276978,0.0,100.0,18.276978,53558,0,53558,18.276978,99.946566,99.893188,99.893188,0.0,100.0,99.893188,70,0,70,99.893188,97.53596,95.19043,95.19043,0.0,100.0,95.19043,3152,0,3152,95.19043,78.016957,63.957214,63.957214,0.0,100.0,63.957214,23621,0,23621,63.957214,99.977107,99.954224,99.954224,0.0,100.0,99.954224,30,0,30,99.954224,97.846605,95.783997,95.783997,0.0,100.0,95.783997,2763,0,2763,95.783997,74.650218,59.553528,59.553528,0.0,100.0,59.553528,26507,0,26507,59.553528,62.297631,45.240784,45.240784,0.0,100.0,45.240784,35887,0,35887,45.240784,91.69483,84.663391,84.663391,0.0,100.0,84.663391,10051,0,10051,84.663391,73.148354,57.66449,57.66449,0.0,100.0,57.66449,27745,0,27745,57.66449,92.595628,86.212158,86.212158,0.0,100.0,86.212158,9036,0,9036,86.212158,85.585593,74.803162,74.803162,0.0,100.0,74.803162,16513,0,16513,74.803162,82.9338,70.843506,70.843506,0.0,100.0,70.843506,19108,0,19108,70.843506
17284.png,11342,17.306519,15,AEGIS-CD,AEGIS-CD,98.487696,97.020451,98.176895,338,1,0.0,0.572604,34.350846,True,100.017577,primary_best_F1;has_change_gt;low_false_alarm_tendency,98.487696,97.020451,99.484253,98.176895,99.981831,97.03756,338,2,336,16.796875,21.40494,11.98518,84.413147,17.781124,84.048338,12.264151,10215,264,9951,2.52533,38.537311,23.867626,86.766052,34.05849,98.194294,23.972844,8673,50,8623,4.225159,0.0,0.0,82.693481,0.0,0.0,0.0,11342,0,11342,0.0,0.0,0.0,82.693481,0.0,0.0,0.0,11342,0,11342,0.0,70.588838,54.546174,91.235352,65.596312,84.184172,60.774114,5744,1295,4449,12.493896,96.490108,93.218249,98.74115,95.724285,93.233577,99.982366,825,823,2,18.559265,84.215799,72.735139,95.191956,81.441792,97.50609,74.113913,3151,215,2936,13.154602,75.968324,61.249131,93.193054,72.229126,97.645755,62.167166,4461,170,4291,11.018372,97.650558,95.40898,99.168396,97.145644,95.537748,99.858931,545,529,16,18.089294,87.28644,77.44094,94.958496,84.205425,77.44094,100.0,3304,3304,0,22.348022,86.452806,76.138215,95.753479,83.967282,96.511249,78.29307,2783,321,2462,14.039612,96.579252,93.384794,98.783875,95.840362,94.095509,99.197672,797,706,91,18.244934,97.915092,95.915346,99.284363,97.483178,98.744732,97.099277,469,140,329,17.018127,44.826433,28.887931,87.413025,39.796299,92.851205,29.545054,8249,258,7991,5.506897
19129.png,62830,95.870972,15,AEGIS-CD,AEGIS-CD,99.52141,99.047379,87.120054,604,1,0.0,0.24774,2.252256,True,100.01689,primary_best_F1;has_change_gt,99.52141,99.047379,99.078369,87.120054,99.094266,99.952252,604,574,30,96.70105,96.451587,93.14637,93.161011,2.400026,95.957782,96.950501,4482,2566,1916,96.862793,98.280862,96.619833,96.707153,59.356915,98.384318,98.177622,2158,1013,1145,95.669556,97.823276,95.739297,95.915222,64.981216,100.0,95.739297,2677,0,2677,91.786194,98.564465,97.169563,97.213745,51.638248,97.385428,99.772402,1826,1683,143,98.220825,94.794404,90.103956,90.296936,24.317956,97.593002,92.151838,6359,1428,4931,90.525818,98.380833,96.813265,96.844482,37.307743,96.819233,99.993634,2068,2064,4,99.014282,95.509764,91.405444,91.737366,44.943027,99.697048,91.660035,5415,175,5240,88.142395,94.631341,89.809762,89.91394,12.06537,96.623101,92.720038,6610,2036,4574,91.998291,99.27367,98.557814,98.614502,84.298874,99.790936,98.761738,908,130,778,94.882202,97.040316,94.250791,94.480896,56.706233,99.86022,94.375298,3617,83,3534,90.605164,98.142022,96.351826,96.495056,67.42683,99.781246,96.555785,2297,133,2164,92.771912,98.013705,96.10478,96.244812,63.830699,99.426878,96.64014,2461,350,2111,93.183899,98.627554,97.29227,97.33429,52.684368,97.379811,99.907687,1747,1689,58,98.35968,96.234351,92.742012,93.032837,50.534559,99.86307,92.860099,4566,80,4486,89.147949
17327.png,65536,100.0,15,AEGIS-CD,AEGIS-CD,100.0,100.0,100.0,0,1,0.0,0.0,18.205581,True,100.0,primary_best_F1;has_change_gt;low_false_alarm_tendency,100.0,100.0,100.0,100.0,100.0,100.0,0,0,0,100.0,73.198669,57.727051,57.727051,0.0,100.0,57.727051,27704,0,27704,57.727051,63.115901,46.109009,46.109009,0.0,100.0,46.109009,35318,0,35318,46.109009,100.0,100.0,100.0,100.0,100.0,100.0,0,0,0,100.0,88.962497,80.119324,80.119324,0.0,100.0,80.119324,13029,0,13029,80.119324,86.023357,75.474548,75.474548,0.0,100.0,75.474548,16073,0,16073,75.474548,97.976213,96.032715,96.032715,0.0,100.0,96.032715,2600,0,2600,96.032715,98.280251,96.618652,96.618652,0.0,100.0,96.618652,2216,0,2216,96.618652,79.783546,66.366577,66.366577,0.0,100.0,66.366577,22042,0,22042,66.366577,65.210506,48.379517,48.379517,0.0,100.0,48.379517,33830,0,33830,48.379517,84.409091,73.023987,73.023987,0.0,100.0,73.023987,17679,0,17679,73.023987,35.088072,21.276855,21.276855,0.0,100.0,21.276855,51592,0,51592,21.276855,99.739926,99.481201,99.481201,0.0,100.0,99.481201,340,0,340,99.481201,85.443597,74.586487,74.586487,0.0,100.0,74.586487,16655,0,16655,74.586487,87.890244,78.396606,78.396606,0.0,100.0,78.396606,14158,0,14158,78.396606
18881.png,65536,100.0,15,AEGIS-CD,AEGIS-CD,100.0,100.0,100.0,0,1,0.0,0.0,5.535855,True,100.0,primary_best_F1;has_change_gt;low_false_alarm_tendency,100.0,100.0,100.0,100.0,100.0,100.0,0,0,0,100.0,100.0,100.0,100.0,100.0,100.0,100.0,0,0,0,100.0,99.990844,99.981689,99.981689,0.0,100.0,99.981689,12,0,12,99.981689,99.898426,99.797058,99.797058,0.0,100.0,99.797058,133,0,133,99.797058,99.971763,99.943542,99.943542,0.0,100.0,99.943542,37,0,37,99.943542,95.962218,92.237854,92.237854,0.0,100.0,92.237854,5087,0,5087,92.237854,100.0,100.0,100.0,100.0,100.0,100.0,0,0,0,100.0,94.146531,88.94043,88.94043,0.0,100.0,88.94043,7248,0,7248,88.94043,63.522111,46.543884,46.543884,0.0,100.0,46.543884,35033,0,35033,46.543884,97.020742,94.213867,94.213867,0.0,100.0,94.213867,3792,0,3792,94.213867,97.307165,94.755554,94.755554,0.0,100.0,94.755554,3437,0,3437,94.755554,76.329669,61.720276,61.720276,0.0,100.0,61.720276,25087,0,25087,61.720276,99.909892,99.819946,99.819946,0.0,100.0,99.819946,118,0,118,99.819946,100.0,100.0,100.0,100.0,100.0,100.0,0,0,0,100.0,98.438674,96.925354,96.925354,0.0,100.0,96.925354,2015,0,2015,96.925354
18883.png,65536,100.0,15,AEGIS-CD,AEGIS-CD,100.0,100.0,100.0,0,1,0.0,0.0,4.453847,True,100.0,primary_best_F1;has_change_gt;low_false_alarm_tendency,100.0,100.0,100.0,100.0,100.0,100.0,0,0,0,100.0,97.040156,94.250488,94.250488,0.0,100.0,94.250488,3768,0,3768,94.250488,98.504735,97.053528,97.053528,0.0,100.0,97.053528,1931,0,1931,97.053528,100.0,100.0,100.0,100.0,100.0,100.0,0,0,0,100.0,99.763695,99.528503,99.528503,0.0,100.0,99.528503,309,0,309,99.528503,91.611537,84.521484,84.521484,0.0,100.0,84.521484,10144,0,10144,84.521484,100.0,100.0,100.0,100.0,100.0,100.0,0,0,0,100.0,91.282494,83.963013,83.963013,0.0,100.0,83.963013,10510,0,10510,83.963013,99.100874,98.217773,98.217773,0.0,100.0,98.217773,1168,0,1168,98.217773,99.985502,99.971008,99.971008,0.0,100.0,99.971008,19,0,19,99.971008,98.896962,97.817993,97.817993,0.0,100.0,97.817993,1430,0,1430,97.817993,63.468089,46.485901,46.485901,0.0,100.0,46.485901,35071,0,35071,46.485901,100.0,100.0,100.0,100.0,100.0,100.0,0,0,0,100.0,100.0,100.0,100.0,100.0,100.0,100.0,0,0,0,100.0,97.992093,96.063232,96.063232,0.0,100.0,96.063232,2580,0,2580,96.063232
19138.png,65536,100.0,15,AEGIS-CD,AEGIS-CD,100.0,100.0,100.0,0,1,0.0,0.0,3.492766,True,100.0,primary_best_F1;has_change_gt;low_false_alarm_tendency,100.0,100.0,100.0,100.0,100.0,100.0,0,0,0,100.0,98.28104,96.620178,96.620178,0.0,100.0,96.620178,2215,0,2215,96.620178,97.821918,95.736694,95.736694,0.0,100.0,95.736694,2794,0,2794,95.736694,100.0,100.0,100.0,100.0,100.0,100.0,0,0,0,100.0,92.77136,86.517334,86.517334,0.0,100.0,86.517334,8836,0,8836,86.517334,98.942174,97.906494,97.906494,0.0,100.0,97.906494,1372,0,1372,97.906494,99.994659,99.989319,99.989319,0.0,100.0,99.989319,7,0,7,99.989319,99.38899,98.7854,98.7854,0.0,100.0,98.7854,796,0,796,98.7854,97.507116,95.135498,95.135498,0.0,100.0,95.135498,3188,0,3188,95.135498,91.726143,84.716797,84.716797,0.0,100.0,84.716797,10016,0,10016,84.716797,96.420161,93.087769,93.087769,0.0,100.0,93.087769,4530,0,4530,93.087769,88.873063,79.974365,79.974365,0.0,100.0,79.974365,13124,0,13124,79.974365,92.133352,85.414124,85.414124,0.0,100.0,85.414124,9559,0,9559,85.414124,99.706938,99.415588,99.415588,0.0,100.0,99.415588,383,0,383,99.415588,97.534358,95.187378,95.187378,0.0,100.0,95.187378,3154,0,3154,95.187378
19134.png,65536,100.0,15,AEGIS-CD,AEGIS-CD,100.0,100.0,100.0,0,1,0.0,0.0,2.157797,True,100.0,primary_best_F1;has_change_gt;low_false_alarm_tendency,100.0,100.0,100.0,100.0,100.0,100.0,0,0,0,100.0,97.446169,95.019531,95.019531,0.0,100.0,95.019531,3264,0,3264,95.019531,97.903895,95.89386,95.89386,0.0,100.0,95.89386,2691,0,2691,95.89386,96.775819,93.753052,93.753052,0.0,100.0,93.753052,4094,0,4094,93.753052,99.166077,98.345947,98.345947,0.0,100.0,98.345947,1084,0,1084,98.345947,98.921912,97.866821,97.866821,0.0,100.0,97.866821,1398,0,1398,97.866821,100.0,100.0,100.0,100.0,100.0,100.0,0,0,0,100.0,99.857126,99.714661,99.714661,0.0,100.0,99.714661,187,0,187,99.714661,99.720749,99.443054,99.443054,0.0,100.0,99.443054,365,0,365,99.443054,99.939691,99.879456,99.879456,0.0,100.0,99.879456,79,0,79,99.879456,96.482333,93.203735,93.203735,0.0,100.0,93.203735,4454,0,4454,93.203735,86.702164,76.525879,76.525879,0.0,100.0,76.525879,15384,0,15384,76.525879,100.0,100.0,100.0,100.0,100.0,100.0,0,0,0,100.0,100.0,100.0,100.0,100.0,100.0,100.0,0,0,0,100.0,96.874902,93.939209,93.939209,0.0,100.0,93.939209,3972,0,3972,93.939209
18680.png,65536,100.0,15,AEGIS-CD,AEGIS-CD,100.0,100.0,100.0,0,1,0.0,0.0,2.08822,True,100.0,primary_best_F1;has_change_gt;low_false_alarm_tendency,100.0,100.0,100.0,100.0,100.0,100.0,0,0,0,100.0,100.0,100.0,100.0,100.0,100.0,100.0,0,0,0,100.0,99.208723,98.429871,98.429871,0.0,100.0,98.429871,1029,0,1029,98.429871,100.0,100.0,100.0,100.0,100.0,100.0,0,0,0,100.0,99.99237,99.984741,99.984741,0.0,100.0,99.984741,10,0,10,99.984741,99.997711,99.995422,99.995422,0.0,100.0,99.995422,3,0,3,99.995422,100.0,100.0,100.0,100.0,100.0,100.0,0,0,0,100.0,99.797411,99.595642,99.595642,0.0,100.0,99.595642,265,0,265,99.595642,100.0,100.0,100.0,100.0,100.0,100.0,0,0,0,100.0,100.0,100.0,100.0,100.0,100.0,100.0,0,0,0,100.0,72.938074,57.403564,57.403564,0.0,100.0,57.403564,27916,0,27916,57.403564,100.0,100.0,100.0,100.0,100.0,100.0,0,0,0,100.0,100.0,100.0,100.0,100.0,100.0,100.0,0,0,0,100.0,100.0,100.0,100.0,100.0,100.0,100.0,0,0,0,100.0,98.830631,97.688293,97.688293,0.0,100.0,97.688293,1515,0,1515,97.688293
18875.png,65536,100.0,15,AEGIS-CD,AEGIS-CD,100.0,100.0,100.0,0,1,0.0,0.0,1.948624,True,100.0,primary_best_F1;has_change_gt;low_false_alarm_tendency,100.0,100.0,100.0,100.0,100.0,100.0,0,0,0,100.0,99.803539,99.607849,99.607849,0.0,100.0,99.607849,257,0,257,99.607849,99.745294,99.491882,99.491882,0.0,100.0,99.491882,333,0,333,99.491882,97.407639,94.946289,94.946289,0.0,100.0,94.946289,3312,0,3312,94.946289,99.993133,99.986267,99.986267,0.0,100.0,99.986267,9,0,9,99.986267,93.454723,87.713623,87.713623,0.0,100.0,87.713623,8052,0,8052,87.713623,100.0,100.0,100.0,100.0,100.0,100.0,0,0,0,100.0,96.379218,93.011475,93.011475,0.0,100.0,93.011475,4580,0,4580,93.011475,96.321843,92.904663,92.904663,0.0,100.0,92.904663,4650,0,4650,92.904663,99.297777,98.605347,98.605347,0.0,100.0,98.605347,914,0,914,98.605347,100.0,100.0,100.0,100.0,100.0,100.0,0,0,0,100.0,93.251674,87.356567,87.356567,0.0,100.0,87.356567,8286,0,8286,87.356567,97.078154,94.322205,94.322205,0.0,100.0,94.322205,3721,0,3721,94.322205,100.0,100.0,100.0,100.0,100.0,100.0,0,0,0,100.0,99.986265,99.972534,99.972534,0.0,100.0,99.972534,18,0,18,99.972534
18383.png,65536,100.0,15,AEGIS-CD,AEGIS-CD,100.0,100.0,100.0,0,1,0.0,0.0,1.9348,True,100.0,primary_best_F1;has_change_gt;low_false_alarm_tendency,100.0,100.0,100.0,100.0,100.0,100.0,0,0,0,100.0,100.0,100.0,100.0,100.0,100.0,100.0,0,0,0,100.0,99.758328,99.517822,99.517822,0.0,100.0,99.517822,316,0,316,99.517822,99.993896,99.987793,99.987793,0.0,100.0,99.987793,8,0,8,99.987793,99.995422,99.990845,99.990845,0.0,100.0,99.990845,6,0,6,99.990845,93.682016,88.114929,88.114929,0.0,100.0,88.114929,7789,0,7789,88.114929,100.0,100.0,100.0,100.0,100.0,100.0,0,0,0,100.0,100.0,100.0,100.0,100.0,100.0,100.0,0,0,0,100.0,98.90554,97.834778,97.834778,0.0,100.0,97.834778,1419,0,1419,97.834778,100.0,100.0,100.0,100.0,100.0,100.0,0,0,0,100.0,99.972527,99.945068,99.945068,0.0,100.0,99.945068,36,0,36,99.945068,83.08834,71.069336,71.069336,0.0,100.0,71.069336,18960,0,18960,71.069336,100.0,100.0,100.0,100.0,100.0,100.0,0,0,0,100.0,97.516732,95.153809,95.153809,0.0,100.0,95.153809,3176,0,3176,95.153809,100.0,100.0,100.0,100.0,100.0,100.0,0,0,0,100.0
19659.png,65536,100.0,15,AEGIS-CD,AEGIS-CD,100.0,100.0,100.0,0,1,0.0,0.0,1.569557,True,100.0,primary_best_F1;has_change_gt;low_false_alarm_tendency,100.0,100.0,100.0,100.0,100.0,100.0,0,0,0,100.0,100.0,100.0,100.0,100.0,100.0,100.0,0,0,0,100.0,100.0,100.0,100.0,100.0,100.0,100.0,0,0,0,100.0,100.0,100.0,100.0,100.0,100.0,100.0,0,0,0,100.0,99.995422,99.990845,99.990845,0.0,100.0,99.990845,6,0,6,99.990845,99.387445,98.782349,98.782349,0.0,100.0,98.782349,798,0,798,98.782349,100.0,100.0,100.0,100.0,100.0,100.0,0,0,0,100.0,93.881715,88.468933,88.468933,0.0,100.0,88.468933,7557,0,7557,88.468933,100.0,100.0,100.0,100.0,100.0,100.0,0,0,0,100.0,100.0,100.0,100.0,100.0,100.0,100.0,0,0,0,100.0,88.104629,78.738403,78.738403,0.0,100.0,78.738403,13934,0,13934,78.738403,100.0,100.0,100.0,100.0,100.0,100.0,0,0,0,100.0,100.0,100.0,100.0,100.0,100.0,100.0,0,0,0,100.0,100.0,100.0,100.0,100.0,100.0,100.0,0,0,0,100.0,96.656995,93.530273,93.530273,0.0,100.0,93.530273,4240,0,4240,93.530273
18399.png,65536,100.0,15,AEGIS-CD,AEGIS-CD,100.0,100.0,100.0,0,1,0.0,0.0,1.303085,True,100.0,primary_best_F1;has_change_gt;low_false_alarm_tendency,100.0,100.0,100.0,100.0,100.0,100.0,0,0,0,100.0,99.629369,99.261475,99.261475,0.0,100.0,99.261475,484,0,484,99.261475,99.346496,98.701477,98.701477,0.0,100.0,98.701477,851,0,851,98.701477,100.0,100.0,100.0,100.0,100.0,100.0,0,0,0,100.0,99.984739,99.969482,99.969482,0.0,100.0,99.969482,20,0,20,99.969482,93.168147,87.210083,87.210083,0.0,100.0,87.210083,8382,0,8382,87.210083,100.0,100.0,100.0,100.0,100.0,100.0,0,0,0,100.0,94.177297,88.995361,88.995361,0.0,100.0,88.995361,7212,0,7212,88.995361,100.0,100.0,100.0,100.0,100.0,100.0,0,0,0,100.0,100.0,100.0,100.0,100.0,100.0,100.0,0,0,0,100.0,95.684009,91.725159,91.725159,0.0,100.0,91.725159,5423,0,5423,91.725159,100.0,100.0,100.0,100.0,100.0,100.0,0,0,0,100.0,100.0,100.0,100.0,100.0,100.0,100.0,0,0,0,100.0,100.0,100.0,100.0,100.0,100.0,100.0,0,0,0,100.0,99.766761,99.534607,99.534607,0.0,100.0,99.534607,305,0,305,99.534607
18686.png,65536,100.0,15,AEGIS-CD,AEGIS-CD,100.0,100.0,100.0,0,1,0.0,0.0,1.182711,True,100.0,primary_best_F1;has_change_gt;low_false_alarm_tendency,100.0,100.0,100.0,100.0,100.0,100.0,0,0,0,100.0,100.0,100.0,100.0,100.0,100.0,100.0,0,0,0,100.0,99.265271,98.54126,98.54126,0.0,100.0,98.54126,956,0,956,98.54126,100.0,100.0,100.0,100.0,100.0,100.0,0,0,0,100.0,99.995422,99.990845,99.990845,0.0,100.0,99.990845,6,0,6,99.990845,99.748361,99.497986,99.497986,0.0,100.0,99.497986,329,0,329,99.497986,100.0,100.0,100.0,100.0,100.0,100.0,0,0,0,100.0,99.930524,99.861145,99.861145,0.0,100.0,99.861145,91,0,91,99.861145,100.0,100.0,100.0,100.0,100.0,100.0,0,0,0,100.0,100.0,100.0,100.0,100.0,100.0,100.0,0,0,0,100.0,86.520696,76.243591,76.243591,0.0,100.0,76.243591,15569,0,15569,76.243591,100.0,100.0,100.0,100.0,100.0,100.0,0,0,0,100.0,100.0,100.0,100.0,100.0,100.0,100.0,0,0,0,100.0,100.0,100.0,100.0,100.0,100.0,100.0,0,0,0,100.0,97.981771,96.043396,96.043396,0.0,100.0,96.043396,2593,0,2593,96.043396
18682.png,65536,100.0,15,AEGIS-CD,AEGIS-CD,100.0,100.0,100.0,0,1,0.0,0.0,1.154299,True,100.0,primary_best_F1;has_change_gt;low_false_alarm_tendency,100.0,100.0,100.0,100.0,100.0,100.0,0,0,0,100.0,99.729955,99.461365,99.461365,0.0,100.0,99.461365,353,0,353,99.461365,96.54443,93.319702,93.319702,0.0,100.0,93.319702,4378,0,4378,93.319702,100.0,100.0,100.0,100.0,100.0,100.0,0,0,0,100.0,99.994659,99.989319,99.989319,0.0,100.0,99.989319,7,0,7,99.989319,98.965544,97.952271,97.952271,0.0,100.0,97.952271,1342,0,1342,97.952271,100.0,100.0,100.0,100.0,100.0,100.0,0,0,0,100.0,99.785153,99.571228,99.571228,0.0,100.0,99.571228,281,0,281,99.571228,100.0,100.0,100.0,100.0,100.0,100.0,0,0,0,100.0,100.0,100.0,100.0,100.0,100.0,100.0,0,0,0,100.0,97.016696,94.206238,94.206238,0.0,100.0,94.206238,3797,0,3797,94.206238,100.0,100.0,100.0,100.0,100.0,100.0,0,0,0,100.0,100.0,100.0,100.0,100.0,100.0,100.0,0,0,0,100.0,99.788218,99.577332,99.577332,0.0,100.0,99.577332,277,0,277,99.577332,92.015159,85.211182,85.211182,0.0,100.0,85.211182,9692,0,9692,85.211182
18695.png,65536,100.0,15,AEGIS-CD,AEGIS-CD,100.0,100.0,100.0,0,1,0.0,0.0,1.093531,True,100.0,primary_best_F1;has_change_gt;low_false_alarm_tendency,100.0,100.0,100.0,100.0,100.0,100.0,0,0,0,100.0,100.0,100.0,100.0,100.0,100.0,100.0,0,0,0,100.0,100.0,100.0,100.0,100.0,100.0,100.0,0,0,0,100.0,100.0,100.0,100.0,100.0,100.0,100.0,0,0,0,100.0,99.996948,99.993896,99.993896,0.0,100.0,99.993896,4,0,4,99.993896,99.911421,99.822998,99.822998,0.0,100.0,99.822998,116,0,116,99.822998,100.0,100.0,100.0,100.0,100.0,100.0,0,0,0,100.0,99.958021,99.916077,99.916077,0.0,100.0,99.916077,55,0,55,99.916077,100.0,100.0,100.0,100.0,100.0,100.0,0,0,0,100.0,100.0,100.0,100.0,100.0,100.0,100.0,0,0,0,100.0,91.428382,84.210205,84.210205,0.0,100.0,84.210205,10348,0,10348,84.210205,100.0,100.0,100.0,100.0,100.0,100.0,0,0,0,100.0,100.0,100.0,100.0,100.0,100.0,100.0,0,0,0,100.0,100.0,100.0,100.0,100.0,100.0,100.0,0,0,0,100.0,93.395797,87.609863,87.609863,0.0,100.0,87.609863,8120,0,8120,87.609863
18676.png,65536,100.0,15,AEGIS-CD,AEGIS-CD,100.0,100.0,100.0,0,1,0.0,0.0,0.954728,True,100.0,primary_best_F1;has_change_gt;low_false_alarm_tendency,100.0,100.0,100.0,100.0,100.0,100.0,0,0,0,100.0,100.0,100.0,100.0,100.0,100.0,100.0,0,0,0,100.0,100.0,100.0,100.0,100.0,100.0,100.0,0,0,0,100.0,100.0,100.0,100.0,100.0,100.0,100.0,0,0,0,100.0,99.996948,99.993896,99.993896,0.0,100.0,99.993896,4,0,4,99.993896,99.420644,98.847961,98.847961,0.0,100.0,98.847961,755,0,755,98.847961,100.0,100.0,100.0,100.0,100.0,100.0,0,0,0,100.0,99.990081,99.980164,99.980164,0.0,100.0,99.980164,13,0,13,99.980164,100.0,100.0,100.0,100.0,100.0,100.0,0,0,0,100.0,100.0,100.0,100.0,100.0,100.0,100.0,0,0,0,100.0,92.908908,86.756897,86.756897,0.0,100.0,86.756897,8679,0,8679,86.756897,100.0,100.0,100.0,100.0,100.0,100.0,0,0,0,100.0,100.0,100.0,100.0,100.0,100.0,100.0,0,0,0,100.0,100.0,100.0,100.0,100.0,100.0,100.0,0,0,0,100.0,94.317229,89.245605,89.245605,0.0,100.0,89.245605,7048,0,7048,89.245605
19654.png,65536,100.0,15,AEGIS-CD,AEGIS-CD,100.0,100.0,100.0,0,1,0.0,0.0,0.924376,True,100.0,primary_best_F1;has_change_gt;low_false_alarm_tendency,100.0,100.0,100.0,100.0,100.0,100.0,0,0,0,100.0,100.0,100.0,100.0,100.0,100.0,100.0,0,0,0,100.0,100.0,100.0,100.0,100.0,100.0,100.0,0,0,0,100.0,100.0,100.0,100.0,100.0,100.0,100.0,0,0,0,100.0,99.995422,99.990845,99.990845,0.0,100.0,99.990845,6,0,6,99.990845,99.951912,99.90387,99.90387,0.0,100.0,99.90387,63,0,63,99.90387,100.0,100.0,100.0,100.0,100.0,100.0,0,0,0,100.0,95.864683,92.0578,92.0578,0.0,100.0,92.0578,5205,0,5205,92.0578,99.573229,99.150085,99.150085,0.0,100.0,99.150085,557,0,557,99.150085,99.97329,99.946594,99.946594,0.0,100.0,99.946594,35,0,35,99.946594,100.0,100.0,100.0,100.0,100.0,100.0,0,0,0,100.0,100.0,100.0,100.0,100.0,100.0,100.0,0,0,0,100.0,100.0,100.0,100.0,100.0,100.0,100.0,0,0,0,100.0,100.0,100.0,100.0,100.0,100.0,100.0,0,0,0,100.0,91.700199,84.672546,84.672546,0.0,100.0,84.672546,10045,0,10045,84.672546
19206.png,65536,100.0,15,AEGIS-CD,AEGIS-CD,100.0,100.0,100.0,0,1,0.0,0.0,0.872897,True,100.0,primary_best_F1;has_change_gt;low_false_alarm_tendency,100.0,100.0,100.0,100.0,100.0,100.0,0,0,0,100.0,99.989318,99.978638,99.978638,0.0,100.0,99.978638,14,0,14,99.978638,99.694658,99.391174,99.391174,0.0,100.0,99.391174,399,0,399,99.391174,99.940455,99.880981,99.880981,0.0,100.0,99.880981,78,0,78,99.880981,99.996948,99.993896,99.993896,0.0,100.0,99.993896,4,0,4,99.993896,98.284987,96.627808,96.627808,0.0,100.0,96.627808,2210,0,2210,96.627808,100.0,100.0,100.0,100.0,100.0,100.0,0,0,0,100.0,95.357545,91.127014,91.127014,0.0,100.0,91.127014,5815,0,5815,91.127014,97.894351,95.875549,95.875549,0.0,100.0,95.875549,2703,0,2703,95.875549,100.0,100.0,100.0,100.0,100.0,100.0,0,0,0,100.0,98.170405,96.406555,96.406555,0.0,100.0,96.406555,2355,0,2355,96.406555,98.764212,97.558594,97.558594,0.0,100.0,97.558594,1600,0,1600,97.558594,99.757562,99.516296,99.516296,0.0,100.0,99.516296,317,0,317,99.516296,100.0,100.0,100.0,100.0,100.0,100.0,0,0,0,100.0,99.928996,99.858093,99.858093,0.0,100.0,99.858093,93,0,93,99.858093
19662.png,65536,100.0,15,AEGIS-CD,AEGIS-CD,100.0,100.0,100.0,0,1,0.0,0.0,0.813058,True,100.0,primary_best_F1;has_change_gt;low_false_alarm_tendency,100.0,100.0,100.0,100.0,100.0,100.0,0,0,0,100.0,100.0,100.0,100.0,100.0,100.0,100.0,0,0,0,100.0,99.976343,99.952698,99.952698,0.0,100.0,99.952698,31,0,31,99.952698,100.0,100.0,100.0,100.0,100.0,100.0,0,0,0,100.0,99.995422,99.990845,99.990845,0.0,100.0,99.990845,6,0,6,99.990845,98.497661,97.039795,97.039795,0.0,100.0,97.039795,1940,0,1940,97.039795,100.0,100.0,100.0,100.0,100.0,100.0,0,0,0,100.0,90.663085,82.920837,82.920837,0.0,100.0,82.920837,11193,0,11193,82.920837,99.999237,99.998474,99.998474,0.0,100.0,99.998474,1,0,1,99.998474,100.0,100.0,100.0,100.0,100.0,100.0,0,0,0,100.0,100.0,100.0,100.0,100.0,100.0,100.0,0,0,0,100.0,100.0,100.0,100.0,100.0,100.0,100.0,0,0,0,100.0,100.0,100.0,100.0,100.0,100.0,100.0,0,0,0,100.0,100.0,100.0,100.0,100.0,100.0,100.0,0,0,0,100.0,99.485433,98.976135,98.976135,0.0,100.0,98.976135,671,0,671,98.976135
19625.png,65536,100.0,15,AEGIS-CD,AEGIS-CD,100.0,100.0,100.0,0,1,0.0,0.0,0.802308,True,100.0,primary_best_F1;has_change_gt;low_false_alarm_tendency,100.0,100.0,100.0,100.0,100.0,100.0,0,0,0,100.0,100.0,100.0,100.0,100.0,100.0,100.0,0,0,0,100.0,99.580923,99.165344,99.165344,0.0,100.0,99.165344,547,0,547,99.165344,100.0,100.0,100.0,100.0,100.0,100.0,0,0,0,100.0,99.996948,99.993896,99.993896,0.0,100.0,99.993896,4,0,4,99.993896,100.0,100.0,100.0,100.0,100.0,100.0,0,0,0,100.0,100.0,100.0,100.0,100.0,100.0,100.0,0,0,0,100.0,99.996948,99.993896,99.993896,0.0,100.0,99.993896,4,0,4,99.993896,99.748361,99.497986,99.497986,0.0,100.0,99.497986,329,0,329,99.497986,99.976343,99.952698,99.952698,0.0,100.0,99.952698,31,0,31,99.952698,99.772126,99.545288,99.545288,0.0,100.0,99.545288,298,0,298,99.545288,89.696031,81.317139,81.317139,0.0,100.0,81.317139,12244,0,12244,81.317139,100.0,100.0,100.0,100.0,100.0,100.0,0,0,0,100.0,100.0,100.0,100.0,100.0,100.0,100.0,0,0,0,100.0,100.0,100.0,100.0,100.0,100.0,100.0,0,0,0,100.0
18394.png,65536,100.0,15,AEGIS-CD,AEGIS-CD,100.0,100.0,100.0,0,1,0.0,0.0,0.759538,True,100.0,primary_best_F1;has_change_gt;low_false_alarm_tendency,100.0,100.0,100.0,100.0,100.0,100.0,0,0,0,100.0,99.904542,99.809265,99.809265,0.0,100.0,99.809265,125,0,125,99.809265,97.70629,95.515442,95.515442,0.0,100.0,95.515442,2939,0,2939,95.515442,100.0,100.0,100.0,100.0,100.0,100.0,0,0,0,100.0,99.993133,99.986267,99.986267,0.0,100.0,99.986267,9,0,9,99.986267,97.569591,95.254517,95.254517,0.0,100.0,95.254517,3110,0,3110,95.254517,100.0,100.0,100.0,100.0,100.0,100.0,0,0,0,100.0,98.418997,96.887207,96.887207,0.0,100.0,96.887207,2040,0,2040,96.887207,100.0,100.0,100.0,100.0,100.0,100.0,0,0,0,100.0,99.985502,99.971008,99.971008,0.0,100.0,99.971008,19,0,19,99.971008,96.458618,93.159485,93.159485,0.0,100.0,93.159485,4483,0,4483,93.159485,99.524729,99.053955,99.053955,0.0,100.0,99.053955,620,0,620,99.053955,100.0,100.0,100.0,100.0,100.0,100.0,0,0,0,100.0,100.0,100.0,100.0,100.0,100.0,100.0,0,0,0,100.0,99.805071,99.610901,99.610901,0.0,100.0,99.610901,255,0,255,99.610901
18694.png,65536,100.0,15,AEGIS-CD,AEGIS-CD,100.0,100.0,100.0,0,1,0.0,0.0,0.676496,True,100.0,primary_best_F1;has_change_gt;low_false_alarm_tendency,100.0,100.0,100.0,100.0,100.0,100.0,0,0,0,100.0,100.0,100.0,100.0,100.0,100.0,100.0,0,0,0,100.0,99.997711,99.995422,99.995422,0.0,100.0,99.995422,3,0,3,99.995422,100.0,100.0,100.0,100.0,100.0,100.0,0,0,0,100.0,99.996948,99.993896,99.993896,0.0,100.0,99.993896,4,0,4,99.993896,99.455363,98.916626,98.916626,0.0,100.0,98.916626,710,0,710,98.916626,100.0,100.0,100.0,100.0,100.0,100.0,0,0,0,100.0,99.996948,99.993896,99.993896,0.0,100.0,99.993896,4,0,4,99.993896,100.0,100.0,100.0,100.0,100.0,100.0,0,0,0,100.0,100.0,100.0,100.0,100.0,100.0,100.0,0,0,0,100.0,99.974817,99.949646,99.949646,0.0,100.0,99.949646,33,0,33,99.949646,100.0,100.0,100.0,100.0,100.0,100.0,0,0,0,100.0,100.0,100.0,100.0,100.0,100.0,100.0,0,0,0,100.0,100.0,100.0,100.0,100.0,100.0,100.0,0,0,0,100.0,91.107271,83.666992,83.666992,0.0,100.0,83.666992,10704,0,10704,83.666992
19673.png,65536,100.0,15,AEGIS-CD,AEGIS-CD,100.0,100.0,100.0,0,1,0.0,0.0,0.604721,True,100.0,primary_best_F1;has_change_gt;low_false_alarm_tendency,100.0,100.0,100.0,100.0,100.0,100.0,0,0,0,100.0,100.0,100.0,100.0,100.0,100.0,100.0,0,0,0,100.0,100.0,100.0,100.0,100.0,100.0,100.0,0,0,0,100.0,100.0,100.0,100.0,100.0,100.0,100.0,0,0,0,100.0,99.995422,99.990845,99.990845,0.0,100.0,99.990845,6,0,6,99.990845,99.974817,99.949646,99.949646,0.0,100.0,99.949646,33,0,33,99.949646,100.0,100.0,100.0,100.0,100.0,100.0,0,0,0,100.0,94.211461,89.056396,89.056396,0.0,100.0,89.056396,7172,0,7172,89.056396,100.0,100.0,100.0,100.0,100.0,100.0,0,0,0,100.0,100.0,100.0,100.0,100.0,100.0,100.0,0,0,0,100.0,97.352202,94.841003,94.841003,0.0,100.0,94.841003,3381,0,3381,94.841003,100.0,100.0,100.0,100.0,100.0,100.0,0,0,0,100.0,100.0,100.0,100.0,100.0,100.0,100.0,0,0,0,100.0,100.0,100.0,100.0,100.0,100.0,100.0,0,0,0,100.0,100.0,100.0,100.0,100.0,100.0,100.0,0,0,0,100.0
18878.png,65536,100.0,15,AEGIS-CD,AEGIS-CD,100.0,100.0,100.0,0,1,0.0,0.0,0.581158,True,100.0,primary_best_F1;has_change_gt;low_false_alarm_tendency,100.0,100.0,100.0,100.0,100.0,100.0,0,0,0,100.0,100.0,100.0,100.0,100.0,100.0,100.0,0,0,0,100.0,99.531661,99.067688,99.067688,0.0,100.0,99.067688,611,0,611,99.067688,99.272238,98.554993,98.554993,0.0,100.0,98.554993,947,0,947,98.554993,99.99237,99.984741,99.984741,0.0,100.0,99.984741,10,0,10,99.984741,98.832192,97.691345,97.691345,0.0,100.0,97.691345,1513,0,1513,97.691345,100.0,100.0,100.0,100.0,100.0,100.0,0,0,0,100.0,99.987791,99.975586,99.975586,0.0,100.0,99.975586,16,0,16,99.975586,99.107864,98.231506,98.231506,0.0,100.0,98.231506,1159,0,1159,98.231506,99.764461,99.530029,99.530029,0.0,100.0,99.530029,308,0,308,99.530029,97.332905,94.804382,94.804382,0.0,100.0,94.804382,3405,0,3405,94.804382,100.0,100.0,100.0,100.0,100.0,100.0,0,0,0,100.0,99.974053,99.94812,99.94812,0.0,100.0,99.94812,34,0,34,99.94812,100.0,100.0,100.0,100.0,100.0,100.0,0,0,0,100.0,98.068249,96.209717,96.209717,0.0,100.0,96.209717,2484,0,2484,96.209717
19112.png,65536,100.0,15,AEGIS-CD,AEGIS-CD,100.0,100.0,100.0,0,1,0.0,0.0,0.57343,True,100.0,primary_best_F1;has_change_gt;low_false_alarm_tendency,100.0,100.0,100.0,100.0,100.0,100.0,0,0,0,100.0,100.0,100.0,100.0,100.0,100.0,100.0,0,0,0,100.0,100.0,100.0,100.0,100.0,100.0,100.0,0,0,0,100.0,100.0,100.0,100.0,100.0,100.0,100.0,0,0,0,100.0,99.995422,99.990845,99.990845,0.0,100.0,99.990845,6,0,6,99.990845,100.0,100.0,100.0,100.0,100.0,100.0,0,0,0,100.0,99.999237,99.998474,99.998474,0.0,100.0,99.998474,1,0,1,99.998474,100.0,100.0,100.0,100.0,100.0,100.0,0,0,0,100.0,94.534921,89.63623,89.63623,0.0,100.0,89.63623,6792,0,6792,89.63623,100.0,100.0,100.0,100.0,100.0,100.0,0,0,0,100.0,97.446972,95.021057,95.021057,0.0,100.0,95.021057,3263,0,3263,95.021057,100.0,100.0,100.0,100.0,100.0,100.0,0,0,0,100.0,100.0,100.0,100.0,100.0,100.0,100.0,0,0,0,100.0,100.0,100.0,100.0,100.0,100.0,100.0,0,0,0,100.0,99.995422,99.990845,99.990845,0.0,100.0,99.990845,6,0,6,99.990845
19204.png,65536,100.0,15,AEGIS-CD,AEGIS-CD,100.0,100.0,100.0,0,1,0.0,0.0,0.503545,True,100.0,primary_best_F1;has_change_gt;low_false_alarm_tendency,100.0,100.0,100.0,100.0,100.0,100.0,0,0,0,100.0,100.0,100.0,100.0,100.0,100.0,100.0,0,0,0,100.0,99.748361,99.497986,99.497986,0.0,100.0,99.497986,329,0,329,99.497986,98.019871,96.116638,96.116638,0.0,100.0,96.116638,2545,0,2545,96.116638,99.993896,99.987793,99.987793,0.0,100.0,99.987793,8,0,8,99.987793,98.360707,96.774292,96.774292,0.0,100.0,96.774292,2114,0,2114,96.774292,99.999237,99.998474,99.998474,0.0,100.0,99.998474,1,0,1,99.998474,99.333354,98.675537,98.675537,0.0,100.0,98.675537,868,0,868,98.675537,99.775192,99.551392,99.551392,0.0,100.0,99.551392,294,0,294,99.551392,100.0,100.0,100.0,100.0,100.0,100.0,0,0,0,100.0,97.752572,95.603943,95.603943,0.0,100.0,95.603943,2881,0,2881,95.603943,100.0,100.0,100.0,100.0,100.0,100.0,0,0,0,100.0,100.0,100.0,100.0,100.0,100.0,100.0,0,0,0,100.0,100.0,100.0,100.0,100.0,100.0,100.0,0,0,0,100.0,99.967183,99.934387,99.934387,0.0,100.0,99.934387,43,0,43,99.934387
18683.png,65536,100.0,15,AEGIS-CD,AEGIS-CD,100.0,100.0,100.0,0,1,0.0,0.0,0.500726,True,100.0,primary_best_F1;has_change_gt;low_false_alarm_tendency,100.0,100.0,100.0,100.0,100.0,100.0,0,0,0,100.0,100.0,100.0,100.0,100.0,100.0,100.0,0,0,0,100.0,97.694313,95.492554,95.492554,0.0,100.0,95.492554,2954,0,2954,95.492554,100.0,100.0,100.0,100.0,100.0,100.0,0,0,0,100.0,99.987791,99.975586,99.975586,0.0,100.0,99.975586,16,0,16,99.975586,99.844118,99.688721,99.688721,0.0,100.0,99.688721,204,0,204,99.688721,100.0,100.0,100.0,100.0,100.0,100.0,0,0,0,100.0,99.721517,99.44458,99.44458,0.0,100.0,99.44458,364,0,364,99.44458,100.0,100.0,100.0,100.0,100.0,100.0,0,0,0,100.0,100.0,100.0,100.0,100.0,100.0,100.0,0,0,0,100.0,100.0,100.0,100.0,100.0,100.0,100.0,0,0,0,100.0,100.0,100.0,100.0,100.0,100.0,100.0,0,0,0,100.0,100.0,100.0,100.0,100.0,100.0,100.0,0,0,0,100.0,100.0,100.0,100.0,100.0,100.0,100.0,0,0,0,100.0,95.742091,91.83197,91.83197,0.0,100.0,91.83197,5353,0,5353,91.83197
18885.png,65536,100.0,15,AEGIS-CD,AEGIS-CD,100.0,100.0,100.0,0,1,0.0,0.0,0.479747,True,100.0,primary_best_F1;has_change_gt;low_false_alarm_tendency,100.0,100.0,100.0,100.0,100.0,100.0,0,0,0,100.0,100.0,100.0,100.0,100.0,100.0,100.0,0,0,0,100.0,100.0,100.0,100.0,100.0,100.0,100.0,0,0,0,100.0,99.28617,98.582458,98.582458,0.0,100.0,98.582458,929,0,929,98.582458,99.985502,99.971008,99.971008,0.0,100.0,99.971008,19,0,19,99.971008,99.511634,99.028015,99.028015,0.0,100.0,99.028015,637,0,637,99.028015,100.0,100.0,100.0,100.0,100.0,100.0,0,0,0,100.0,100.0,100.0,100.0,100.0,100.0,100.0,0,0,0,100.0,99.989318,99.978638,99.978638,0.0,100.0,99.978638,14,0,14,99.978638,99.553989,99.111938,99.111938,0.0,100.0,99.111938,582,0,582,99.111938,95.915126,92.150879,92.150879,0.0,100.0,92.150879,5144,0,5144,92.150879,100.0,100.0,100.0,100.0,100.0,100.0,0,0,0,100.0,100.0,100.0,100.0,100.0,100.0,100.0,0,0,0,100.0,100.0,100.0,100.0,100.0,100.0,100.0,0,0,0,100.0,99.041809,98.101807,98.101807,0.0,100.0,98.101807,1244,0,1244,98.101807
19666.png,65536,100.0,15,AEGIS-CD,AEGIS-CD,100.0,100.0,100.0,0,1,0.0,0.0,0.455938,True,100.0,primary_best_F1;has_change_gt;low_false_alarm_tendency,100.0,100.0,100.0,100.0,100.0,100.0,0,0,0,100.0,100.0,100.0,100.0,100.0,100.0,100.0,0,0,0,100.0,100.0,100.0,100.0,100.0,100.0,100.0,0,0,0,100.0,100.0,100.0,100.0,100.0,100.0,100.0,0,0,0,100.0,99.996948,99.993896,99.993896,0.0,100.0,99.993896,4,0,4,99.993896,99.580923,99.165344,99.165344,0.0,100.0,99.165344,547,0,547,99.165344,100.0,100.0,100.0,100.0,100.0,100.0,0,0,0,100.0,97.074921,94.316101,94.316101,0.0,100.0,94.316101,3725,0,3725,94.316101,100.0,100.0,100.0,100.0,100.0,100.0,0,0,0,100.0,100.0,100.0,100.0,100.0,100.0,100.0,0,0,0,100.0,100.0,100.0,100.0,100.0,100.0,100.0,0,0,0,100.0,100.0,100.0,100.0,100.0,100.0,100.0,0,0,0,100.0,100.0,100.0,100.0,100.0,100.0,100.0,0,0,0,100.0,100.0,100.0,100.0,100.0,100.0,100.0,0,0,0,100.0,96.964075,94.107056,94.107056,0.0,100.0,94.107056,3862,0,3862,94.107056
19672.png,65536,100.0,15,AEGIS-CD,AEGIS-CD,100.0,100.0,100.0,0,1,0.0,0.0,0.422686,True,100.0,primary_best_F1;has_change_gt;low_false_alarm_tendency,100.0,100.0,100.0,100.0,100.0,100.0,0,0,0,100.0,100.0,100.0,100.0,100.0,100.0,100.0,0,0,0,100.0,99.965656,99.931335,99.931335,0.0,100.0,99.931335,45,0,45,99.931335,100.0,100.0,100.0,100.0,100.0,100.0,0,0,0,100.0,99.995422,99.990845,99.990845,0.0,100.0,99.990845,6,0,6,99.990845,99.584,99.171448,99.171448,0.0,100.0,99.171448,543,0,543,99.171448,100.0,100.0,100.0,100.0,100.0,100.0,0,0,0,100.0,97.36667,94.868469,94.868469,0.0,100.0,94.868469,3363,0,3363,94.868469,100.0,100.0,100.0,100.0,100.0,100.0,0,0,0,100.0,100.0,100.0,100.0,100.0,100.0,100.0,0,0,0,100.0,99.858657,99.717712,99.717712,0.0,100.0,99.717712,185,0,185,99.717712,100.0,100.0,100.0,100.0,100.0,100.0,0,0,0,100.0,100.0,100.0,100.0,100.0,100.0,100.0,0,0,0,100.0,100.0,100.0,100.0,100.0,100.0,100.0,0,0,0,100.0,97.311992,94.764709,94.764709,0.0,100.0,94.764709,3431,0,3431,94.764709
18295.png,65536,100.0,15,AEGIS-CD,AEGIS-CD,100.0,100.0,100.0,0,1,0.0,0.0,0.391508,True,100.0,primary_best_F1;has_change_gt;low_false_alarm_tendency,100.0,100.0,100.0,100.0,100.0,100.0,0,0,0,100.0,100.0,100.0,100.0,100.0,100.0,100.0,0,0,0,100.0,99.943511,99.887085,99.887085,0.0,100.0,99.887085,74,0,74,99.887085,100.0,100.0,100.0,100.0,100.0,100.0,0,0,0,100.0,99.995422,99.990845,99.990845,0.0,100.0,99.990845,6,0,6,99.990845,100.0,100.0,100.0,100.0,100.0,100.0,0,0,0,100.0,100.0,100.0,100.0,100.0,100.0,100.0,0,0,0,100.0,99.976343,99.952698,99.952698,0.0,100.0,99.952698,31,0,31,99.952698,100.0,100.0,100.0,100.0,100.0,100.0,0,0,0,100.0,100.0,100.0,100.0,100.0,100.0,100.0,0,0,0,100.0,94.603614,89.759827,89.759827,0.0,100.0,89.759827,6711,0,6711,89.759827,100.0,100.0,100.0,100.0,100.0,100.0,0,0,0,100.0,100.0,100.0,100.0,100.0,100.0,100.0,0,0,0,100.0,100.0,100.0,100.0,100.0,100.0,100.0,0,0,0,100.0,100.0,100.0,100.0,100.0,100.0,100.0,0,0,0,100.0
18390.png,65536,100.0,15,AEGIS-CD,AEGIS-CD,100.0,100.0,100.0,0,1,0.0,0.0,0.359848,True,100.0,primary_best_F1;has_change_gt;low_false_alarm_tendency,100.0,100.0,100.0,100.0,100.0,100.0,0,0,0,100.0,100.0,100.0,100.0,100.0,100.0,100.0,0,0,0,100.0,100.0,100.0,100.0,100.0,100.0,100.0,0,0,0,100.0,100.0,100.0,100.0,100.0,100.0,100.0,0,0,0,100.0,99.989318,99.978638,99.978638,0.0,100.0,99.978638,14,0,14,99.978638,98.268408,96.595764,96.595764,0.0,100.0,96.595764,2231,0,2231,96.595764,100.0,100.0,100.0,100.0,100.0,100.0,0,0,0,100.0,97.208912,94.569397,94.569397,0.0,100.0,94.569397,3559,0,3559,94.569397,99.595539,99.194336,99.194336,0.0,100.0,99.194336,528,0,528,99.194336,100.0,100.0,100.0,100.0,100.0,100.0,0,0,0,100.0,100.0,100.0,100.0,100.0,100.0,100.0,0,0,0,100.0,100.0,100.0,100.0,100.0,100.0,100.0,0,0,0,100.0,100.0,100.0,100.0,100.0,100.0,100.0,0,0,0,100.0,100.0,100.0,100.0,100.0,100.0,100.0,0,0,0,100.0,99.899955,99.80011,99.80011,0.0,100.0,99.80011,131,0,131,99.80011
18685.png,65536,100.0,15,AEGIS-CD,AEGIS-CD,100.0,100.0,100.0,0,1,0.0,0.0,0.268259,True,100.0,primary_best_F1;has_change_gt;low_false_alarm_tendency,100.0,100.0,100.0,100.0,100.0,100.0,0,0,0,100.0,100.0,100.0,100.0,100.0,100.0,100.0,0,0,0,100.0,99.995422,99.990845,99.990845,0.0,100.0,99.990845,6,0,6,99.990845,100.0,100.0,100.0,100.0,100.0,100.0,0,0,0,100.0,99.99237,99.984741,99.984741,0.0,100.0,99.984741,10,0,10,99.984741,99.61707,99.237061,99.237061,0.0,100.0,99.237061,500,0,500,99.237061,100.0,100.0,100.0,100.0,100.0,100.0,0,0,0,100.0,99.788218,99.577332,99.577332,0.0,100.0,99.577332,277,0,277,99.577332,99.988555,99.977112,99.977112,0.0,100.0,99.977112,15,0,15,99.977112,100.0,100.0,100.0,100.0,100.0,100.0,0,0,0,100.0,98.681261,97.396851,97.396851,0.0,100.0,97.396851,1706,0,1706,97.396851,100.0,100.0,100.0,100.0,100.0,100.0,0,0,0,100.0,100.0,100.0,100.0,100.0,100.0,100.0,0,0,0,100.0,100.0,100.0,100.0,100.0,100.0,100.0,0,0,0,100.0,98.181479,96.427917,96.427917,0.0,100.0,96.427917,2341,0,2341,96.427917
18678.png,65536,100.0,15,AEGIS-CD,AEGIS-CD,100.0,100.0,100.0,0,1,0.0,0.0,0.224076,True,100.0,primary_best_F1;has_change_gt;low_false_alarm_tendency,100.0,100.0,100.0,100.0,100.0,100.0,0,0,0,100.0,100.0,100.0,100.0,100.0,100.0,100.0,0,0,0,100.0,99.844883,99.690247,99.690247,0.0,100.0,99.690247,203,0,203,99.690247,100.0,100.0,100.0,100.0,100.0,100.0,0,0,0,100.0,99.994659,99.989319,99.989319,0.0,100.0,99.989319,7,0,7,99.989319,99.947329,99.894714,99.894714,0.0,100.0,99.894714,69,0,69,99.894714,100.0,100.0,100.0,100.0,100.0,100.0,0,0,0,100.0,99.317115,98.643494,98.643494,0.0,100.0,98.643494,889,0,889,98.643494,100.0,100.0,100.0,100.0,100.0,100.0,0,0,0,100.0,100.0,100.0,100.0,100.0,100.0,100.0,0,0,0,100.0,100.0,100.0,100.0,100.0,100.0,100.0,0,0,0,100.0,100.0,100.0,100.0,100.0,100.0,100.0,0,0,0,100.0,100.0,100.0,100.0,100.0,100.0,100.0,0,0,0,100.0,100.0,100.0,100.0,100.0,100.0,100.0,0,0,0,100.0,97.758953,95.61615,95.61615,0.0,100.0,95.61615,2873,0,2873,95.61615
18281.png,65536,100.0,15,AEGIS-CD,AEGIS-CD,100.0,100.0,100.0,0,1,0.0,0.0,0.108651,True,100.0,primary_best_F1;has_change_gt;low_false_alarm_tendency,100.0,100.0,100.0,100.0,100.0,100.0,0,0,0,100.0,100.0,100.0,100.0,100.0,100.0,100.0,0,0,0,100.0,100.0,100.0,100.0,100.0,100.0,100.0,0,0,0,100.0,100.0,100.0,100.0,100.0,100.0,100.0,0,0,0,100.0,99.996948,99.993896,99.993896,0.0,100.0,99.993896,4,0,4,99.993896,100.0,100.0,100.0,100.0,100.0,100.0,0,0,0,100.0,100.0,100.0,100.0,100.0,100.0,100.0,0,0,0,100.0,100.0,100.0,100.0,100.0,100.0,100.0,0,0,0,100.0,100.0,100.0,100.0,100.0,100.0,100.0,0,0,0,100.0,100.0,100.0,100.0,100.0,100.0,100.0,0,0,0,100.0,98.481938,97.009277,97.009277,0.0,100.0,97.009277,1960,0,1960,97.009277,100.0,100.0,100.0,100.0,100.0,100.0,0,0,0,100.0,100.0,100.0,100.0,100.0,100.0,100.0,0,0,0,100.0,100.0,100.0,100.0,100.0,100.0,100.0,0,0,0,100.0,100.0,100.0,100.0,100.0,100.0,100.0,0,0,0,100.0
19121.png,65536,100.0,15,AEGIS-CD,AEGIS-CD,100.0,100.0,100.0,0,1,0.0,0.0,0.035916,True,100.0,primary_best_F1;has_change_gt;low_false_alarm_tendency,100.0,100.0,100.0,100.0,100.0,100.0,0,0,0,100.0,100.0,100.0,100.0,100.0,100.0,100.0,0,0,0,100.0,99.984739,99.969482,99.969482,0.0,100.0,99.969482,20,0,20,99.969482,100.0,100.0,100.0,100.0,100.0,100.0,0,0,0,100.0,99.996948,99.993896,99.993896,0.0,100.0,99.993896,4,0,4,99.993896,100.0,100.0,100.0,100.0,100.0,100.0,0,0,0,100.0,100.0,100.0,100.0,100.0,100.0,100.0,0,0,0,100.0,100.0,100.0,100.0,100.0,100.0,100.0,0,0,0,100.0,99.515486,99.035645,99.035645,0.0,100.0,99.035645,632,0,632,99.035645,100.0,100.0,100.0,100.0,100.0,100.0,0,0,0,100.0,100.0,100.0,100.0,100.0,100.0,100.0,0,0,0,100.0,100.0,100.0,100.0,100.0,100.0,100.0,0,0,0,100.0,100.0,100.0,100.0,100.0,100.0,100.0,0,0,0,100.0,100.0,100.0,100.0,100.0,100.0,100.0,0,0,0,100.0,100.0,100.0,100.0,100.0,100.0,100.0,0,0,0,100.0
18699.png,65536,100.0,15,AEGIS-CD,AEGIS-CD,100.0,100.0,100.0,0,1,0.0,0.0,0.02471,True,100.0,primary_best_F1;has_change_gt;low_false_alarm_tendency,100.0,100.0,100.0,100.0,100.0,100.0,0,0,0,100.0,100.0,100.0,100.0,100.0,100.0,100.0,0,0,0,100.0,100.0,100.0,100.0,100.0,100.0,100.0,0,0,0,100.0,100.0,100.0,100.0,100.0,100.0,100.0,0,0,0,100.0,99.995422,99.990845,99.990845,0.0,100.0,99.990845,6,0,6,99.990845,99.66932,99.34082,99.34082,0.0,100.0,99.34082,432,0,432,99.34082,100.0,100.0,100.0,100.0,100.0,100.0,0,0,0,100.0,99.989318,99.978638,99.978638,0.0,100.0,99.978638,14,0,14,99.978638,100.0,100.0,100.0,100.0,100.0,100.0,0,0,0,100.0,100.0,100.0,100.0,100.0,100.0,100.0,0,0,0,100.0,100.0,100.0,100.0,100.0,100.0,100.0,0,0,0,100.0,100.0,100.0,100.0,100.0,100.0,100.0,0,0,0,100.0,100.0,100.0,100.0,100.0,100.0,100.0,0,0,0,100.0,100.0,100.0,100.0,100.0,100.0,100.0,0,0,0,100.0,100.0,100.0,100.0,100.0,100.0,100.0,0,0,0,100.0
19657.png,65536,100.0,15,AEGIS-CD,AEGIS-CD,100.0,100.0,100.0,0,1,0.0,0.0,0.023539,True,100.0,primary_best_F1;has_change_gt;low_false_alarm_tendency,100.0,100.0,100.0,100.0,100.0,100.0,0,0,0,100.0,100.0,100.0,100.0,100.0,100.0,100.0,0,0,0,100.0,99.990081,99.980164,99.980164,0.0,100.0,99.980164,13,0,13,99.980164,100.0,100.0,100.0,100.0,100.0,100.0,0,0,0,100.0,99.996948,99.993896,99.993896,0.0,100.0,99.993896,4,0,4,99.993896,99.737625,99.476624,99.476624,0.0,100.0,99.476624,343,0,343,99.476624,100.0,100.0,100.0,100.0,100.0,100.0,0,0,0,100.0,99.945802,99.891663,99.891663,0.0,100.0,99.891663,71,0,71,99.891663,100.0,100.0,100.0,100.0,100.0,100.0,0,0,0,100.0,100.0,100.0,100.0,100.0,100.0,100.0,0,0,0,100.0,100.0,100.0,100.0,100.0,100.0,100.0,0,0,0,100.0,100.0,100.0,100.0,100.0,100.0,100.0,0,0,0,100.0,100.0,100.0,100.0,100.0,100.0,100.0,0,0,0,100.0,100.0,100.0,100.0,100.0,100.0,100.0,0,0,0,100.0,100.0,100.0,100.0,100.0,100.0,100.0,0,0,0,100.0
18693.png,65536,100.0,15,AEGIS-CD,AEGIS-CD,100.0,100.0,100.0,0,1,0.0,0.0,0.022765,True,100.0,primary_best_F1;has_change_gt;low_false_alarm_tendency,100.0,100.0,100.0,100.0,100.0,100.0,0,0,0,100.0,100.0,100.0,100.0,100.0,100.0,100.0,0,0,0,100.0,99.769827,99.54071,99.54071,0.0,100.0,99.54071,301,0,301,99.54071,100.0,100.0,100.0,100.0,100.0,100.0,0,0,0,100.0,99.996948,99.993896,99.993896,0.0,100.0,99.993896,4,0,4,99.993896,99.984739,99.969482,99.969482,0.0,100.0,99.969482,20,0,20,99.969482,100.0,100.0,100.0,100.0,100.0,100.0,0,0,0,100.0,99.990844,99.981689,99.981689,0.0,100.0,99.981689,12,0,12,99.981689,100.0,100.0,100.0,100.0,100.0,100.0,0,0,0,100.0,100.0,100.0,100.0,100.0,100.0,100.0,0,0,0,100.0,100.0,100.0,100.0,100.0,100.0,100.0,0,0,0,100.0,100.0,100.0,100.0,100.0,100.0,100.0,0,0,0,100.0,100.0,100.0,100.0,100.0,100.0,100.0,0,0,0,100.0,100.0,100.0,100.0,100.0,100.0,100.0,0,0,0,100.0,99.938928,99.87793,99.87793,0.0,100.0,99.87793,80,0,80,99.87793
18227.png,65536,100.0,15,AEGIS-CD,AEGIS-CD,100.0,100.0,100.0,0,1,0.0,0.0,0.017316,True,100.0,primary_best_F1;has_change_gt;low_false_alarm_tendency,100.0,100.0,100.0,100.0,100.0,100.0,0,0,0,100.0,100.0,100.0,100.0,100.0,100.0,100.0,0,0,0,100.0,99.760628,99.5224,99.5224,0.0,100.0,99.5224,313,0,313,99.5224,100.0,100.0,100.0,100.0,100.0,100.0,0,0,0,100.0,99.996948,99.993896,99.993896,0.0,100.0,99.993896,4,0,4,99.993896,100.0,100.0,100.0,100.0,100.0,100.0,0,0,0,100.0,100.0,100.0,100.0,100.0,100.0,100.0,0,0,0,100.0,100.0,100.0,100.0,100.0,100.0,100.0,0,0,0,100.0,100.0,100.0,100.0,100.0,100.0,100.0,0,0,0,100.0,100.0,100.0,100.0,100.0,100.0,100.0,0,0,0,100.0,100.0,100.0,100.0,100.0,100.0,100.0,0,0,0,100.0,100.0,100.0,100.0,100.0,100.0,100.0,0,0,0,100.0,100.0,100.0,100.0,100.0,100.0,100.0,0,0,0,100.0,100.0,100.0,100.0,100.0,100.0,100.0,0,0,0,100.0,100.0,100.0,100.0,100.0,100.0,100.0,0,0,0,100.0
18698.png,65536,100.0,15,AEGIS-CD,AEGIS-CD,100.0,100.0,100.0,0,1,0.0,0.0,0.010751,True,100.0,primary_best_F1;has_change_gt;low_false_alarm_tendency,100.0,100.0,100.0,100.0,100.0,100.0,0,0,0,100.0,100.0,100.0,100.0,100.0,100.0,100.0,0,0,0,100.0,100.0,100.0,100.0,100.0,100.0,100.0,0,0,0,100.0,100.0,100.0,100.0,100.0,100.0,100.0,0,0,0,100.0,99.995422,99.990845,99.990845,0.0,100.0,99.990845,6,0,6,99.990845,100.0,100.0,100.0,100.0,100.0,100.0,0,0,0,100.0,100.0,100.0,100.0,100.0,100.0,100.0,0,0,0,100.0,100.0,100.0,100.0,100.0,100.0,100.0,0,0,0,100.0,100.0,100.0,100.0,100.0,100.0,100.0,0,0,0,100.0,100.0,100.0,100.0,100.0,100.0,100.0,0,0,0,100.0,100.0,100.0,100.0,100.0,100.0,100.0,0,0,0,100.0,100.0,100.0,100.0,100.0,100.0,100.0,0,0,0,100.0,100.0,100.0,100.0,100.0,100.0,100.0,0,0,0,100.0,100.0,100.0,100.0,100.0,100.0,100.0,0,0,0,100.0,99.854066,99.708557,99.708557,0.0,100.0,99.708557,191,0,191,99.708557
18246.png,65536,100.0,15,AEGIS-CD,AEGIS-CD,100.0,100.0,100.0,0,1,0.0,0.0,0.007473,True,100.0,primary_best_F1;has_change_gt;low_false_alarm_tendency,100.0,100.0,100.0,100.0,100.0,100.0,0,0,0,100.0,100.0,100.0,100.0,100.0,100.0,100.0,0,0,0,100.0,99.898426,99.797058,99.797058,0.0,100.0,99.797058,133,0,133,99.797058,100.0,100.0,100.0,100.0,100.0,100.0,0,0,0,100.0,99.996948,99.993896,99.993896,0.0,100.0,99.993896,4,0,4,99.993896,100.0,100.0,100.0,100.0,100.0,100.0,0,0,0,100.0,100.0,100.0,100.0,100.0,100.0,100.0,0,0,0,100.0,100.0,100.0,100.0,100.0,100.0,100.0,0,0,0,100.0,100.0,100.0,100.0,100.0,100.0,100.0,0,0,0,100.0,100.0,100.0,100.0,100.0,100.0,100.0,0,0,0,100.0,100.0,100.0,100.0,100.0,100.0,100.0,0,0,0,100.0,100.0,100.0,100.0,100.0,100.0,100.0,0,0,0,100.0,100.0,100.0,100.0,100.0,100.0,100.0,0,0,0,100.0,100.0,100.0,100.0,100.0,100.0,100.0,0,0,0,100.0,100.0,100.0,100.0,100.0,100.0,100.0,0,0,0,100.0
19217.png,65536,100.0,15,AEGIS-CD,AEGIS-CD,100.0,100.0,100.0,0,1,0.0,0.0,0.004415,True,100.0,primary_best_F1;has_change_gt;low_false_alarm_tendency,100.0,100.0,100.0,100.0,100.0,100.0,0,0,0,100.0,100.0,100.0,100.0,100.0,100.0,100.0,0,0,0,100.0,100.0,100.0,100.0,100.0,100.0,100.0,0,0,0,100.0,100.0,100.0,100.0,100.0,100.0,100.0,0,0,0,100.0,99.996948,99.993896,99.993896,0.0,100.0,99.993896,4,0,4,99.993896,100.0,100.0,100.0,100.0,100.0,100.0,0,0,0,100.0,100.0,100.0,100.0,100.0,100.0,100.0,0,0,0,100.0,100.0,100.0,100.0,100.0,100.0,100.0,0,0,0,100.0,100.0,100.0,100.0,100.0,100.0,100.0,0,0,0,100.0,100.0,100.0,100.0,100.0,100.0,100.0,0,0,0,100.0,100.0,100.0,100.0,100.0,100.0,100.0,0,0,0,100.0,99.969473,99.938965,99.938965,0.0,100.0,99.938965,40,0,40,99.938965,99.996948,99.993896,99.993896,0.0,100.0,99.993896,4,0,4,99.993896,100.0,100.0,100.0,100.0,100.0,100.0,0,0,0,100.0,99.974817,99.949646,99.949646,0.0,100.0,99.949646,33,0,33,99.949646
18236.png,65536,100.0,15,AEGIS-CD,AEGIS-CD,100.0,100.0,100.0,0,1,0.0,0.0,0.002508,True,100.0,primary_best_F1;has_change_gt;low_false_alarm_tendency,100.0,100.0,100.0,100.0,100.0,100.0,0,0,0,100.0,100.0,100.0,100.0,100.0,100.0,100.0,0,0,0,100.0,100.0,100.0,100.0,100.0,100.0,100.0,0,0,0,100.0,100.0,100.0,100.0,100.0,100.0,100.0,0,0,0,100.0,99.996948,99.993896,99.993896,0.0,100.0,99.993896,4,0,4,99.993896,100.0,100.0,100.0,100.0,100.0,100.0,0,0,0,100.0,100.0,100.0,100.0,100.0,100.0,100.0,0,0,0,100.0,100.0,100.0,100.0,100.0,100.0,100.0,0,0,0,100.0,100.0,100.0,100.0,100.0,100.0,100.0,0,0,0,100.0,100.0,100.0,100.0,100.0,100.0,100.0,0,0,0,100.0,100.0,100.0,100.0,100.0,100.0,100.0,0,0,0,100.0,99.967946,99.935913,99.935913,0.0,100.0,99.935913,42,0,42,99.935913,100.0,100.0,100.0,100.0,100.0,100.0,0,0,0,100.0,100.0,100.0,100.0,100.0,100.0,100.0,0,0,0,100.0,100.0,100.0,100.0,100.0,100.0,100.0,0,0,0,100.0
18696.png,65536,100.0,15,AEGIS-CD,AEGIS-CD,100.0,100.0,100.0,0,1,0.0,0.0,0.002017,True,100.0,primary_best_F1;has_change_gt;low_false_alarm_tendency,100.0,100.0,100.0,100.0,100.0,100.0,0,0,0,100.0,100.0,100.0,100.0,100.0,100.0,100.0,0,0,0,100.0,100.0,100.0,100.0,100.0,100.0,100.0,0,0,0,100.0,100.0,100.0,100.0,100.0,100.0,100.0,0,0,0,100.0,99.996948,99.993896,99.993896,0.0,100.0,99.993896,4,0,4,99.993896,99.974817,99.949646,99.949646,0.0,100.0,99.949646,33,0,33,99.949646,100.0,100.0,100.0,100.0,100.0,100.0,0,0,0,100.0,100.0,100.0,100.0,100.0,100.0,100.0,0,0,0,100.0,100.0,100.0,100.0,100.0,100.0,100.0,0,0,0,100.0,100.0,100.0,100.0,100.0,100.0,100.0,0,0,0,100.0,100.0,100.0,100.0,100.0,100.0,100.0,0,0,0,100.0,100.0,100.0,100.0,100.0,100.0,100.0,0,0,0,100.0,100.0,100.0,100.0,100.0,100.0,100.0,0,0,0,100.0,100.0,100.0,100.0,100.0,100.0,100.0,0,0,0,100.0,100.0,100.0,100.0,100.0,100.0,100.0,0,0,0,100.0
